accession	branch	go_term
A0A075B6T8	molecular_function	GO:0005515
A0A0B4K6F9	molecular_function	GO:0005515
A0A0B4KGP4	molecular_function	GO:0005515
A0A2R8Y4L2	molecular_function	GO:0019901
A0A4D6K4L3	molecular_function	GO:0016409
A0A4P1SA55	molecular_function	GO:0003844
A1Z707	molecular_function	GO:0004368
A1Z917	molecular_function	GO:0043565
A1Z9G9	molecular_function	GO:0005515
A1Z9M0	molecular_function	GO:0003723
A1ZB29	molecular_function	GO:0004798
A1ZBF1	molecular_function	GO:0008017
A4D256	molecular_function	GO:0004722
A6PVI3	molecular_function	GO:0000340
B2RC85	molecular_function	GO:0005515
B7Z0M0	molecular_function	GO:0005484
H3BS89	molecular_function	GO:0015075
M9PEU1	molecular_function	GO:0015171
O00591	molecular_function	GO:0016917
O60423	molecular_function	GO:0005515
O60676	molecular_function	GO:0005515
O60809	molecular_function	GO:1990756
O60928	molecular_function	GO:0005515
O76454	molecular_function	GO:0003713
O77263	molecular_function	GO:0005515
O97479	molecular_function	GO:0018455
P07316	molecular_function	GO:0005515
P0C7M7	molecular_function	GO:0005515
P0C7P4	molecular_function	GO:0008121
P0C881	molecular_function	GO:0005515
P0DN78	molecular_function	GO:0004930
P13130	molecular_function	GO:0004067
P20007	molecular_function	GO:0004613
P38239	molecular_function	GO:0043130
P38836	molecular_function	GO:0004181
P56746	molecular_function	GO:0005515
P57772	molecular_function	GO:0005515
Q00889	molecular_function	GO:0005515
Q05863	molecular_function	GO:0016149
Q075Z2	molecular_function	GO:0005515
Q0KHQ1	molecular_function	GO:0005515
Q0VAF6	molecular_function	GO:0042802
Q12322	molecular_function	GO:0004045
Q15034	molecular_function	GO:0044877
Q15617	molecular_function	GO:0005515
Q1LZ08	molecular_function	GO:0008017
Q24468	molecular_function	GO:0016362
Q495B1	molecular_function	GO:0005515
Q4AE62	molecular_function	GO:0005515
Q5TAH2	molecular_function	GO:0005515
Q5TEA6	molecular_function	GO:0005515
Q5VV63	molecular_function	GO:0005112
Q5VXM1	molecular_function	GO:0005515
Q5W0U4	molecular_function	GO:0005515
Q6B8I1	molecular_function	GO:0005515
Q6NUN0	molecular_function	GO:0004467
Q6P2I3	molecular_function	GO:0005515
Q6Q0C1	molecular_function	GO:0005515
Q6ZMD2	molecular_function	GO:0005515
Q7K5K9	molecular_function	GO:0005515
Q7KRU8	molecular_function	GO:0005506
Q7KTW9	molecular_function	GO:0004360
Q7L3T8	molecular_function	GO:0004827
Q7PLE6	molecular_function	GO:0004739
Q7Z3V4	molecular_function	GO:0031624
Q7Z6K3	molecular_function	GO:0004663
Q86SM8	molecular_function	GO:0004888
Q86TN4	molecular_function	GO:0000215
Q86UW8	molecular_function	GO:0005515
Q86VR8	molecular_function	GO:0004674
Q86VZ2	molecular_function	GO:0005515
Q86WS5	molecular_function	GO:0002020
Q8IN78	molecular_function	GO:0005515
Q8IQI5	molecular_function	GO:0008474
Q8IYQ7	molecular_function	GO:0004795
Q8N109	molecular_function	GO:0005515
Q8N413	molecular_function	GO:0005515
Q8NFV4	molecular_function	GO:0016453
Q8NHR9	molecular_function	GO:0003785
Q8NHS2	molecular_function	GO:0004069
Q8T3L6	molecular_function	GO:0004314
Q8TAX9	molecular_function	GO:0005515
Q8WU08	molecular_function	GO:0004674
Q8WUA8	molecular_function	GO:0005121
Q8WWU7	molecular_function	GO:0005509
Q8WYK1	molecular_function	GO:0019899
Q8WZA6	molecular_function	GO:0038023
Q96A19	molecular_function	GO:0120283
Q96A46	molecular_function	GO:0005515
Q96CX6	molecular_function	GO:0005515
Q96GE6	molecular_function	GO:0005509
Q96L15	molecular_function	GO:0106274
Q96P50	molecular_function	GO:0005515
Q99679	molecular_function	GO:0004930
Q9BYB4	molecular_function	GO:0005515
Q9H6V9	molecular_function	GO:0005515
Q9H8M1	molecular_function	GO:0048039
Q9H9S3	molecular_function	GO:0005262
Q9HA77	molecular_function	GO:0004817
Q9HAE3	molecular_function	GO:0005515
Q9I7X6	molecular_function	GO:0030735
Q9NQX6	molecular_function	GO:0005515
Q9NRD0	molecular_function	GO:0005085
Q9NVE5	molecular_function	GO:0004843
Q9NVE7	molecular_function	GO:0004594
Q9P283	molecular_function	GO:0004222
Q9UBK7	molecular_function	GO:0005515
Q9UI42	molecular_function	GO:0004181
Q9UKR8	molecular_function	GO:0003823
Q9V3Y4	molecular_function	GO:0005515
Q9V470	molecular_function	GO:0005515
Q9V4A0	molecular_function	GO:0022849
Q9V5P6	molecular_function	GO:0005515
Q9V9T5	molecular_function	GO:0004658
Q9V9X4	molecular_function	GO:0042802
Q9V9Z0	molecular_function	GO:0004479
Q9VAV2	molecular_function	GO:0000049
Q9VCH9	molecular_function	GO:0001671
Q9VD14	molecular_function	GO:0003723
Q9VDT1	molecular_function	GO:0070991
Q9VEC8	molecular_function	GO:0002020
Q9VEQ1	molecular_function	GO:0005515
Q9VF45	molecular_function	GO:0005515
Q9VFY6	molecular_function	GO:0005515
Q9VG33	molecular_function	GO:0050337
Q9VGT0	molecular_function	GO:0015020
Q9VGV8	molecular_function	GO:0005515
Q9VIT6	molecular_function	GO:0005515
Q9VJP1	molecular_function	GO:0005515
Q9VKC8	molecular_function	GO:0005515
Q9VKE6	molecular_function	GO:0004574
Q9VKE7	molecular_function	GO:0005515
Q9VKI8	molecular_function	GO:0016616
Q9VKJ0	molecular_function	GO:0004411
Q9VKM3	molecular_function	GO:0005515
Q9VL16	molecular_function	GO:0005515
Q9VLY0	molecular_function	GO:0005515
Q9VM25	molecular_function	GO:0048018
Q9VNC7	molecular_function	GO:0008511
Q9VQQ6	molecular_function	GO:0005515
Q9VR56	molecular_function	GO:0005515
Q9VSE8	molecular_function	GO:0042803
Q9VSM7	molecular_function	GO:0005515
Q9VSU6	molecular_function	GO:0004155
Q9VT31	molecular_function	GO:0003779
Q9VV76	molecular_function	GO:0005484
Q9VV77	molecular_function	GO:0005515
Q9VVL5	molecular_function	GO:0004721
Q9VVL7	molecular_function	GO:0008017
Q9VW10	molecular_function	GO:0005515
Q9VX11	molecular_function	GO:0004322
Q9VYI6	molecular_function	GO:0004672
Q9VZE6	molecular_function	GO:0003723
Q9W038	molecular_function	GO:0004383
Q9W0X0	molecular_function	GO:0001530
Q9W1G0	molecular_function	GO:0004801
Q9W1H9	molecular_function	GO:0005515
Q9W256	molecular_function	GO:0000978
Q9W2C9	molecular_function	GO:0004720
Q9W3U0	molecular_function	GO:0005515
Q9W3W9	molecular_function	GO:0005515
Q9W4F7	molecular_function	GO:0015019
Q9W5W7	molecular_function	GO:0030145
Q9XZ19	molecular_function	GO:0005515
Q9Y334	molecular_function	GO:0008270
Q9Y3B1	molecular_function	GO:0005515
Q9Y5E8	molecular_function	GO:0005515
Q9Y5G2	molecular_function	GO:0003723
Q9Y5H0	molecular_function	GO:0003723
A0A075B6T8	biological_process	GO:0006955
A0A0B4K6F9	biological_process	GO:0006914
A0A0B4KGP4	biological_process	GO:0007155
A0A2R8Y4L2	biological_process	GO:0006397
A0A4D6K4L3	biological_process	GO:0017157
A0A4P1SA55	biological_process	GO:0005978
A1Z707	biological_process	GO:0006127
A1Z9G9	biological_process	GO:0048522
A1Z9M0	biological_process	GO:0015698
A1ZA77	biological_process	GO:0006624
A1ZB29	biological_process	GO:0006233
A1ZBF1	biological_process	GO:0000022
A4D256	biological_process	GO:0007605
A6PVI3	biological_process	GO:0000184
B7Z0M0	biological_process	GO:0006914
H3BS89	biological_process	GO:0001934
M9PEU1	biological_process	GO:0003333
O00591	biological_process	GO:0007214
O60423	biological_process	GO:0034220
O60676	biological_process	GO:0001580
O60809	biological_process	GO:0043161
O60928	biological_process	GO:0006813
O76454	biological_process	GO:0045893
O77263	biological_process	GO:0036416
O97479	biological_process	GO:0006066
P07316	biological_process	GO:0007601
P0C7M7	biological_process	GO:0006805
P0C7P4	biological_process	GO:0006122
P0DN78	biological_process	GO:0007186
P13130	biological_process	GO:0006530
P20007	biological_process	GO:0006094
P38239	biological_process	GO:0051865
P38836	biological_process	GO:0007039
P56746	biological_process	GO:0043269
P57772	biological_process	GO:0048522
Q00889	biological_process	GO:0006952
Q05863	biological_process	GO:0070126
Q075Z2	biological_process	GO:0030970
Q0KHQ1	biological_process	GO:0000381
Q0VAF6	biological_process	GO:0007601
Q12322	biological_process	GO:0070126
Q15034	biological_process	GO:0016032
Q15617	biological_process	GO:0006355
Q1LZ08	biological_process	GO:0007015
Q24468	biological_process	GO:0000122
Q27377	biological_process	GO:0007552
Q495B1	biological_process	GO:0001503
Q4AE62	biological_process	GO:0006506
Q5TAH2	biological_process	GO:0006811
Q5TEA6	biological_process	GO:0030970
Q5VV63	biological_process	GO:0007219
Q5VXM1	biological_process	GO:0030216
Q5W0U4	biological_process	GO:0010604
Q6B8I1	biological_process	GO:0006470
Q6NUN0	biological_process	GO:0006805
Q6Q0C1	biological_process	GO:0089709
Q6ZMD2	biological_process	GO:0006869
Q7K5K9	biological_process	GO:0016319
Q7KRU8	biological_process	GO:0006879
Q7KTW9	biological_process	GO:0006048
Q7L3T8	biological_process	GO:0006433
Q7PLE6	biological_process	GO:0006086
Q7Z3V4	biological_process	GO:0006611
Q7Z6K3	biological_process	GO:0007423
Q86SM8	biological_process	GO:0007166
Q86TN4	biological_process	GO:0006388
Q86UW8	biological_process	GO:0006954
Q86VR8	biological_process	GO:0001737
Q86VZ2	biological_process	GO:0000723
Q86WS5	biological_process	GO:0007190
Q8IN78	biological_process	GO:0045039
Q8IQI5	biological_process	GO:0019953
Q8IRK1	biological_process	GO:0019953
Q8IYQ7	biological_process	GO:0009088
Q8MLP9	biological_process	GO:0007552
Q8N109	biological_process	GO:0002222
Q8N413	biological_process	GO:0089709
Q8N5C1	biological_process	GO:0043065
Q8NHR9	biological_process	GO:0046907
Q8NHS2	biological_process	GO:0006533
Q8T3L6	biological_process	GO:0006631
Q8TAX9	biological_process	GO:0042742
Q8WU08	biological_process	GO:0006468
Q8WUA8	biological_process	GO:0002807
Q8WWU7	biological_process	GO:0001934
Q8WYK1	biological_process	GO:0008283
Q8WZA6	biological_process	GO:0007606
Q96A19	biological_process	GO:0010457
Q96A46	biological_process	GO:0048250
Q96CX6	biological_process	GO:0030177
Q96GE6	biological_process	GO:0002027
Q96P50	biological_process	GO:0006888
Q99679	biological_process	GO:0009410
Q9BYB4	biological_process	GO:0140718
Q9H6V9	biological_process	GO:0010883
Q9H8M1	biological_process	GO:0006744
Q9H9S3	biological_process	GO:0006614
Q9HA77	biological_process	GO:0006423
Q9HAE3	biological_process	GO:0030431
Q9I7X6	biological_process	GO:0006548
Q9NQX6	biological_process	GO:0007010
Q9NVE5	biological_process	GO:0010636
Q9NVE7	biological_process	GO:0008204
Q9P283	biological_process	GO:0007229
Q9UBK7	biological_process	GO:0007390
Q9UI42	biological_process	GO:0007039
Q9UKR8	biological_process	GO:0065003
Q9V3Y4	biological_process	GO:0045040
Q9V470	biological_process	GO:0006099
Q9V4A0	biological_process	GO:0098703
Q9V5P6	biological_process	GO:0007004
Q9V9T5	biological_process	GO:0019626
Q9V9X4	biological_process	GO:0006446
Q9V9Z0	biological_process	GO:0071951
Q9VAV2	biological_process	GO:0032543
Q9VCH9	biological_process	GO:0016558
Q9VD14	biological_process	GO:0008284
Q9VDT1	biological_process	GO:0015980
Q9VEC8	biological_process	GO:0006914
Q9VEQ1	biological_process	GO:0045050
Q9VF45	biological_process	GO:0006811
Q9VGT0	biological_process	GO:0006789
Q9VGV8	biological_process	GO:0051716
Q9VJP1	biological_process	GO:0030150
Q9VKC8	biological_process	GO:0002218
Q9VKE6	biological_process	GO:0046352
Q9VKI8	biological_process	GO:0000122
Q9VKM3	biological_process	GO:0042776
Q9VL16	biological_process	GO:0000422
Q9VLY0	biological_process	GO:0042776
Q9VM25	biological_process	GO:0031069
Q9VNC7	biological_process	GO:0006813
Q9VQQ6	biological_process	GO:0042177
Q9VR56	biological_process	GO:0009987
Q9VSE8	biological_process	GO:0033320
Q9VSM7	biological_process	GO:0016319
Q9VSU6	biological_process	GO:0006520
Q9VT31	biological_process	GO:0030032
Q9VUK5	biological_process	GO:0050911
Q9VV76	biological_process	GO:0006886
Q9VV77	biological_process	GO:0000122
Q9VVL5	biological_process	GO:0006470
Q9VVL7	biological_process	GO:0006312
Q9VW10	biological_process	GO:0009987
Q9VX11	biological_process	GO:0055070
Q9VYI6	biological_process	GO:0006744
Q9VZE6	biological_process	GO:0000027
Q9W038	biological_process	GO:0007283
Q9W0E8	biological_process	GO:0006515
Q9W0X0	biological_process	GO:0090382
Q9W1G0	biological_process	GO:0006098
Q9W256	biological_process	GO:0000436
Q9W2C9	biological_process	GO:0000122
Q9W3U0	biological_process	GO:0006699
Q9W3W4	biological_process	GO:0006744
Q9W3W9	biological_process	GO:0008645
Q9W4F7	biological_process	GO:0007041
Q9W5W7	biological_process	GO:0003094
Q9XZ19	biological_process	GO:0006368
Q9Y334	biological_process	GO:0000070
Q9Y3B1	biological_process	GO:0015914
Q9Y5E8	biological_process	GO:0007268
Q9Y5G2	biological_process	GO:0007268
Q9Y5H0	biological_process	GO:0007268
A0A075B6T8	cellular_component	GO:0005886
A0A0B4K6F9	cellular_component	GO:0005886
A0A0B4KGP4	cellular_component	GO:0005886
A0A2R8Y4L2	cellular_component	GO:0005654
A0A4D6K4L3	cellular_component	GO:0005783
A0A4P1SA55	cellular_component	GO:0005829
A1Z707	cellular_component	GO:0005743
A1Z9G9	cellular_component	GO:0043231
A1Z9M0	cellular_component	GO:0005634
A1ZA77	cellular_component	GO:0005783
A1ZB29	cellular_component	GO:0005829
A1ZBF1	cellular_component	GO:0005875
A1ZBH3	cellular_component	GO:0000324
A4D256	cellular_component	GO:0005813
A6PVI3	cellular_component	GO:0005654
B7Z0M0	cellular_component	GO:0000139
H3BS89	cellular_component	GO:0110165
M9PEU1	cellular_component	GO:0005886
O00591	cellular_component	GO:0005886
O60423	cellular_component	GO:0005730
O60676	cellular_component	GO:0070062
O60809	cellular_component	GO:0031462
O60928	cellular_component	GO:0005886
O76454	cellular_component	GO:0005654
O77263	cellular_component	GO:0005654
O97479	cellular_component	GO:0005759
P0C7M7	cellular_component	GO:0005759
P0C7P4	cellular_component	GO:0005739
P0DN78	cellular_component	GO:0000139
P13130	cellular_component	GO:0005737
P20007	cellular_component	GO:0005759
P38239	cellular_component	GO:0005783
P38836	cellular_component	GO:0005886
P56746	cellular_component	GO:0005886
P57772	cellular_component	GO:0005829
Q00889	cellular_component	GO:0005576
Q05863	cellular_component	GO:0005739
Q075Z2	cellular_component	GO:0000839
Q0KHQ1	cellular_component	GO:0005829
Q12322	cellular_component	GO:0005654
Q15034	cellular_component	GO:0005829
Q15617	cellular_component	GO:0005886
Q1LZ08	cellular_component	GO:0030479
Q24468	cellular_component	GO:0005737
Q27377	cellular_component	GO:0005576
Q495B1	cellular_component	GO:0005576
Q4AE62	cellular_component	GO:0000506
Q5TAH2	cellular_component	GO:0005769
Q5TEA6	cellular_component	GO:0000839
Q5VV63	cellular_component	GO:0005886
Q5VXM1	cellular_component	GO:0016020
Q5W0U4	cellular_component	GO:0005737
Q6B8I1	cellular_component	GO:0005654
Q6NUN0	cellular_component	GO:0005739
Q6Q0C1	cellular_component	GO:0005743
Q6ZMD2	cellular_component	GO:0005765
Q7K5K9	cellular_component	GO:0016008
Q7KRU8	cellular_component	GO:0005634
Q7KTW9	cellular_component	GO:0005737
Q7L3T8	cellular_component	GO:0005739
Q7PLE6	cellular_component	GO:0005654
Q7Z3V4	cellular_component	GO:0005654
Q7Z6K3	cellular_component	GO:0005968
Q86SM8	cellular_component	GO:0009986
Q86TN4	cellular_component	GO:0005634
Q86UW8	cellular_component	GO:0005576
Q86VR8	cellular_component	GO:0005737
Q86VZ2	cellular_component	GO:0000922
Q86WS5	cellular_component	GO:0032991
Q8IN78	cellular_component	GO:0042721
Q8IQI5	cellular_component	GO:0005886
Q8IYQ7	cellular_component	GO:0005634
Q8N109	cellular_component	GO:0005886
Q8N413	cellular_component	GO:0005743
Q8NFV4	cellular_component	GO:0005739
Q8NHR9	cellular_component	GO:0005829
Q8NHS2	cellular_component	GO:0005634
Q8T3L6	cellular_component	GO:0005739
Q8TAX9	cellular_component	GO:0016020
Q8WU08	cellular_component	GO:0005654
Q8WUA8	cellular_component	GO:0005783
Q8WV74	cellular_component	GO:0005782
Q8WWU7	cellular_component	GO:0043235
Q8WYK1	cellular_component	GO:0005769
Q8WZA6	cellular_component	GO:0005886
Q96A19	cellular_component	GO:0005814
Q96A46	cellular_component	GO:0005743
Q96CX6	cellular_component	GO:0005886
Q96GE6	cellular_component	GO:0005813
Q96L15	cellular_component	GO:0005886
Q96P50	cellular_component	GO:0016020
Q96T52	cellular_component	GO:0005739
Q99679	cellular_component	GO:0005886
Q9BYB4	cellular_component	GO:0035098
Q9H6V9	cellular_component	GO:0005783
Q9H857	cellular_component	GO:0043235
Q9H8M1	cellular_component	GO:0005743
Q9H9S3	cellular_component	GO:0005789
Q9HA77	cellular_component	GO:0005737
Q9I7X6	cellular_component	GO:0005634
Q9NQX6	cellular_component	GO:0005634
Q9NRD0	cellular_component	GO:0000139
Q9NVE5	cellular_component	GO:0005737
Q9NVE7	cellular_component	GO:0005634
Q9P283	cellular_component	GO:0001527
Q9UBK7	cellular_component	GO:0005768
Q9UI42	cellular_component	GO:0005576
Q9UKR8	cellular_component	GO:0005886
Q9V3Y4	cellular_component	GO:0005634
Q9V470	cellular_component	GO:0005759
Q9V4A0	cellular_component	GO:0042734
Q9V5P6	cellular_component	GO:0031429
Q9V9T5	cellular_component	GO:0005759
Q9V9X4	cellular_component	GO:0001650
Q9VAV2	cellular_component	GO:0005634
Q9VCH9	cellular_component	GO:0005634
Q9VD14	cellular_component	GO:0005759
Q9VDT1	cellular_component	GO:0005739
Q9VEC8	cellular_component	GO:0005654
Q9VEQ1	cellular_component	GO:0042406
Q9VF45	cellular_component	GO:0005654
Q9VG33	cellular_component	GO:0005829
Q9VGT0	cellular_component	GO:0012505
Q9VGV8	cellular_component	GO:0005739
Q9VJP1	cellular_component	GO:0005744
Q9VKC8	cellular_component	GO:0005742
Q9VKE6	cellular_component	GO:0005739
Q9VKE7	cellular_component	GO:0005788
Q9VKI8	cellular_component	GO:0005700
Q9VKJ0	cellular_component	GO:0005829
Q9VKM3	cellular_component	GO:0005743
Q9VL16	cellular_component	GO:0005741
Q9VLY0	cellular_component	GO:0005743
Q9VM25	cellular_component	GO:0005576
Q9VNC7	cellular_component	GO:0005886
Q9VQQ6	cellular_component	GO:0005829
Q9VR56	cellular_component	GO:0098798
Q9VSE8	cellular_component	GO:0070062
Q9VSM7	cellular_component	GO:0016008
Q9VSU6	cellular_component	GO:0005829
Q9VT31	cellular_component	GO:0005737
Q9VV76	cellular_component	GO:0005801
Q9VV77	cellular_component	GO:0005829
Q9VVL5	cellular_component	GO:0005829
Q9VVL7	cellular_component	GO:0005737
Q9VW10	cellular_component	GO:0032991
Q9VX11	cellular_component	GO:0005576
Q9VYI6	cellular_component	GO:0005759
Q9VZE6	cellular_component	GO:0005694
Q9W038	cellular_component	GO:0008074
Q9W0E8	cellular_component	GO:0031462
Q9W0X0	cellular_component	GO:0005765
Q9W1G0	cellular_component	GO:0005634
Q9W256	cellular_component	GO:0016602
Q9W2C9	cellular_component	GO:0000785
Q9W3U0	cellular_component	GO:0005782
Q9W3W4	cellular_component	GO:0005743
Q9W3W9	cellular_component	GO:0005886
Q9W4F7	cellular_component	GO:0005765
Q9W5W7	cellular_component	GO:0005739
Q9XZ19	cellular_component	GO:0000791
Q9Y334	cellular_component	GO:0005654
Q9Y3B1	cellular_component	GO:0005758
Q9Y5E8	cellular_component	GO:0070062
Q9Y5G2	cellular_component	GO:0070062
Q9Y5H0	cellular_component	GO:0070062
