horizon,branch,n_scored,top1_precision,perm_p,cohort_size
2019-07-01,molecular_function,305,0.351,0.001,747
2019-07-01,biological_process,162,0.198,0.001,747
2019-07-01,cellular_component,206,0.345,0.001,747
2021-07-01,molecular_function,121,0.364,0.001,388
2021-07-01,biological_process,108,0.222,0.001,388
2021-07-01,cellular_component,129,0.372,0.001,388
2023-07-12,molecular_function,86,0.395,0.001,281
2023-07-12,biological_process,77,0.221,0.001,281
2023-07-12,cellular_component,97,0.392,0.001,281
