representative	size	n_dark	top_interpro	interpro_purity	n_annotated	disjoint_MF_pairs
Q8NGY7	193	141	IPR017452	0.99	22	16
Q9P296	157	19	IPR017452	0.82	125	3
A0A087WT02	151	107	IPR036179	1.00	2	0
A8JRA0	109	59	IPR009003	1.00	40	0
Q8TD20	96	27	IPR036259	0.94	58	0
P32004	91	15	IPR020894	0.45	46	7
Q8NBW4	75	19	IPR013057	0.26	46	22
Q9VHP4	73	30	IPR001128	1.00	36	0
Q8IMQ6	72	31	IPR004117	0.48	30	0
Q00532	70	4	IPR011009	1.00	66	4
Q9NSP4	67	5	IPR027417	1.00	57	9
Q92674	67	2	IPR016024	0.40	50	6
Q9VUP8	64	9	IPR015943	0.86	45	0
Q2M3D2	64	10	IPR036390	0.20	43	0
P41279	63	2	IPR011009	0.54	55	14
P43615	59	7	IPR027417	0.98	47	11
A1Z9M0	57	10	IPR023395	1.00	41	5
Q96SL1	57	19	IPR036259	0.86	33	0
Q96QV1	56	8	IPR015915	0.43	40	0
Q8TBB5	52	10	IPR013783	0.46	37	20
Q6ZUA9	46	9	IPR016024	0.54	29	0
Q9VAR2	44	34	IPR010512	0.80	6	0
Q6P3V2	43	21	IPR036236	1.00	18	0
Q9VDK7	43	10	IPR011990	0.55	23	0
Q9VLJ7	41	27	IPR002213	0.59	11	10
Q6NP91	37	10	IPR000175	0.43	22	5
Q9NRW7	37	22	IPR052192	0.78	10	14
P38699	36	4	IPR001138	0.22	28	25
Q05996	34	5	IPR015943	0.53	27	10
Q9VG46	34	11	IPR029058	1.00	20	8
P39518	33	10	IPR000873	1.00	18	0
Q53EL6	33	2	IPR000536	0.45	28	11
Q8NB14	32	0	IPR016024	0.62	25	9
Q9HCN3	32	1	IPR011009	0.72	29	12
Q8WXS4	32	6	IPR004031	0.75	26	10
Q8IV63	31	1	IPR011009	1.00	28	0
P19658	31	5	IPR016024	0.29	20	0
Q5JXA9	31	4	IPR013783	0.97	25	8
A0A1W2PR48	31	5	IPR036322	0.74	18	19
P07766	31	4	IPR013783	0.84	25	0
Q9VSU6	31	10	IPR036291	1.00	19	0
Q9VV41	30	1	IPR043129	1.00	24	16
P20484	30	5	IPR015943	0.60	20	0
P62152	29	8	IPR002048	0.97	18	20
Q15849	29	2	IPR008250	0.93	23	0
P33299	28	4	IPR027417	1.00	20	8
Q9VNH1	28	7	IPR029063	0.96	21	4
Q9VR25	28	4	IPR013783	0.93	19	0
Q9VEA2	28	1	IPR000547	0.32	20	0
Q9VK91	28	3	IPR017452	0.50	20	3
C0HL64	27	20	IPR000618	1.00	6	0
Q9VLV3	27	4	IPR042185	1.00	19	3
Q9VKJ8	27	8	IPR017853	1.00	18	16
P0CG30	26	4	IPR036282	1.00	22	0
Q08AI6	25	3	IPR037185	0.56	14	6
Q969K7	25	8	IPR008253	0.35	14	0
P21549	25	3	IPR015421	1.00	19	0
A1Z8L7	24	8	IPR016186	1.00	15	6
M9PF61	24	4	IPR023210	0.62	20	9
Q9NPQ8	23	1	IPR016024	0.78	18	10
P27701	23	6	IPR018499	0.96	15	0
Q9NRG7	23	6	IPR036291	1.00	12	10
Q9VIG6	23	3	IPR014729	0.22	18	5
Q9VT57	23	2	IPR000719	1.00	20	0
A8DY65	23	3	IPR015421	0.70	20	9
O60547	23	5	IPR036291	0.74	17	0
Q6NXP6	22	6	IPR017853	0.41	15	10
Q9H8M1	22	13	IPR038606	0.55	5	0
Q9BUU2	21	5	IPR029063	0.86	16	16
Q8NHK3	21	5	IPR036179	1.00	14	0
Q12059	21	1	IPR029044	0.48	19	0
Q9Y4X3	21	0	IPR036048	1.00	20	0
P23919	20	3	IPR027417	1.00	16	4
P11433	20	0	IPR001849	0.45	17	0
P53622	20	3	IPR015943	0.60	12	0
Q8IWY9	20	3	IPR001054	0.55	11	6
Q9VY04	20	5	IPR036188	1.00	10	9
P0C5Z0	19	1	IPR009072	1.00	16	9
Q9BVX2	19	4	IPR008983	0.26	12	0
Q04033	19	7	IPR000834	0.68	10	0
Q14683	19	0	IPR027417	0.84	17	15
Q969Y2	19	3	IPR027413	0.89	9	8
Q9UKU6	19	10	IPR027268	0.89	9	20
Q9W351	19	3	IPR015943	0.79	12	20
A0AQH0	19	1	IPR001353	1.00	17	0
Q12072	19	3	IPR003593	0.79	13	3
P08709	19	5	IPR001254	1.00	11	4
Q8IUZ0	18	2	IPR001611	1.00	8	0
Q8WV93	18	4	IPR027417	0.78	12	10
Q9W4W5	18	5	IPR006357	0.33	12	10
Q8TB96	18	2	IPR036322	0.56	14	0
Q96NG5	18	5	IPR036236	1.00	11	0
Q9GZP0	18	2	IPR029034	0.94	13	0
P00927	18	1	IPR041647	0.50	15	19
P38071	18	1	IPR036291	1.00	15	14
Q24472	18	2	IPR001033	0.22	14	0
Q6UWL2	18	2	IPR015943	0.50	13	0
A6NGN4	18	15	IPR032675	1.00	3	1
Q8IRD1	17	2	IPR027417	1.00	13	4
A8DYT7	17	12	IPR013818	1.00	4	0
Q5T6X5	17	2	IPR028082	0.94	13	6
Q96B02	17	4	IPR000608	1.00	12	1
M9PFU4	16	8	IPR032675	1.00	8	0
P23276	16	11	IPR000718	1.00	2	0
P32590	16	1	IPR029047	1.00	13	8
P58743	16	3	IPR011547	0.75	11	8
Q04062	16	1	IPR000717	0.81	14	0
P32364	16	1	IPR027640	0.56	15	25
Q9HCM9	16	3	IPR001870	1.00	13	4
Q96K78	16	1	IPR017981	0.94	15	4
O43264	15	2	IPR046362	0.20	10	0
Q49A17	15	1	IPR000772	1.00	13	0
Q6IA86	15	1	IPR015943	0.80	12	31
Q8T0Q4	15	2	IPR005024	0.73	13	10
Q14213	15	3	IPR013783	1.00	9	0
Q15019	15	0	IPR027417	0.93	14	0
Q9VII1	15	2	IPR045860	0.67	6	2
Q9W3L1	15	1	IPR016024	0.33	12	0
P54885	15	1	IPR016161	1.00	13	0
Q6UWM5	15	6	IPR035940	1.00	1	0
Q9VED6	15	2	IPR036525	1.00	9	15
Q9VLF6	15	5	IPR029063	0.87	9	6
P07347	15	5	IPR016181	1.00	9	4
Q9VA64	15	10	IPR011990	1.00	1	0
Q9VFA9	15	4	IPR038377	0.60	11	8
P0CF18	14	1	IPR001650	0.64	12	5
Q96FT7	14	5	IPR001873	1.00	8	3
Q9BR01	14	1	IPR027417	1.00	13	5
P10909	14	2	IPR050524	0.36	11	15
Q8TBR7	14	7	IPR002076	0.50	6	2
Q8NCM2	14	0	IPR001807	0.36	12	19
Q9H553	14	1	IPR037138	0.50	13	0
Q9VK14	14	2	IPR001353	1.00	11	0
P0C1H6	13	1	IPR009072	1.00	8	0
Q9BSA9	13	2	IPR004299	0.62	9	12
P53365	13	1	IPR032816	0.23	11	10
P53829	13	1	IPR011989	0.46	9	8
Q5SQN1	13	7	IPR011042	0.54	6	8
O15111	13	1	IPR011009	1.00	12	0
P01857	13	1	IPR013783	0.92	11	0
Q9VCR7	13	7	IPR053937	0.38	5	6
P38405	13	0	IPR011025	1.00	10	3
Q76MJ5	13	0	IPR000719	0.92	12	0
Q92914	13	0	IPR002209	0.85	11	8
A1Z991	12	2	IPR000566	0.58	8	0
P51689	12	0	IPR000917	1.00	11	0
Q96EF9	12	0	IPR036815	0.58	11	0
Q9BRJ2	12	4	IPR037231	0.75	8	0
Q9BSA4	12	1	IPR006990	0.27	8	11
Q9NFT7	12	2	IPR043129	1.00	10	5
Q14165	12	2	IPR013320	0.58	9	0
Q8NFV4	12	1	IPR029058	1.00	7	8
Q9W1G0	12	2	IPR013785	0.67	8	6
Q14566	12	0	IPR001208	1.00	12	0
Q9UKG1	12	0	IPR001849	0.67	12	15
Q9W4N5	12	5	IPR002018	1.00	7	0
A0A1W2PPE2	12	8	IPR009072	0.92	4	2
A1Z8I0	11	0	IPR011012	1.00	8	0
O75365	11	1	IPR029021	1.00	10	4
P46969	11	3	IPR013785	0.55	6	2
Q13190	11	1	IPR045242	0.36	10	8
Q8SXY6	11	2	IPR015720	1.00	7	6
Q8TCD5	11	2	IPR036412	1.00	8	0
Q0E8U4	11	2	IPR035994	0.91	7	1
Q9VW70	11	3	IPR002181	1.00	8	0
O15235	11	0	IPR012340	0.91	10	16
P36575	11	2	IPR014752	0.73	6	0
P83094	11	0	IPR003131	0.73	10	5
Q9VQL9	11	1	IPR029052	1.00	9	0
Q9VQT7	11	10	IPR036880	1.00	0	0
P41819	11	0	IPR029063	0.91	9	4
Q9VE49	11	4	IPR032675	0.82	2	0
A8DT49	11	11	IPR012932	0.33	0	0
P25385	11	1	IPR000727	0.55	8	6
Q7JVE7	11	3	IPR006603	0.40	5	5
Q8N1S5	11	5	IPR011701	0.45	5	3
O00160	10	1	IPR027417	0.70	7	2
Q07589	10	1	IPR008927	1.00	7	6
O15480	10	3	IPR037445	1.00	7	0
O15553	10	1	IPR001870	0.70	8	0
P05451	10	3	IPR001304	1.00	7	0
P12268	10	1	IPR036291	0.60	8	4
P38886	10	5	IPR027417	0.70	5	4
Q03942	10	3	IPR046341	1.00	6	5
Q8INY3	10	3	IPR002159	1.00	3	0
Q9GZT5	10	0	IPR043158	1.00	8	2
Q9H0R1	10	0	IPR028565	1.00	8	0
Q9H1Z9	10	1	IPR044878	0.50	6	6
Q14714	10	4	IPR007237	0.30	3	0
Q7KTF1	10	1	IPR050746	0.60	8	2
Q9VB76	10	6	IPR036398	1.00	4	0
A0A6M3QGH5	10	6	IPR026050	0.40	4	0
P31949	10	0	IPR013787	1.00	10	0
Q9Y282	10	3	IPR039542	0.50	7	6
E5RIL1	10	7	IPR000618	0.60	3	2
Q11203	10	0	IPR038578	1.00	10	0
Q99257	10	2	IPR012677	0.70	7	6
Q9HCL2	10	3	IPR011709	0.50	6	2
P55084	10	1	IPR016039	1.00	6	0
Q05871	10	3	IPR029045	1.00	5	2
Q6UW01	10	1	IPR001073	0.70	6	0
Q9VYB1	10	1	IPR011502	0.30	8	0
A6NC97	10	1	IPR029058	0.90	9	15
Q96JB5	10	3	IPR044880	0.56	5	3
Q9H4D0	10	1	IPR013783	0.80	7	2
Q9V931	10	7	IPR036728	1.00	1	0
Q9V9V4	10	6	IPR001251	1.00	3	0
Q9VG61	10	4	IPR000210	0.50	6	8
Q86BJ3	9	2	IPR027417	0.89	6	4
Q8IVF7	9	0	IPR011989	0.78	9	0
P38935	9	0	IPR014001	1.00	8	0
P27487	9	0	IPR001375	1.00	9	3
Q0E8U2	9	2	IPR050352	1.00	6	2
Q9NU02	9	2	IPR036770	1.00	7	0
Q9UKF5	9	0	IPR001762	1.00	9	3
Q9VUZ0	9	1	IPR013783	0.78	5	0
Q9W4B6	9	1	IPR008253	0.89	6	0
O14610	9	1	IPR001770	1.00	8	3
O75928	9	0	IPR011009	0.67	9	0
P0CX09	9	0	IPR036291	1.00	8	0
Q5W0U4	9	2	IPR013320	1.00	6	0
Q9NZI2	9	3	IPR002048	0.67	5	0
Q9V3E4	9	3	IPR029044	0.62	5	0
Q9VEK8	9	2	IPR032675	1.00	4	0
Q9VEM4	9	2	IPR039551	1.00	5	2
Q9Y6F1	9	0	IPR038765	0.67	9	0
O43822	9	3	IPR001611	1.00	5	0
Q5BJF6	9	1	IPR019323	0.22	7	0
Q9UJA9	9	5	IPR017850	1.00	3	1
Q9VKN8	9	0	IPR001594	1.00	3	0
Q9VKP7	9	2	IPR001461	1.00	4	0
A1Z8V7	8	1	IPR001594	0.50	7	8
M9PDX8	8	1	IPR000402	1.00	6	1
P43220	8	0	IPR017981	1.00	7	0
Q06510	8	1	IPR002123	0.50	7	0
Q06685	8	0	IPR011761	0.38	8	3
Q8IQI5	8	1	IPR029058	1.00	6	0
Q96GM1	8	1	IPR036938	0.62	5	0
Q9Y227	8	0	IPR000407	1.00	8	0
O15498	8	1	IPR011012	1.00	6	0
P46948	8	0	IPR027408	1.00	7	0
P46951	8	0	IPR011990	0.88	6	3
Q6NS38	8	2	IPR037151	0.38	5	0
Q8NFQ6	8	3	IPR017943	1.00	3	0
P28241	8	1	IPR024084	1.00	7	0
P53881	8	1	IPR011333	0.62	7	0
P53883	8	0	IPR036028	0.25	8	0
Q9BXA6	8	1	IPR000719	1.00	6	0
P32119	8	1	IPR036249	1.00	7	2
Q9Y2S7	8	3	IPR000008	0.50	4	3
P03962	8	0	IPR013785	0.50	8	2
P38147	8	0	IPR000719	1.00	8	2
P49448	8	0	IPR046346	0.88	6	0
P83972	8	5	IPR019799	1.00	1	0
Q00341	8	1	IPR036465	0.88	3	3
Q8N9B4	8	2	IPR036770	1.00	4	0
Q9VC06	8	3	IPR045090	0.75	5	0
Q9VR06	8	0	IPR029021	0.88	6	0
Q9VR51	8	6	IPR016181	1.00	2	0
Q9W0F0	8	3	IPR004942	0.75	4	0
Q9W122	8	0	IPR006026	1.00	7	2
Q04748	8	0	IPR049452	0.62	8	14
Q8MR62	8	3	IPR036249	1.00	5	6
Q8MSU3	8	0	IPR015621	0.62	8	5
O43813	8	3	IPR020464	0.50	5	0
P07806	8	0	IPR009080	1.00	7	0
Q8WZ82	8	1	IPR029058	1.00	5	0
Q9VKE7	8	3	IPR002350	1.00	3	0
A1Z8E9	7	2	IPR011990	1.00	2	0
M9PEP7	7	6	IPR002557	1.00	1	0
P43588	7	1	IPR037518	1.00	5	0
Q8WUX9	7	0	IPR027267	0.86	7	0
P11150	7	1	IPR000734	1.00	6	0
P11844	7	1	IPR050252	1.00	6	0
Q13568	7	0	IPR008984	1.00	7	0
Q14019	7	1	IPR002108	1.00	6	8
Q6NUT2	7	1	IPR018732	0.43	2	0
Q9H0R8	7	2	IPR004241	1.00	5	0
Q9VMQ5	7	1	IPR036188	1.00	5	0
Q9VN45	7	4	IPR004240	0.57	2	0
Q9W245	7	2	IPR036188	1.00	5	0
P27216	7	1	IPR018502	1.00	6	0
P29033	7	0	IPR017990	1.00	7	4
P40319	7	2	IPR002076	1.00	4	0
Q0E8G6	7	4	IPR015797	1.00	2	0
Q9BZG2	7	3	IPR029033	1.00	3	0
Q9NR34	7	1	IPR012341	1.00	5	0
Q9VJ90	7	0	IPR000719	1.00	6	0
A0A8I5KTY6	7	1	IPR036236	1.00	6	0
P10599	7	3	IPR036249	1.00	3	0
P01909	7	0	IPR007110	1.00	5	0
P02994	7	3	IPR027417	1.00	4	0
P20851	7	0	IPR006628	0.29	7	0
P38211	7	1	IPR004856	0.57	4	0
P49675	7	1	IPR010591	0.29	5	3
Q0P6D2	7	3	IPR011009	0.71	1	0
Q12040	7	0	IPR013078	1.00	4	0
Q86XE0	7	3	IPR001683	1.00	4	0
Q8N7P1	7	2	IPR001736	0.57	3	0
Q9VC57	7	1	IPR027417	1.00	6	0
Q9VCZ8	7	0	IPR009053	0.86	7	6
P55061	7	2	IPR006214	1.00	4	3
Q9Y536	7	2	IPR029000	1.00	3	1
O43913	7	0	IPR027417	1.00	7	0
O60762	7	2	IPR029044	0.86	5	2
P24863	7	1	IPR036915	0.71	6	0
P25167	7	1	IPR007121	1.00	5	0
P26378	7	0	IPR000504	0.86	7	0
P52911	7	0	IPR017853	1.00	6	4
P53295	7	3	IPR027417	1.00	2	0
Q02725	7	0	IPR000980	0.57	7	0
Q15283	7	0	IPR035892	0.71	7	7
Q6ZSI9	7	3	IPR038765	1.00	3	0
Q8N6M3	7	1	IPR036938	0.57	5	3
Q9H765	7	0	IPR002110	1.00	7	8
P09601	6	1	IPR038770	0.50	4	0
P36060	6	1	IPR017927	1.00	5	0
P43542	6	1	IPR001142	1.00	1	0
P43616	6	3	IPR002933	1.00	3	0
P62314	6	0	IPR001163	1.00	4	0
Q06505	6	0	IPR036282	0.40	4	0
Q06609	6	0	IPR016467	1.00	6	0
Q06682	6	1	IPR001012	1.00	5	0
Q08058	6	2	IPR023393	0.67	4	0
Q8IRR5	6	0	IPR036152	0.67	5	0
Q8WTQ1	6	4	IPR025933	0.50	2	1
Q96GC9	6	0	IPR002229	0.67	4	0
Q9I7J0	6	1	IPR036872	1.00	5	0
Q9W588	6	4	IPR007248	1.00	0	0
Q9Y221	6	2	IPR002478	1.00	4	0
A1ZAQ4	6	0	IPR011993	0.67	4	1
O15457	6	0	IPR027417	1.00	4	0
O75473	6	1	IPR000276	1.00	5	1
P13473	6	0	IPR048528	0.50	6	0
P17972	6	1	IPR003131	0.67	5	2
P39533	6	0	IPR018136	1.00	6	3
P46971	6	0	IPR016093	1.00	5	1
Q13561	6	0	IPR039008	0.83	6	0
Q30KQ1	6	4	IPR025933	0.83	2	0
Q49MI3	6	0	IPR050187	1.00	6	2
Q8NEK8	6	0	IPR024810	0.50	6	0
Q8NFZ4	6	0	IPR019819	0.83	4	0
Q96MK3	6	0	IPR024869	0.33	4	1
Q9GZS9	6	2	IPR027417	1.00	4	1
A0A0B4KFZ1	6	2	IPR000425	1.00	3	0
P14618	6	1	IPR040442	0.83	5	0
P14741	6	0	IPR000649	1.00	4	1
P26583	6	1	IPR036910	1.00	4	0
P40169	6	2	IPR009571	0.40	1	0
Q14651	6	0	IPR011992	1.00	5	0
Q5GAN4	6	1	IPR023412	1.00	5	0
Q7KN92	6	0	IPR029044	1.00	5	0
Q9NRE1	6	4	IPR006026	1.00	1	0
Q9UN19	6	1	IPR001849	0.67	5	0
Q9VHV9	6	3	IPR036928	1.00	3	0
Q9VUX8	6	6	IPR002557	1.00	0	0
Q9W3G8	6	3	IPR012349	1.00	3	0
Q9W452	6	4	IPR009003	1.00	2	0
A1Z6L1	6	0	IPR023614	1.00	5	0
P40560	6	1	IPR002110	1.00	3	0
Q9Y2R9	6	0	IPR036823	1.00	6	4
P04003	6	1	IPR000436	1.00	5	4
P20459	6	0	IPR024054	0.33	5	0
P22079	6	1	IPR037120	1.00	4	0
P38074	6	2	IPR029063	1.00	4	0
Q12198	6	1	IPR015421	1.00	5	0
Q24133	6	2	IPR008971	1.00	4	0
Q5VYY1	6	2	IPR036770	1.00	4	0
Q86SQ3	6	4	IPR017981	1.00	2	0
Q8N8Q8	6	0	IPR001708	0.33	5	3
Q99316	6	0	IPR036249	1.00	6	4
Q9BQL6	6	0	IPR035963	1.00	3	0
Q9HAU4	6	0	IPR000569	1.00	5	0
Q9NZW5	6	0	IPR001478	1.00	4	0
Q9P000	6	2	IPR017920	1.00	4	0
Q9VQ79	6	0	IPR023753	0.83	3	0
Q05473	6	1	IPR027417	0.83	4	0
Q9V3W6	6	0	IPR000990	0.83	4	3
Q9V4B8	6	1	IPR000742	1.00	5	2
Q9VKY4	6	2	IPR038765	1.00	4	0
Q9VTI5	6	3	IPR000362	1.00	3	0
Q9VXY3	6	0	IPR011053	1.00	4	0
A6XGL0	6	2	IPR013785	0.33	3	2
P24666	6	2	IPR036196	0.83	4	0
P38628	6	1	IPR016055	1.00	4	0
Q02870	6	0	IPR035490	0.67	6	2
Q16560	6	1	IPR000504	1.00	3	0
Q16619	6	0	IPR009079	1.00	6	0
Q70IA6	6	1	IPR036703	1.00	4	0
Q712K3	6	0	IPR016135	1.00	6	2
Q8N5C1	6	1	IPR029569	0.83	4	0
Q96I59	6	0	IPR004365	1.00	6	0
Q96KC8	6	1	IPR001005	0.67	3	0
Q96LU5	6	0	IPR036286	1.00	4	0
Q9NX24	6	0	IPR029064	1.00	5	2
Q9VWW1	6	2	IPR006680	1.00	4	2
A0A0B4K5Z8	5	0	IPR006896	1.00	4	0
A1Z6P3	5	0	IPR027328	1.00	5	0
A1Z875	5	5	IPR052295	1.00	0	0
M9PEV1	5	2	IPR036397	0.75	2	0
O95427	5	1	IPR017850	1.00	4	0
O95870	5	1	IPR029058	1.00	4	0
P35813	5	3	IPR015655	1.00	2	0
P62244	5	0	IPR000630	1.00	5	0
P62495	5	0	IPR005142	1.00	5	0
P62942	5	1	IPR046357	1.00	4	0
P80303	5	1	IPR034913	0.60	4	0
Q07955	5	0	IPR035979	1.00	4	0
Q7Z4G4	5	1	IPR029063	1.00	4	0
Q8IQ06	5	3	IPR002223	1.00	1	0
Q8IUB2	5	1	IPR008197	0.40	4	0
Q96CS4	5	3	IPR001909	1.00	2	0
Q96EQ0	5	1	IPR011990	1.00	4	0
Q9BVK8	5	1	IPR009294	0.60	3	0
Q9NIV2	5	2	IPR035991	1.00	3	0
P05014	5	1	IPR000471	1.00	4	0
P13060	5	1	IPR027417	1.00	2	0
P32898	5	0	IPR011249	1.00	4	3
P32970	5	0	IPR008983	1.00	5	0
P33333	5	2	IPR002123	1.00	3	0
P47144	5	2	IPR044880	0.40	1	0
Q04372	5	3	IPR038511	0.75	2	0
Q2VIQ3	5	0	IPR001752	1.00	4	0
Q8IPD8	5	5	IPR051217	1.00	0	0
Q8NFF5	5	0	IPR027417	0.80	3	0
Q96PB1	5	4	IPR002656	0.60	1	0
Q9VMC6	5	2	IPR006091	1.00	2	0
A0A0B4KEG0	5	1	IPR016064	1.00	4	0
Q08722	5	1	IPR003734	0.40	2	0
Q08881	5	0	IPR000719	1.00	5	0
Q5JU69	5	0	IPR027417	1.00	4	2
Q7L5D6	5	2	IPR011990	1.00	3	0
Q9BZL1	5	0	IPR029071	1.00	5	4
Q9NQR9	5	0	IPR036938	0.60	4	0
Q9NR97	5	1	IPR001611	1.00	3	0
Q9NV35	5	0	IPR000086	1.00	5	0
Q9VBG7	5	1	IPR001884	0.80	3	1
Q9VIT6	5	2	IPR006593	1.00	3	2
Q9VV77	5	0	IPR001841	0.40	3	0
Q9W333	5	3	IPR029159	0.50	2	0
Q9W395	5	1	IPR015943	0.60	2	0
Q9W3B3	5	3	IPR036108	0.80	2	0
Q9W3J5	5	0	IPR045864	1.00	5	1
P0CX11	5	0	IPR029017	1.00	4	0
P31116	5	0	IPR036291	1.00	4	2
P31323	5	0	IPR000595	0.60	5	0
P32383	5	0	IPR035892	1.00	5	3
Q9VXF6	5	2	IPR013320	0.80	3	3
Q9Y2B0	5	0	IPR021852	1.00	4	3
Q9Y2U2	5	1	IPR013099	1.00	4	0
Q9Y2Y1	5	2	IPR001222	1.00	2	0
Q9Y2Y6	5	0	IPR000245	0.60	5	4
Q9Y3B1	5	1	IPR006797	1.00	4	0
P02517	5	0	IPR008978	1.00	4	2
P04046	5	1	IPR029055	1.00	2	0
P04406	5	0	IPR036291	1.00	5	0
P36149	5	0	IPR007194	1.00	5	0
Q0JRZ9	5	0	IPR019522	0.40	4	0
Q86W25	5	1	IPR011029	1.00	4	0
Q86XS8	5	1	IPR046450	1.00	2	0
Q99735	5	1	IPR023352	1.00	4	0
Q99828	5	0	IPR002048	1.00	4	0
Q9H819	5	1	IPR036869	1.00	2	0
Q9VCK1	5	3	IPR004911	1.00	1	0
Q9VQR3	5	0	IPR027417	1.00	4	0
Q9VQU3	5	4	IPR013784	1.00	1	0
Q9W106	5	3	IPR009003	1.00	1	0
P54399	5	0	IPR013766	1.00	3	0
P55263	5	3	IPR029056	1.00	1	0
Q06252	5	2	IPR035810	1.00	1	0
Q9V3T9	5	1	IPR036188	1.00	3	0
Q9VLH9	5	1	IPR011682	1.00	4	3
Q9VYW6	5	0	IPR022764	0.80	5	4
Q9VZ55	5	1	IPR011709	1.00	4	0
Q9VZE9	5	3	IPR008389	1.00	2	0
Q9Y6K0	5	0	IPR014472	0.80	4	0
O60688	5	1	IPR039058	1.00	2	0
O60725	5	2	IPR001104	0.60	3	0
P07277	5	0	IPR014721	1.00	5	3
P07703	5	0	IPR011262	1.00	5	0
P38430	5	2	IPR032466	0.60	2	0
Q15256	5	0	IPR000719	0.60	5	0
Q8WZ79	5	1	IPR029069	0.60	4	0
Q92759	5	1	IPR055207	0.60	4	0
Q96J94	5	0	IPR003165	1.00	5	0
Q9H4A5	5	0	IPR038261	0.40	4	0
Q9VFB2	5	0	IPR027486	0.80	5	3
Q9VKF6	5	2	IPR026028	0.80	3	0
Q9VRV2	5	1	IPR003020	0.60	3	0
O95498	4	1	IPR040154	1.00	3	0
O95968	4	2	IPR016126	1.00	2	0
P09172	4	1	IPR036939	1.00	2	0
P09327	4	0	IPR007122	1.00	4	3
P23193	4	1	IPR001222	1.00	3	0
P36008	4	0	IPR036282	0.50	4	0
P49858	4	0	IPR003377	1.00	4	0
P50876	4	1	IPR013083	0.50	3	0
P50882	4	1	IPR036789	0.50	3	2
P51854	4	1	IPR009014	1.00	2	0
P62987	4	0	IPR019956	1.00	4	0
P63165	4	0	IPR029071	1.00	2	0
P69892	4	0	IPR000971	1.00	4	0
Q06592	4	0	IPR016181	1.00	4	0
Q7Z3Z0	4	1	IPR039008	0.75	3	0
Q7Z4R8	4	1	IPR008979	0.50	2	0
Q8IR95	4	3	IPR029277	1.00	0	0
Q8IUF8	4	0	IPR005123	0.75	4	0
Q8IVD9	4	1	IPR008978	1.00	3	0
Q8WUN7	4	1	IPR029071	1.00	3	0
Q96CX6	4	3	IPR001611	1.00	1	0
Q96EP0	4	3	IPR013087	0.75	1	0
Q9BUL9	4	1	IPR036882	1.00	3	0
Q9Y240	4	0	IPR001304	1.00	4	0
Q9Y265	4	0	IPR027238	1.00	4	0
A1ZA77	4	1	IPR008506	0.50	2	0
A1ZBR8	4	4	IPR006631	1.00	0	0
O16130	4	0	IPR000077	1.00	4	1
O43395	4	1	IPR027104	0.50	1	0
O43482	4	2	IPR011057	0.75	2	0
O75342	4	0	IPR036226	1.00	4	0
P06865	4	0	IPR015883	1.00	4	0
P11412	4	1	IPR036291	1.00	3	0
P17050	4	0	IPR017853	1.00	4	0
P17719	4	0	IPR012259	1.00	4	0
P18074	4	1	IPR045028	1.00	2	0
P32776	4	1	IPR005607	0.75	2	0
P39012	4	0	IPR027094	0.50	4	2
P39515	4	1	IPR005678	1.00	2	0
P46957	4	0	IPR007185	1.00	3	0
P46976	4	0	IPR029044	1.00	4	0
P46988	4	1	IPR002777	1.00	2	0
P46989	4	0	IPR009011	0.75	4	3
P47712	4	0	IPR016035	1.00	4	0
Q6IA17	4	0	IPR015621	0.25	3	0
Q8ING0	4	2	IPR001314	1.00	0	0
Q8TD19	4	1	IPR000719	0.50	2	0
Q9C0D3	4	0	IPR032675	1.00	4	3
Q9H299	4	1	IPR036249	1.00	2	0
Q9VMD2	4	2	IPR008521	0.75	2	0
Q9VME7	4	4	IPR002181	1.00	0	0
Q9VMR8	4	0	IPR010825	1.00	0	0
Q9VMR9	4	1	IPR001792	0.75	3	2
Q9W2G5	4	1	IPR002893	0.33	2	0
A0A0B4K7K5	4	4	-	0.00	0	0
A0A0B4LGH8	4	1	IPR000648	1.00	3	0
A0A0S0WGR0	4	3	IPR007248	0.50	0	0
A8MUM7	4	1	IPR013320	1.00	3	0
A8QI13	4	1	IPR000504	0.75	2	0
P01037	4	0	IPR000010	1.00	3	0
P15498	4	1	IPR036028	1.00	3	0
P26842	4	0	IPR001368	1.00	4	0
P28838	4	0	IPR000819	1.00	1	0
P29597	4	0	IPR000719	1.00	4	0
P30044	4	0	IPR036249	1.00	4	0
P53728	4	0	IPR029000	0.75	3	0
P53875	4	0	IPR036769	1.00	4	0
Q08209	4	0	IPR043360	1.00	4	0
Q08496	4	0	IPR011990	0.75	4	0
Q08J23	4	0	IPR029063	1.00	4	0
Q15116	4	1	IPR007110	0.50	2	0
Q5T0N1	4	1	IPR019734	0.50	2	0
Q5T9A4	4	1	IPR003593	0.25	2	0
Q5TA45	4	0	IPR022712	1.00	4	0
Q7KTX7	4	0	IPR029071	1.00	4	0
Q969Z0	4	1	IPR013584	1.00	2	0
Q9BXM9	4	1	IPR013320	0.50	3	0
Q9NSN8	4	0	IPR001478	1.00	3	0
Q9ULW3	4	1	IPR040637	0.75	3	0
Q9UMW8	4	0	IPR038765	1.00	4	0
Q9VBC2	4	4	IPR036508	1.00	0	0
Q9VI58	4	0	IPR054708	0.50	4	1
Q9VNP8	4	0	IPR036465	1.00	3	0
Q9VQ01	4	3	IPR006439	1.00	1	0
Q9VUW4	4	1	IPR000760	1.00	3	0
Q9W2V7	4	0	IPR021151	1.00	3	0
O14829	4	1	IPR029052	1.00	3	0
O94898	4	0	IPR001611	0.75	4	0
P0CX50	4	0	IPR000039	1.00	4	0
P41220	4	0	IPR016137	1.00	4	0
Q9VXQ0	4	0	IPR000597	1.00	4	2
E1JIB1	4	3	IPR031720	0.50	1	0
M9ND39	4	3	IPR011333	1.00	1	0
P02743	4	1	IPR013320	1.00	3	0
P02792	4	0	IPR008331	1.00	3	0
P02828	4	0	IPR001404	1.00	3	0
P36147	4	0	IPR039175	0.50	2	0
P38234	4	0	IPR005025	0.50	4	1
P48728	4	1	IPR027266	1.00	3	2
P49590	4	0	IPR045864	1.00	3	0
P49662	4	0	IPR029030	1.00	3	0
P86397	4	2	IPR029069	0.75	2	1
Q00169	4	1	IPR055261	1.00	2	0
Q10981	4	0	IPR002516	0.50	4	2
Q12168	4	1	IPR027268	0.75	3	0
Q12207	4	3	IPR008253	0.50	0	0
Q16828	4	0	IPR029021	1.00	4	0
Q17RP2	4	0	IPR004875	1.00	2	0
Q68D91	4	2	IPR036866	1.00	2	0
Q86TL0	4	0	IPR038765	1.00	4	0
Q86XE3	4	0	IPR018247	1.00	4	1
Q8NBL1	4	0	IPR051091	0.50	4	0
Q96T66	4	0	IPR045094	0.75	3	0
Q9H8W4	4	0	IPR011993	1.00	3	0
Q9P2K9	4	0	IPR053958	1.00	1	0
Q9VHG4	4	0	IPR057318	0.50	3	2
Q9VQD8	4	0	IPR006789	1.00	4	0
Q9VRJ3	4	0	IPR036282	0.75	3	2
Q9VZW1	4	0	IPR005552	0.50	2	0
Q9W0E2	4	1	IPR001932	1.00	2	0
P54284	4	0	IPR027417	1.00	3	2
P56470	4	1	IPR013320	1.00	3	0
Q04751	4	0	IPR016181	1.00	4	0
Q06406	4	0	IPR010920	1.00	4	0
Q6UB28	4	1	IPR002467	1.00	3	0
Q8IYQ7	4	0	IPR036052	0.50	3	0
Q8MMD0	4	1	IPR007262	1.00	3	0
Q9UP52	4	0	IPR046450	1.00	3	0
Q9V444	4	0	IPR009072	1.00	4	0
Q9VL89	4	1	IPR000994	0.75	3	1
Q9VTQ3	4	1	IPR033192	0.25	2	0
Q9VTZ2	4	1	IPR012340	1.00	3	0
Q9VU70	4	2	IPR011990	1.00	1	0
Q9VY83	4	3	IPR008183	1.00	0	0
Q9VYB7	4	0	IPR027417	1.00	4	0
Q9VZE4	4	1	IPR000504	1.00	3	0
Q9Y5S8	4	0	IPR013130	1.00	4	0
Q9Y6I8	4	1	IPR055299	0.67	2	0
O60603	4	0	IPR001611	1.00	4	0
P08582	4	0	IPR018195	1.00	3	0
P24868	4	0	IPR000435	0.75	4	0
P25335	4	1	IPR011051	0.75	3	0
P25559	4	0	IPR019128	0.50	4	0
P38753	4	0	IPR008942	0.50	4	0
P52757	4	1	IPR000980	0.50	3	0
P53187	4	1	IPR036388	0.50	3	0
Q12396	4	0	IPR051136	1.00	3	0
Q12461	4	1	IPR043170	1.00	3	0
Q12690	4	0	IPR018256	1.00	4	0
Q5D0E6	4	0	IPR009080	1.00	3	1
Q70PY2	4	0	IPR015510	1.00	2	1
Q8N339	4	0	IPR023587	1.00	4	0
Q92832	4	0	IPR009030	0.75	3	0
Q96JP0	4	3	IPR036770	1.00	1	0
Q9H324	4	1	IPR000884	1.00	3	0
Q9NVG8	4	1	IPR000195	1.00	3	0
Q9NWW9	4	0	IPR051496	1.00	4	0
Q9VAC1	4	0	IPR037171	1.00	3	0
Q9VF59	4	1	IPR002733	0.50	0	0
Q9VFE0	4	0	IPR023674	1.00	4	0
Q9VFF0	4	0	IPR050361	1.00	3	0
Q9VG15	4	2	IPR051221	0.50	2	0
Q9VKB0	4	0	IPR045864	1.00	4	2
Q9VRY0	4	0	IPR023398	1.00	3	0
Q9VSP9	4	3	IPR035984	1.00	1	0
Q9VT29	4	1	IPR004843	1.00	2	0
Q9VWX7	4	1	IPR011598	1.00	3	0
Q9VX24	4	1	IPR000719	1.00	3	0
Q9VX97	4	2	IPR027417	1.00	1	0
A0A0B4JCY9	3	2	IPR012624	0.50	0	0
A1Z6N4	3	0	IPR002129	1.00	3	0
A1Z9G9	3	0	IPR007852	0.33	2	1
M9PFN0	3	0	IPR004274	1.00	3	1
M9PI37	3	0	IPR018491	1.00	3	0
O00764	3	1	IPR029056	1.00	1	0
O95476	3	1	IPR004274	1.00	2	0
P09936	3	0	IPR036959	1.00	3	0
P0CG33	3	2	IPR024858	0.67	1	0
P0CG47	3	0	IPR007239	0.67	3	0
P23248	3	0	IPR018281	1.00	2	0
P23560	3	0	IPR020408	1.00	3	0
P35236	3	0	IPR016130	0.67	2	0
P35443	3	0	IPR000742	1.00	3	0
P42938	3	0	IPR027417	1.00	3	1
P43593	3	0	IPR038765	1.00	3	0
P43639	3	0	IPR035991	1.00	3	0
P46020	3	1	IPR045583	1.00	2	1
P62273	3	0	IPR043140	1.00	3	0
P78385	3	0	IPR018039	1.00	3	0
Q07451	3	0	IPR040463	1.00	0	0
Q86BH3	3	1	IPR002745	1.00	2	0
Q86SG6	3	0	IPR000719	0.33	1	0
Q8IRP6	3	1	IPR036869	1.00	2	0
Q8IRR0	3	0	IPR001199	1.00	1	0
Q8IUB3	3	1	IPR008197	1.00	2	0
Q8IUX4	3	0	IPR016192	1.00	3	0
Q8TET4	3	1	IPR000322	1.00	2	0
Q8WVH0	3	1	IPR008849	0.67	2	0
Q96DY2	3	0	IPR036122	0.67	2	0
Q96EN9	3	0	IPR009078	0.67	3	2
Q96FZ7	3	0	IPR005024	1.00	2	0
Q96G75	3	0	IPR006594	1.00	2	0
Q96GK7	3	1	IPR051121	1.00	2	0
Q9BRI3	3	0	IPR027469	1.00	3	0
Q9BUE0	3	0	IPR019095	0.67	3	0
Q9W5N2	3	0	IPR002675	1.00	3	0
Q9XYR0	3	0	IPR008974	1.00	3	0
A1ZA28	3	1	IPR007529	1.00	2	0
A1ZBI7	3	2	IPR000246	1.00	1	0
A2RUC4	3	0	IPR041667	1.00	3	0
O16129	3	0	IPR045864	1.00	3	0
O43464	3	0	IPR001478	1.00	3	0
O75223	3	0	IPR036568	1.00	3	0
O75390	3	0	IPR016143	1.00	3	0
O75570	3	0	IPR045853	1.00	3	0
P04626	3	0	IPR000719	1.00	3	0
P06744	3	1	IPR035476	0.33	2	0
P06785	3	1	IPR020940	1.00	2	0
P10834	3	0	IPR035979	0.67	3	0
P10963	3	0	IPR008210	1.00	2	0
P13010	3	0	IPR006164	1.00	2	0
P13646	3	0	IPR018039	1.00	3	0
P18031	3	0	IPR016130	1.00	3	0
P18562	3	0	IPR000836	1.00	3	0
P32580	3	0	IPR001650	1.00	2	0
P32606	3	0	IPR013943	0.33	2	0
P32899	3	0	IPR002942	1.00	3	1
P39102	3	0	IPR008971	1.00	3	2
P39722	3	0	IPR027417	1.00	3	0
P46777	3	0	IPR057268	1.00	3	0
P46943	3	1	IPR000795	1.00	2	0
P47173	3	1	IPR000086	1.00	2	0
Q03798	3	0	IPR007356	0.67	2	0
Q13158	3	0	IPR011029	1.00	3	0
Q13185	3	0	IPR051219	1.00	3	0
Q2PDX2	3	1	IPR018607	1.00	2	0
Q3MIR4	3	1	IPR005045	1.00	2	0
Q6P589	3	0	IPR008477	1.00	3	0
Q8IMV0	3	1	IPR018022	1.00	2	0
Q8INX6	3	2	IPR031734	1.00	1	0
Q8INZ7	3	2	IPR005336	1.00	1	0
Q8NFZ5	3	0	IPR022008	0.33	3	0
Q8TBY0	3	0	IPR000504	0.67	2	0
Q8TBY9	3	0	IPR015943	0.67	2	0
Q8TCT8	3	0	IPR016574	0.67	2	0
Q8TE02	3	0	IPR019519	0.67	3	0
Q96NB2	3	0	IPR004686	1.00	3	2
Q96QA5	3	0	IPR041263	1.00	1	0
Q96SU4	3	0	IPR037239	1.00	3	0
Q9GYV5	3	1	IPR034735	0.67	2	0
Q9GZP9	3	0	IPR035952	1.00	2	0
Q9GZX9	3	0	IPR006761	1.00	3	0
Q9H0W7	3	0	IPR006612	1.00	2	0
Q9VMW7	3	2	IPR029001	1.00	1	0
Q9VNE1	3	0	IPR045091	1.00	3	0
Q9W173	3	0	IPR029033	1.00	2	0
Q9W2M0	3	0	IPR003914	0.67	3	0
A0A0B4K780	3	1	IPR013083	1.00	2	0
A0A0B4KG57	3	3	IPR036058	1.00	0	0
A0A0B4KHR2	3	1	IPR013083	0.67	2	1
A0A126GV02	3	3	IPR007588	1.00	0	0
P00558	3	1	IPR036043	1.00	2	0
P14543	3	0	IPR003886	1.00	3	2
P14555	3	1	IPR016090	1.00	2	0
P14682	3	1	IPR000608	1.00	2	0
P14743	3	0	IPR016181	1.00	3	0
P14906	3	0	IPR036869	1.00	2	0
P15529	3	0	IPR000436	1.00	3	0
P15531	3	1	IPR023005	1.00	2	0
P15873	3	1	IPR022649	0.67	2	0
P26785	3	0	IPR005755	1.00	3	0
P28239	3	0	IPR008162	1.00	3	0
P29279	3	0	IPR006208	1.00	3	0
P29413	3	0	IPR009033	1.00	1	0
P53343	3	1	IPR050788	1.00	0	0
P53632	3	1	IPR045862	0.33	2	0
P53746	3	0	IPR013130	1.00	2	0
P53933	3	0	IPR063302	0.67	3	0
P53972	3	0	IPR029063	1.00	3	2
Q08235	3	0	IPR007109	1.00	3	0
Q08409	3	0	IPR003593	1.00	3	1
Q14257	3	0	IPR002048	1.00	3	0
Q5PSV4	3	0	IPR013907	1.00	2	0
Q5T5M9	3	1	IPR036915	1.00	2	1
Q7KNF2	3	0	IPR000504	1.00	3	0
Q7KPA5	3	0	IPR036078	1.00	2	0
Q7KT06	3	0	IPR000719	1.00	3	0
Q7KUE6	3	1	IPR063275	1.00	0	0
Q7L5A8	3	0	IPR036400	1.00	3	0
Q7LG56	3	1	IPR012348	1.00	2	0
Q8NHQ9	3	0	IPR027417	1.00	3	0
Q969Q1	3	0	IPR001841	1.00	3	0
Q96BY2	3	0	IPR026523	1.00	3	0
Q96C86	3	1	IPR036265	1.00	2	0
Q9BZK3	3	2	IPR016641	1.00	1	0
Q9NQR4	3	1	IPR045254	1.00	2	0
Q9UMY4	3	0	IPR051074	1.00	3	0
Q9VAM9	3	0	IPR003607	1.00	3	2
Q9VB20	3	0	IPR000742	1.00	3	0
Q9VBY5	3	3	IPR059039	0.50	0	0
Q9VHR7	3	2	IPR043597	1.00	1	0
Q9VI64	3	2	IPR005322	1.00	1	0
Q9VIV6	3	2	IPR015797	1.00	1	0
Q9VIX9	3	2	IPR019399	1.00	1	0
Q9VJ61	3	1	IPR036457	1.00	2	0
Q9VPB1	3	2	IPR007311	0.67	0	0
Q9VPD2	3	0	IPR019591	1.00	3	0
Q9VQ29	3	0	IPR004192	1.00	1	0
Q9VW14	3	1	IPR013123	0.67	1	0
Q9W3I7	3	1	IPR041400	0.33	1	0
Q9W4K8	3	1	IPR029043	1.00	0	0
A0A2R8Y4Y8	3	2	IPR033222	1.00	1	0
A0A6I8WFJ4	3	0	IPR029034	1.00	3	0
A0FGR9	3	0	IPR031468	1.00	3	0
O14558	3	0	IPR008978	1.00	3	0
O15305	3	0	IPR006379	1.00	2	0
O75845	3	0	IPR006694	1.00	3	0
O76908	3	0	IPR007590	0.67	2	0
P0CX40	3	0	IPR018283	1.00	3	0
P0CX41	3	0	IPR036853	1.00	3	0
P0CX83	3	0	IPR035970	1.00	3	0
P0DP57	3	0	IPR016054	1.00	2	0
P10323	3	1	IPR018114	1.00	2	0
P31379	3	0	IPR052786	1.00	0	0
P32418	3	1	IPR018456	0.67	2	0
P40850	3	0	IPR029060	1.00	2	0
P40990	3	1	IPR011990	0.33	0	0
P41439	3	0	IPR004269	1.00	3	0
P41594	3	0	IPR001828	0.67	3	0
Q9VXF9	3	0	IPR057273	1.00	3	0
Q9VXQ1	3	3	IPR031750	1.00	0	0
Q9Y2Q9	3	0	IPR019375	0.67	3	0
Q9Y3D6	3	0	IPR011990	1.00	2	0
E1JHF8	3	2	IPR036880	1.00	0	0
E1JHP6	3	3	IPR032145	1.00	0	0
E7ERA6	3	2	IPR017907	0.33	0	0
P04053	3	0	IPR029398	1.00	3	0
P21964	3	0	IPR029063	0.67	3	0
P36134	3	1	IPR052102	1.00	1	0
P37193	3	0	IPR001055	1.00	2	0
P38148	3	0	IPR016130	1.00	3	0
P38157	3	1	IPR001138	1.00	1	0
P49589	3	0	IPR009080	0.67	3	0
P49619	3	0	IPR037607	1.00	3	0
P49767	3	0	IPR000072	0.33	2	0
Q00637	3	0	IPR036324	1.00	2	1
Q0E910	3	1	IPR035437	1.00	1	0
Q11130	3	0	IPR038577	1.00	3	0
Q12000	3	1	IPR000571	1.00	2	0
Q12045	3	0	IPR031852	0.67	3	1
Q12178	3	0	IPR016192	1.00	3	0
Q16851	3	0	IPR002618	1.00	3	0
Q16853	3	0	IPR049947	0.67	2	0
Q24185	3	0	IPR043936	1.00	3	0
Q24388	3	1	IPR037020	1.00	2	1
Q24492	3	0	IPR004365	1.00	3	0
Q27241	3	2	IPR003475	1.00	0	0
Q5VST6	3	1	IPR029058	1.00	2	0
Q5VZ03	3	1	IPR036249	1.00	2	0
Q68CP4	3	0	IPR012429	0.67	2	1
Q86UV7	3	1	IPR017907	1.00	2	0
Q86VE9	3	0	IPR005016	0.67	3	2
Q86WA8	3	0	IPR003593	1.00	3	0
Q86X60	3	2	IPR026768	1.00	1	0
Q8N6M8	3	0	IPR013805	0.67	2	0
Q8N7M0	3	0	IPR036164	0.67	3	2
Q8N9B8	3	0	IPR001895	1.00	3	0
Q8N9I5	3	2	IPR005804	1.00	1	0
Q8NB46	3	0	IPR036770	1.00	3	0
Q8NCR0	3	2	IPR003378	0.67	1	0
Q96T60	3	1	IPR006550	0.67	2	0
Q9BPZ2	3	0	IPR003671	1.00	3	0
Q9H8S5	3	1	IPR036915	1.00	1	0
Q9H9S3	3	0	IPR019561	1.00	3	0
Q9H9S4	3	0	IPR011989	1.00	3	0
Q9HB15	3	1	IPR003280	0.67	2	0
Q9HBI1	3	0	IPR028433	1.00	3	0
Q9P035	3	1	IPR008978	1.00	2	0
Q9P0J7	3	0	IPR000433	1.00	3	0
Q9P2N2	3	0	IPR000198	1.00	3	0
Q9UBM7	3	0	IPR018083	1.00	3	0
Q9VCJ6	3	1	IPR051291	1.00	2	0
Q9VCU7	3	0	IPR027417	0.67	2	0
Q9VRF3	3	0	IPR029071	1.00	3	0
Q9VZL8	3	1	IPR031720	0.50	1	0
Q9W0I7	3	0	IPR021151	1.00	3	0
P41805	3	0	IPR016180	1.00	2	0
P55212	3	0	IPR029030	1.00	3	0
P56381	3	1	IPR036742	1.00	2	0
Q04902	3	0	IPR029062	1.00	1	0
Q06278	3	0	IPR016169	1.00	3	0
Q6UW60	3	0	IPR002884	1.00	3	0
Q6UWN5	3	1	IPR045860	1.00	1	0
Q6UXP7	3	0	IPR030395	0.67	3	1
Q8IWT6	3	1	IPR001611	1.00	2	0
Q8MZC4	3	0	IPR012926	0.67	2	1
Q9V3H8	3	0	IPR045875	1.00	3	0
Q9V470	3	0	IPR005809	1.00	3	0
Q9VEM1	3	1	IPR005122	1.00	2	0
Q9VET3	3	2	IPR023476	1.00	1	0
Q9VL07	3	1	IPR046941	0.33	1	0
Q9VL18	3	1	IPR001326	0.33	1	0
Q9VL58	3	2	IPR036770	0.67	1	0
Q9VUE3	3	3	IPR013083	1.00	0	0
Q9VUN2	3	1	IPR000504	1.00	2	0
Q9VYR0	3	1	IPR047575	1.00	1	0
Q9VZF0	3	1	IPR036236	1.00	1	0
Q9Y5J7	3	0	IPR004217	1.00	3	0
Q9Y5Y6	3	1	IPR018114	1.00	2	0
A6NI61	3	0	IPR008901	0.67	2	0
O43812	3	1	IPR000047	1.00	2	0
O44081	3	0	IPR012960	1.00	2	0
O60477	3	1	IPR020864	0.67	2	1
O60675	3	0	IPR004827	1.00	3	0
P07266	3	0	IPR015242	0.67	3	2
P07274	3	0	IPR048278	1.00	2	0
P25443	3	0	IPR005711	1.00	3	0
P25631	3	1	IPR036770	1.00	2	1
P25642	3	0	IPR007740	1.00	3	2
P26263	3	0	IPR011766	1.00	3	0
P38711	3	0	IPR000592	1.00	3	2
P38756	3	0	IPR000594	1.00	3	0
P38794	3	1	IPR036915	0.67	2	0
P38828	3	1	IPR047575	1.00	2	0
P52656	3	0	IPR015872	1.00	3	0
P52868	3	0	IPR001623	1.00	1	0
Q02784	3	0	IPR036249	1.00	3	0
Q02809	3	0	IPR006620	1.00	3	0
Q12529	3	2	IPR001214	1.00	1	0
Q12794	3	1	IPR013785	0.67	2	0
Q12874	3	0	IPR031774	1.00	2	0
Q16558	3	0	IPR003930	1.00	3	0
Q4G0X9	3	0	IPR037386	0.33	2	0
Q53S33	3	0	IPR002634	1.00	2	0
Q5EBN2	3	1	IPR013083	1.00	2	0
Q7JR49	3	1	IPR008388	1.00	1	0
Q7JWD3	3	1	IPR025723	1.00	2	0
Q7JZB4	3	0	IPR029044	1.00	3	0
Q8N1G2	3	0	IPR016059	0.67	3	0
Q8N2H9	3	0	IPR048334	1.00	3	0
Q8N323	3	0	IPR026845	1.00	2	0
Q8N4B1	3	0	IPR001849	1.00	3	0
Q92643	3	0	IPR028361	1.00	2	0
Q92831	3	0	IPR016181	0.67	2	0
Q92889	3	2	IPR052267	0.67	1	0
Q92979	3	0	IPR029028	1.00	2	0
Q93063	3	0	IPR029044	1.00	3	0
Q96K76	3	0	IPR038765	1.00	3	0
Q96LB9	3	0	IPR006619	1.00	3	0
Q96LI5	3	0	IPR036691	1.00	3	0
Q9H3Q3	3	0	IPR009729	1.00	3	0
Q9H3R1	3	1	IPR021930	1.00	2	0
Q9NX18	3	0	IPR036714	1.00	2	0
Q9NYL4	3	0	IPR046357	1.00	1	0
Q9UGK3	3	0	IPR011993	1.00	3	0
Q9UHJ9	3	0	IPR019402	1.00	2	0
Q9UI10	3	1	IPR029041	0.67	2	0
Q9UIA0	3	0	IPR000904	1.00	3	0
Q9V9X3	3	2	IPR050993	1.00	1	0
Q9V9Z0	3	0	IPR036477	1.00	2	0
Q9VA79	3	1	IPR017907	0.67	2	0
Q9VFJ1	3	1	IPR009292	1.00	2	0
Q9VFM2	3	2	IPR031992	0.33	1	0
Q9VFY6	3	1	IPR027887	1.00	1	0
Q9VG04	3	1	IPR002737	1.00	1	0
Q9VG68	3	2	IPR005804	1.00	1	0
Q9VG79	3	0	IPR029149	1.00	2	0
Q9VKM3	3	0	IPR016702	1.00	1	0
Q9VKN4	3	1	IPR002995	1.00	1	0
Q9VKU0	3	0	IPR032675	1.00	2	0
Q9VRT6	3	2	IPR028031	1.00	0	0
Q9VSH0	3	1	IPR046903	1.00	1	0
Q9VT02	3	3	IPR052976	1.00	0	0
Q9VWP6	3	2	IPR002557	0.67	1	0
Q9VX13	3	2	IPR040176	1.00	1	0
A0A0B4K6B9	2	1	IPR002549	0.50	1	0
A1Z7K8	2	1	IPR012340	1.00	1	0
A1Z7S9	2	0	IPR036167	1.00	1	0
A1Z7W3	2	1	IPR018908	1.00	1	0
A1Z8L3	2	0	IPR011990	1.00	1	0
A1Z8X9	2	2	IPR053974	1.00	0	0
A1Z9I6	2	0	IPR001841	1.00	2	0
M9NFC6	2	2	IPR002919	1.00	0	0
O00264	2	0	IPR001199	1.00	2	0
O00391	2	0	IPR013766	1.00	1	0
O94923	2	0	IPR039721	1.00	2	0
O94952	2	0	IPR001810	1.00	2	0
O95164	2	0	IPR029071	1.00	2	0
O95190	2	0	IPR016181	1.00	2	0
O95302	2	1	IPR002048	1.00	1	0
O95639	2	0	IPR000571	1.00	2	1
O95749	2	0	IPR008949	1.00	1	0
O95980	2	1	IPR056978	1.00	1	0
P08865	2	1	IPR023591	1.00	1	0
P09758	2	0	IPR041630	0.50	2	0
P0CG39	2	0	IPR004000	1.00	0	0
P0CG69	2	0	IPR019956	1.00	1	0
P22438	2	0	IPR009080	1.00	2	0
P22855	2	0	IPR054723	1.00	2	0
P24387	2	0	IPR056177	0.50	2	1
P35189	2	0	IPR055129	1.00	2	0
P35226	2	0	IPR017907	1.00	2	0
P35232	2	0	IPR000163	1.00	1	0
P35875	2	0	IPR036420	1.00	2	0
P42900	2	0	IPR048401	0.50	2	1
P43557	2	0	IPR024461	1.00	1	0
P43558	2	0	IPR038765	1.00	2	0
P43609	2	0	IPR007526	0.50	2	0
P45378	2	0	IPR001978	1.00	2	0
P46063	2	0	IPR027417	1.00	2	0
P49917	2	0	IPR036420	1.00	2	0
P50942	2	0	IPR000300	1.00	2	0
P51948	2	0	IPR001841	1.00	2	0
P51998	2	0	IPR002136	1.00	2	1
P52485	2	0	IPR000608	1.00	2	0
P80217	2	0	IPR012677	1.00	2	0
Q06537	2	0	IPR019334	1.00	1	0
Q06597	2	0	IPR001763	1.00	2	0
Q06709	2	1	IPR040025	1.00	1	0
Q06943	2	1	IPR036910	1.00	0	0
Q07872	2	0	IPR013809	0.50	1	0
Q7Z2Z2	2	0	IPR041095	1.00	1	0
Q7Z412	2	0	IPR010797	0.50	1	0
Q7Z5J1	2	1	IPR051253	0.50	1	0
Q86BK9	2	1	IPR009332	1.00	1	0
Q86BL9	2	0	IPR017850	1.00	0	0
Q8IPZ0	2	2	IPR044925	1.00	0	0
Q8IRG6	2	0	IPR029149	1.00	2	0
Q8IRL9	2	1	IPR047187	1.00	1	0
Q8IU54	2	0	IPR029177	0.50	2	0
Q8TE67	2	0	IPR039801	0.50	1	0
Q8TF42	2	0	IPR051710	1.00	2	1
Q8WUJ3	2	0	IPR019316	1.00	2	0
Q8WV74	2	1	IPR000086	1.00	0	0
Q8WV92	2	1	IPR038113	1.00	1	0
Q8WWA0	2	0	IPR002181	1.00	2	0
Q8WX39	2	0	IPR012674	1.00	2	0
Q96D46	2	0	IPR039768	1.00	2	0
Q96DC9	2	0	IPR038765	1.00	2	0
Q96F25	2	0	IPR013969	1.00	2	0
Q96FX7	2	0	IPR029063	1.00	2	0
Q96G25	2	0	IPR019364	0.50	2	0
Q96GA7	2	0	IPR050147	1.00	2	0
Q96H12	2	1	IPR028002	0.50	1	0
Q9BRL7	2	0	IPR011012	1.00	2	0
Q9BTE3	2	1	IPR019140	1.00	1	0
Q9BTE7	2	0	IPR005176	1.00	2	0
Q9BTM9	2	0	IPR012675	1.00	1	0
Q9BTT4	2	0	IPR019145	1.00	2	0
Q9BVM4	2	1	IPR039126	1.00	1	0
Q9HCU9	2	0	IPR013907	1.00	1	0
Q9NPB6	2	0	IPR000270	1.00	2	0
Q9NPD7	2	0	IPR026144	1.00	1	0
Q9W501	2	0	IPR002088	1.00	2	0
Q9W5W6	2	1	IPR007303	1.00	1	0
Q9XYW6	2	0	IPR013083	1.00	2	0
Q9XYZ4	2	0	IPR041796	0.50	2	0
Q9XZ61	2	1	IPR036959	1.00	1	0
Q9XZS4	2	1	IPR013083	1.00	0	0
Q9Y123	2	1	IPR007594	0.50	0	0
A1ZAI1	2	1	IPR032974	1.00	1	0
A1ZAL7	2	1	IPR000245	1.00	1	0
A4D1U4	2	1	IPR037516	1.00	0	0
O15431	2	1	IPR007274	0.50	1	0
O15527	2	0	IPR003265	1.00	2	0
O60869	2	0	IPR001387	1.00	2	0
O60880	2	0	IPR036860	1.00	2	0
O75293	2	0	IPR024824	1.00	1	0
O75343	2	0	IPR001054	1.00	1	0
O75477	2	1	IPR036013	1.00	1	0
P05106	2	0	IPR036465	1.00	2	0
P05166	2	0	IPR011762	1.00	2	0
P05743	2	0	IPR005825	1.00	2	0
P05750	2	0	IPR018280	1.00	2	0
P06367	2	0	IPR036967	1.00	2	0
P07101	2	0	IPR018301	1.00	2	0
P10664	2	0	IPR002136	1.00	2	0
P11216	2	0	IPR035090	1.00	2	0
P11387	2	0	IPR013499	1.00	2	0
P11632	2	0	IPR036910	1.00	2	0
P12080	2	0	IPR013519	0.50	1	0
P12904	2	0	IPR000644	1.00	2	0
P17704	2	0	IPR001210	1.00	1	0
P17707	2	1	IPR016067	1.00	1	0
P18124	2	0	IPR018038	1.00	2	0
P18408	2	0	IPR002500	1.00	2	0
P18410	2	0	IPR005605	0.50	2	0
P19174	2	0	IPR035023	1.00	2	0
P19388	2	0	IPR020608	1.00	2	0
P19827	2	0	IPR050934	1.00	1	0
P32582	2	0	IPR000644	1.00	2	0
P32775	2	0	IPR017853	1.00	2	0
P33313	2	0	IPR044059	1.00	2	0
P33338	2	0	IPR013809	1.00	2	0
P33893	2	0	IPR023168	1.00	2	0
P38912	2	0	IPR012340	1.00	2	1
P38960	2	0	IPR024263	0.50	2	0
P39019	2	0	IPR036388	1.00	2	0
P39101	2	0	IPR052814	1.00	1	0
P39111	2	0	IPR008218	1.00	2	0
P39683	2	0	IPR036068	1.00	2	0
P39728	2	1	IPR063565	1.00	0	0
P40014	2	0	IPR064097	0.50	2	0
P46776	2	0	IPR030878	1.00	2	0
P46990	2	0	IPR018260	1.00	2	0
P47014	2	0	IPR029002	0.50	1	0
P47090	2	0	IPR053001	0.50	1	0
P47138	2	1	IPR036869	1.00	1	0
P47172	2	0	IPR019193	1.00	2	0
P47756	2	0	IPR037282	1.00	1	0
P47822	2	0	IPR037212	1.00	2	0
P58294	2	1	IPR023569	0.50	0	0
P58546	2	0	IPR036770	1.00	1	0
P59998	2	0	IPR034666	1.00	2	0
P61353	2	0	IPR018262	1.00	2	0
P61457	2	0	IPR001533	1.00	1	0
P61513	2	1	IPR011332	1.00	1	0
P61578	2	2	IPR059105	1.00	0	0
P61604	2	0	IPR037124	1.00	1	0
P61851	2	0	IPR001424	1.00	2	0
Q03591	2	0	IPR000436	1.00	2	0
Q04018	2	0	IPR005556	1.00	0	0
Q04067	2	0	IPR000504	1.00	2	0
Q04600	2	0	IPR039759	1.00	2	1
Q13144	2	0	IPR011004	1.00	2	0
Q13491	2	0	IPR018237	1.00	1	0
Q13609	2	0	IPR036691	1.00	1	0
Q13643	2	0	IPR001781	1.00	2	0
Q30KQ5	2	0	IPR025933	1.00	2	0
Q3E7C1	2	0	IPR009400	1.00	1	0
Q3E841	2	0	IPR021591	0.50	1	0
Q3KRB8	2	1	IPR000198	1.00	1	0
Q49AM1	2	0	IPR038538	1.00	2	0
Q49B96	2	1	IPR051383	1.00	1	0
Q6GUT7	2	0	IPR009392	1.00	0	0
Q6IBS0	2	0	IPR028458	1.00	2	0
Q6IPR3	2	0	IPR003827	1.00	2	1
Q6IQ26	2	0	IPR001194	1.00	2	0
Q6NSJ0	2	1	IPR000322	1.00	1	0
Q6NUM6	2	1	IPR029039	1.00	1	0
Q6NVH7	2	0	IPR027417	1.00	2	0
Q6NVU6	2	0	IPR012462	0.50	2	0
Q6P1J9	2	0	IPR007852	1.00	2	0
Q6P1Q0	2	1	IPR033122	1.00	1	0
Q6P2P2	2	0	IPR055135	1.00	2	0
Q6P531	2	1	IPR043137	1.00	1	0
Q8IFW4	2	0	IPR036249	1.00	1	0
Q8IH00	2	1	IPR035082	1.00	1	0
Q8IMZ6	2	0	IPR036910	1.00	0	0
Q8IP11	2	0	IPR006677	1.00	0	0
Q8IP62	2	0	IPR059242	1.00	2	1
Q8IP85	2	1	IPR001199	1.00	1	0
Q8IPT0	2	0	IPR015669	1.00	1	0
Q8NCS4	2	1	IPR040399	1.00	1	0
Q8NEJ9	2	0	IPR007146	1.00	1	0
Q8NG68	2	0	IPR052492	0.50	2	0
Q8T3X9	2	1	IPR035903	1.00	0	0
Q8TAD2	2	0	IPR029034	1.00	2	0
Q8TC36	2	1	IPR012919	1.00	1	0
Q8TD06	2	0	IPR012336	1.00	2	0
Q96MH2	2	0	IPR024872	0.50	1	0
Q96Q11	2	1	IPR032828	1.00	1	0
Q96RJ6	2	0	IPR011598	1.00	2	0
Q96RR1	2	0	IPR027032	1.00	2	0
Q96SN7	2	0	IPR012446	1.00	2	0
Q9GZV7	2	0	IPR007110	1.00	1	0
Q9H0B8	2	0	IPR004043	1.00	0	0
Q9H190	2	0	IPR001478	1.00	2	0
Q9VM92	2	0	IPR004344	1.00	2	0
Q9VMA2	2	0	IPR001937	1.00	2	0
Q9VMB9	2	0	IPR002124	1.00	1	0
Q9VMP9	2	1	IPR018321	1.00	1	0
Q9VMV7	2	0	IPR007529	1.00	1	0
Q9W1F4	2	0	IPR019163	1.00	2	0
Q9W1L1	2	0	IPR039927	1.00	2	1
Q9W240	2	0	IPR036612	1.00	0	0
Q9W2M8	2	0	IPR013870	1.00	2	1
A0A0B4K7H3	2	2	IPR003033	1.00	0	0
A0A0B4KF39	2	2	-	0.00	0	0
A0A0B4KGP4	2	0	IPR013783	0.50	2	0
A0A0B4LHE9	2	2	IPR007588	1.00	0	0
A0A0B4LHI2	2	2	IPR007588	1.00	0	0
A8DYL2	2	1	IPR035914	1.00	1	0
A8MSI8	2	0	IPR008011	1.00	1	0
A8MVU1	2	1	IPR035757	1.00	1	0
A8MYZ0	2	2	IPR039785	1.00	0	0
B5MCN3	2	1	IPR001251	1.00	0	0
O96651	2	0	IPR013825	1.00	2	0
P00395	2	0	IPR036927	1.00	2	0
P00403	2	0	IPR034210	1.00	2	0
P00937	2	0	IPR017926	1.00	2	0
P00966	2	0	IPR023434	1.00	2	0
P13727	2	0	IPR001304	1.00	2	0
P13994	2	0	IPR007590	0.50	2	0
P14174	2	0	IPR019829	1.00	2	0
P15202	2	0	IPR018028	1.00	2	0
P15248	2	0	IPR020447	0.50	2	0
P15436	2	0	IPR036397	1.00	2	0
P16333	2	0	IPR000980	1.00	2	0
P16550	2	0	IPR043171	1.00	2	0
P16581	2	0	IPR000742	1.00	2	0
P29350	2	0	IPR016130	1.00	2	0
P29453	2	0	IPR004037	1.00	2	0
P29474	2	0	IPR003097	1.00	2	0
P29803	2	0	IPR029061	1.00	1	0
P40037	2	0	IPR006056	1.00	1	0
P40093	2	1	IPR003226	1.00	0	0
P40427	2	0	IPR008422	0.50	1	0
P40500	2	0	IPR031427	1.00	0	0
P40549	2	0	IPR029044	1.00	1	0
P53914	2	0	IPR027992	1.00	2	0
Q08649	2	0	IPR016181	1.00	2	0
Q08687	2	1	IPR021346	1.00	1	0
Q08745	2	0	IPR037447	1.00	2	0
Q08952	2	0	IPR006571	0.50	1	0
Q08975	2	0	IPR016084	0.50	2	0
Q08AF3	2	1	IPR038461	1.00	1	0
Q0E8K6	2	0	IPR020103	1.00	1	0
Q0E908	2	0	IPR038765	1.00	2	0
Q14393	2	0	IPR000294	1.00	2	0
Q14457	2	0	IPR007243	1.00	2	0
Q14623	2	0	IPR001657	1.00	2	0
Q14790	2	0	IPR029030	1.00	2	0
Q14894	2	1	IPR003462	1.00	1	0
Q14994	2	0	IPR000536	1.00	2	0
Q15042	2	0	IPR026147	1.00	1	0
Q5JS54	2	0	IPR032157	0.50	1	0
Q5JSQ8	2	1	IPR031952	1.00	1	0
Q5QGT7	2	0	IPR027377	1.00	2	0
Q5SQS7	2	1	IPR036860	1.00	1	0
Q5TA50	2	1	IPR036497	1.00	1	0
Q7K332	2	0	IPR042421	0.50	1	0
Q7KRR5	2	0	IPR008979	1.00	2	0
Q7KTH8	2	0	IPR033205	1.00	1	0
Q7KUN6	2	1	IPR007808	1.00	1	0
Q7KVW2	2	1	IPR055079	1.00	1	0
Q7KZF4	2	0	IPR016071	1.00	2	0
Q7L3B6	2	1	IPR004918	0.50	1	0
Q7PL26	2	0	IPR015257	1.00	2	0
Q969H6	2	0	IPR016819	1.00	2	0
Q969Z3	2	1	IPR005303	1.00	1	0
Q96A35	2	0	IPR005825	1.00	1	0
Q96AG4	2	1	IPR050216	1.00	1	0
Q96AP4	2	0	IPR050688	0.50	2	0
Q96BR5	2	1	IPR040239	1.00	1	0
Q96CJ1	2	0	IPR019194	0.50	2	0
Q9BX74	2	0	IPR050932	1.00	2	0
Q9BXJ7	2	0	IPR026112	1.00	2	0
Q9BXR3	2	2	IPR036397	1.00	0	0
Q9BY27	2	0	IPR010849	1.00	2	0
Q9BYD5	2	0	IPR006461	1.00	1	0
Q9BYN0	2	0	IPR003115	1.00	2	0
Q9BYZ6	2	0	IPR001806	0.50	2	0
Q9BZE7	2	1	IPR007914	1.00	1	0
Q9NQX3	2	0	IPR005110	1.00	1	0
Q9NRM2	2	1	IPR036236	1.00	1	0
Q9NRP4	2	0	IPR008381	0.50	0	0
Q9NRV9	2	0	IPR006917	1.00	1	0
Q9NSU2	2	0	IPR036397	1.00	2	0
Q9UK23	2	0	IPR018711	0.50	2	0
Q9UK99	2	1	IPR001810	0.50	1	0
Q9UKF7	2	0	IPR055261	0.50	2	0
Q9UM07	2	0	IPR004303	1.00	2	0
Q9UNH5	2	0	IPR016130	1.00	2	0
Q9UNI6	2	0	IPR029021	1.00	2	0
Q9VAK5	2	0	IPR006138	1.00	1	0
Q9VAU3	2	2	IPR044925	1.00	0	0
Q9VAU6	2	1	IPR019311	1.00	1	0
Q9VAU9	2	1	IPR010531	1.00	1	0
Q9VB14	2	0	IPR037447	1.00	2	0
Q9VB64	2	1	IPR000086	1.00	1	0
Q9VBI0	2	0	IPR019398	1.00	2	0
Q9VBM3	2	1	IPR004345	1.00	1	0
Q9VBU4	2	1	IPR000297	1.00	1	0
Q9VI83	2	1	IPR025239	1.00	0	0
Q9VIC9	2	1	IPR016161	1.00	1	0
Q9VIJ3	2	1	IPR009533	0.50	1	0
Q9VIJ5	2	0	IPR008012	1.00	1	0
Q9VIM5	2	0	IPR034666	1.00	2	0
Q9VJ97	2	0	IPR003347	0.50	1	0
Q9VNL1	2	2	IPR006170	1.00	0	0
Q9VNW0	2	2	IPR001623	1.00	0	0
Q9VP68	2	2	IPR036111	1.00	0	0
Q9VPH4	2	0	IPR037321	1.00	1	0
Q9VPW6	2	2	IPR026512	1.00	0	0
Q9VPX5	2	0	IPR000979	1.00	1	0
Q9VPX8	2	0	IPR036424	1.00	1	0
Q9VVF2	2	2	IPR031754	1.00	0	0
Q9VW34	2	1	IPR002557	1.00	1	0
Q9W2X6	2	0	IPR036794	1.00	2	0
Q9W379	2	0	IPR004457	1.00	1	0
Q9W385	2	0	IPR036524	1.00	2	0
Q9W3N7	2	0	IPR012575	1.00	1	0
Q9W3X7	2	0	IPR016551	1.00	0	0
Q9W477	2	2	IPR000834	1.00	0	0
Q9W495	2	1	IPR029058	1.00	1	0
Q9W4L1	2	0	IPR052008	1.00	2	0
Q9W4P9	2	0	IPR004342	1.00	1	0
A0A8Q3WKH5	2	1	IPR009072	1.00	1	0
A0AAG2UUX9	2	1	IPR008979	0.50	1	0
A0AVI4	2	1	IPR018801	1.00	1	0
A1A5D9	2	0	IPR060493	0.50	2	0
O14508	2	0	IPR000980	1.00	2	0
O14862	2	0	IPR040205	1.00	2	0
O14939	2	0	IPR001736	1.00	2	0
O75955	2	0	IPR027705	1.00	1	0
O76095	2	1	IPR008657	1.00	1	0
O76464	2	1	IPR036265	1.00	1	0
O76902	2	0	IPR011993	1.00	2	0
P0CH64	2	0	IPR003607	1.00	2	0
P0CX45	2	0	IPR014726	1.00	2	0
P0CX52	2	0	IPR020574	1.00	0	0
P0CX85	2	0	IPR001854	1.00	2	0
P0DN86	2	0	IPR001545	1.00	2	0
P30405	2	0	IPR029000	1.00	2	0
P32357	2	0	IPR007946	1.00	2	0
P40583	2	0	IPR021109	1.00	1	0
P40939	2	0	IPR006180	1.00	2	0
P40963	2	0	IPR016181	1.00	2	0
P40992	2	0	IPR021752	1.00	2	0
P41056	2	0	IPR009000	1.00	2	0
P41226	2	0	IPR042449	1.00	2	0
Q9VXI6	2	1	IPR036544	1.00	0	0
Q9VXT8	2	2	IPR013083	1.00	0	0
Q9Y287	2	0	IPR040145	1.00	1	0
Q9Y2X7	2	0	IPR013724	1.00	2	0
Q9Y2Z4	2	0	IPR001412	1.00	2	0
Q9Y343	2	0	IPR052467	1.00	2	0
Q9Y3B2	2	0	IPR025721	1.00	2	0
Q9Y3C1	2	1	IPR019002	1.00	1	0
Q9Y3I0	2	0	IPR027513	1.00	1	0
B7Z095	2	2	IPR022110	1.00	0	0
C9J202	2	2	IPR001296	0.50	0	0
E1JIS4	2	1	IPR063322	0.50	0	0
F2Z333	2	1	IPR034446	0.50	0	0
P02760	2	1	IPR020901	0.50	1	0
P02765	2	0	IPR000010	1.00	2	0
P02771	2	0	IPR020857	1.00	2	0
P03873	2	0	IPR016174	1.00	2	1
P03876	2	0	IPR036927	1.00	2	0
P03877	2	0	IPR004860	1.00	1	0
P04359	2	0	IPR018263	1.00	2	0
P19956	2	0	IPR019716	1.00	2	1
P19957	2	0	IPR050514	1.00	2	0
P20436	2	0	IPR005570	1.00	2	0
P20700	2	0	IPR018039	1.00	2	0
P20774	2	0	IPR001611	1.00	2	1
P20827	2	0	IPR008972	1.00	2	0
P21283	2	0	IPR036132	1.00	2	0
P21524	2	0	IPR008926	1.00	2	0
P21741	2	0	IPR037122	1.00	2	0
P21801	2	0	IPR050573	1.00	2	0
P37366	2	0	IPR036915	1.00	2	0
P38117	2	0	IPR000049	1.00	1	0
P38121	2	0	IPR007185	1.00	2	0
P48426	2	0	IPR023610	1.00	2	0
P48448	2	0	IPR016161	1.00	2	0
P48507	2	0	IPR023210	1.00	2	0
P49643	2	0	IPR007238	1.00	1	0
P49773	2	1	IPR011146	1.00	1	0
P49821	2	0	IPR037225	1.00	1	0
P82650	2	0	IPR019374	0.50	2	0
P83876	2	0	IPR036249	1.00	2	0
P86791	2	0	IPR013176	1.00	2	0
Q01433	2	0	IPR006650	0.50	2	0
Q0KHQ1	2	0	IPR000504	1.00	0	0
Q0KI22	2	1	IPR010754	1.00	0	0
Q12080	2	0	IPR011687	1.00	2	0
Q12108	2	0	IPR006571	1.00	1	0
Q12153	2	0	IPR045112	1.00	2	0
Q24145	2	0	IPR000719	1.00	2	0
Q24155	2	0	IPR008717	1.00	2	0
Q24307	2	0	IPR001370	1.00	2	0
Q5VVC0	2	1	IPR027857	0.50	1	0
Q693B1	2	0	IPR011333	1.00	2	0
Q6A162	2	0	IPR039008	0.50	2	0
Q6DCA0	2	1	IPR002733	1.00	1	0
Q86UL3	2	0	IPR002123	1.00	1	0
Q86UP8	2	0	IPR036647	1.00	2	0
Q86V88	2	1	IPR023214	1.00	1	0
Q86XP6	2	0	IPR051772	1.00	2	0
Q86Y38	2	0	IPR043538	1.00	2	0
Q8N6R0	2	1	IPR051419	1.00	1	0
Q8N7F7	2	1	IPR000626	0.50	1	0
Q8N9A8	2	1	IPR019168	1.00	1	0
Q8N9S9	2	0	IPR048767	1.00	2	0
Q8NA19	2	0	IPR002515	0.50	2	0
Q8NCF0	2	0	IPR000742	1.00	2	0
Q96VH4	2	0	IPR029479	1.00	1	0
Q99489	2	0	IPR023209	0.50	2	0
Q9BQ48	2	0	IPR000271	1.00	0	0
Q9BQ52	2	0	IPR027794	1.00	2	0
Q9BQ83	2	0	IPR050381	1.00	2	0
Q9H857	2	0	IPR008380	1.00	0	0
Q9H981	2	0	IPR043129	1.00	1	0
Q9H9S5	2	0	IPR055105	0.50	2	0
Q9HA82	2	0	IPR006634	1.00	2	0
Q9HB71	2	0	IPR008978	1.00	1	0
Q9NZQ9	2	0	IPR004934	1.00	2	0
Q9P0J1	2	0	IPR036457	1.00	2	0
Q9P2E5	2	0	IPR051227	0.50	2	0
Q9U616	2	1	IPR002930	1.00	1	0
Q9VC13	2	2	IPR036961	1.00	0	0
Q9VC18	2	0	IPR002695	1.00	1	0
Q9VC49	2	1	IPR023580	1.00	1	0
Q9VCU6	2	0	IPR051219	1.00	2	0
Q9VD61	2	0	IPR013766	1.00	0	0
Q9VD92	2	0	IPR036820	1.00	1	0
Q9VGA7	2	2	IPR019193	1.00	0	0
Q9VGP7	2	0	IPR019192	1.00	2	0
Q9VGR1	2	0	IPR000237	1.00	2	0
Q9VH09	2	1	IPR015421	1.00	1	0
Q9VH90	2	0	IPR001876	1.00	2	0
Q9VHQ4	2	2	IPR031926	1.00	0	0
Q9VQ86	2	1	IPR029033	1.00	1	0
Q9VQC4	2	1	IPR025286	1.00	1	0
Q9VQP9	2	1	IPR021149	1.00	1	0
Q9VQR9	2	0	IPR012879	1.00	1	0
Q9VR83	2	0	IPR032675	1.00	2	0
Q9VR87	2	1	IPR032007	1.00	1	0
Q9VRA0	2	1	IPR051441	1.00	1	0
Q9VRD4	2	1	IPR037523	1.00	1	0
Q9W0R0	2	0	IPR001005	0.50	2	0
Q9W0X2	2	0	IPR036682	1.00	0	0
W5XKT8	2	0	IPR036179	1.00	2	0
X2JDZ1	2	0	IPR001478	0.50	1	0
X2JFV5	2	2	-	0.00	0	0
P41964	2	0	IPR003614	1.00	0	0
P54278	2	0	IPR014721	1.00	2	0
P54353	2	0	IPR051370	1.00	2	0
P54611	2	0	IPR038495	1.00	2	0
P54750	2	0	IPR013706	1.00	2	0
P56538	2	1	IPR002769	1.00	1	0
P56589	2	0	IPR006966	1.00	2	0
P57076	2	1	IPR021298	1.00	1	0
P58005	2	0	IPR006730	1.00	2	0
Q04969	2	0	IPR009582	1.00	1	0
Q05863	2	0	IPR045853	1.00	2	0
Q05934	2	0	IPR003656	1.00	1	0
Q06236	2	0	IPR007992	1.00	2	0
Q6PCB0	2	0	IPR050525	0.50	1	0
Q6PP77	2	2	IPR051773	1.00	0	0
Q6UB35	2	0	IPR020630	1.00	2	0
Q6UWF9	2	1	IPR029170	1.00	1	0
Q6UY11	2	0	IPR000152	1.00	1	0
Q8IW03	2	1	IPR008974	0.50	1	0
Q8IXM3	2	0	IPR019189	1.00	2	0
Q8IYB7	2	0	IPR050180	1.00	2	0
Q8MH63	2	2	IPR050598	1.00	0	0
Q9V359	2	0	IPR037202	1.00	2	0
Q9V3D6	2	0	IPR035639	1.00	2	0
Q9V438	2	0	IPR036249	1.00	1	0
Q9V477	2	0	IPR001611	1.00	2	1
Q9V4E0	2	1	IPR029014	1.00	0	0
Q9V535	2	0	IPR000504	1.00	2	0
Q9V5P6	2	0	IPR007264	1.00	1	0
Q9V5Q4	2	0	IPR013260	1.00	1	0
Q9VE04	2	0	IPR018615	1.00	1	0
Q9VE08	2	1	IPR010422	1.00	1	0
Q9VE30	2	2	IPR036196	0.50	0	0
Q9VE61	2	1	IPR013083	1.00	1	0
Q9VEG9	2	1	IPR033580	1.00	1	0
Q9VEX9	2	0	IPR042534	0.50	2	0
Q9VKY1	2	0	IPR051436	1.00	1	0
Q9VL96	2	1	IPR036420	0.50	0	0
Q9VLM8	2	0	IPR045864	1.00	2	0
Q9VLP7	2	0	IPR029063	1.00	1	0
Q9VLR5	2	0	IPR003173	1.00	2	0
Q9VTC4	2	0	IPR034904	1.00	2	0
Q9VTF8	2	0	IPR008991	1.00	2	1
Q9VZ04	2	0	IPR031631	1.00	1	0
Q9VZ35	2	0	IPR053308	0.50	0	0
Q9VZ88	2	0	IPR051247	1.00	2	0
Q9Y4P9	2	0	IPR010441	1.00	1	0
Q9Y508	2	0	IPR051438	1.00	2	0
Q9Y5K8	2	0	IPR002699	1.00	2	1
Q9Y5X1	2	0	IPR036028	0.50	2	0
Q9Y646	2	0	IPR007484	1.00	2	0
Q9Y6W3	2	0	IPR038765	1.00	2	0
A4V381	2	1	IPR029245	1.00	0	0
A6NJW4	2	1	IPR001611	1.00	1	0
A6NL82	2	1	IPR029214	1.00	1	0
A6PVI3	2	0	IPR000504	1.00	2	0
O46094	2	0	IPR048869	1.00	2	0
O60337	2	0	IPR013083	0.50	2	0
O60542	2	0	IPR029034	1.00	2	0
O60609	2	0	IPR016017	1.00	2	0
O60711	2	0	IPR017305	1.00	2	0
P07202	2	0	IPR019791	1.00	1	0
P07250	2	0	IPR038286	1.00	2	0
P07741	2	1	IPR029057	1.00	1	0
P08729	2	0	IPR003054	1.00	2	0
P25343	2	1	IPR046982	0.50	1	0
P25348	2	0	IPR002677	1.00	2	0
P25566	2	0	IPR002579	1.00	2	0
P25580	2	0	IPR042322	0.50	1	0
P26045	2	0	IPR000299	1.00	2	0
P38292	2	0	IPR010482	1.00	1	0
P38326	2	0	IPR011421	0.50	0	0
P38713	2	0	IPR037239	1.00	2	0
P38754	2	0	IPR008991	1.00	2	0
P53077	2	0	IPR036639	1.00	1	0
P53130	2	1	IPR062709	0.50	0	0
P53152	2	0	IPR000608	1.00	2	0
P53188	2	1	IPR005579	1.00	1	0
P53304	2	0	IPR052058	0.50	2	0
Q02108	2	0	IPR001054	1.00	2	0
Q02326	2	0	IPR000915	1.00	2	0
Q02825	2	0	IPR024337	1.00	2	0
Q03161	2	0	IPR008183	1.00	1	0
Q12239	2	0	IPR013861	0.50	1	0
Q12283	2	0	IPR001227	1.00	1	0
Q12322	2	0	IPR000352	1.00	2	0
Q12378	2	0	IPR039693	1.00	1	0
Q12395	2	0	IPR014764	1.00	1	0
Q12449	2	1	IPR015310	1.00	1	0
Q15388	2	1	IPR022422	1.00	1	0
Q15633	2	1	IPR014720	0.50	1	0
Q15940	2	1	IPR036236	1.00	1	0
Q16540	2	1	IPR013025	1.00	1	0
Q4L235	2	2	IPR002372	1.00	0	0
Q502W7	2	0	IPR051147	1.00	1	0
Q5BJE1	2	0	IPR038826	0.50	1	0
Q6ZNF0	2	2	IPR041792	1.00	0	0
Q6ZP65	2	1	IPR060493	0.50	1	0
Q6ZSC3	2	0	IPR000504	1.00	1	0
Q6ZTN6	2	0	IPR055285	1.00	2	0
Q6ZUK4	2	1	IPR019169	0.50	1	0
Q7JXV9	2	0	IPR036388	1.00	2	0
Q8N2M4	2	1	IPR012506	1.00	1	0
Q8N4W6	2	0	IPR001623	1.00	1	0
Q8N5C7	2	1	IPR051521	1.00	1	0
Q8N6L1	2	1	IPR018614	1.00	1	0
Q8WYH8	2	0	IPR028651	1.00	2	0
Q92765	2	0	IPR020067	1.00	2	0
Q92796	2	0	IPR001478	1.00	2	0
Q92800	2	0	IPR026489	1.00	2	0
Q94524	2	0	IPR038586	1.00	2	0
Q96HM7	2	0	IPR036514	0.50	2	0
Q96IL0	2	0	IPR018796	0.50	1	0
Q96JB6	2	0	IPR036772	1.00	2	0
Q96KA5	2	0	IPR008429	1.00	1	0
Q96KJ9	2	0	IPR036639	1.00	0	0
Q96KN4	2	0	IPR043299	1.00	2	0
Q96LD1	2	1	IPR006875	1.00	0	0
Q96M91	2	0	IPR043597	1.00	2	0
Q9H3R0	2	0	IPR034732	1.00	2	0
Q9H488	2	0	IPR019378	1.00	2	0
Q9H4G4	2	0	IPR034113	1.00	2	0
Q9H4G8	2	1	IPR044248	1.00	1	0
Q9H633	2	1	IPR007175	1.00	1	0
Q9NWB6	2	0	IPR033371	0.50	2	0
Q9NWS0	2	0	IPR012981	1.00	2	0
Q9NWY4	2	1	IPR019361	1.00	1	0
Q9NX47	2	1	IPR013083	1.00	1	0
Q9NXN4	2	0	IPR001251	1.00	1	0
Q9NZ01	2	0	IPR001104	1.00	2	0
Q9NZ42	2	0	IPR019379	1.00	1	0
Q9UBW8	2	0	IPR000717	1.00	2	0
Q9UHA3	2	0	IPR056366	1.00	2	0
Q9UHA7	2	0	IPR008996	1.00	2	0
Q9UHJ3	2	0	IPR001660	1.00	2	0
Q9UIV1	2	0	IPR006941	1.00	2	0
Q9V784	2	0	IPR039910	0.50	1	0
Q9V9T5	2	0	IPR011761	1.00	2	0
Q9V9W3	2	0	IPR000915	1.00	2	0
Q9VA71	2	1	IPR015063	1.00	1	0
Q9VA99	2	1	IPR001424	0.50	1	0
Q9VAB9	2	0	IPR000289	1.00	2	0
Q9VAI4	2	1	IPR016181	1.00	1	0
Q9VAI6	2	2	IPR006170	1.00	0	0
Q9VF70	2	0	IPR009652	1.00	1	0
Q9VF98	2	1	IPR020164	1.00	1	0
Q9VFB5	2	0	IPR012340	1.00	2	0
Q9VG33	2	0	IPR036873	1.00	1	0
Q9VG38	2	0	IPR024314	1.00	2	0
Q9VJE3	2	2	IPR011011	1.00	0	0
Q9VKJ0	2	0	IPR005708	1.00	1	0
Q9VKU5	2	2	IPR037151	1.00	0	0
Q9VRL0	2	0	IPR002326	1.00	1	0
Q9VRV7	2	0	IPR000504	1.00	1	0
Q9VRX7	2	0	IPR036397	1.00	2	0
Q9VSL0	2	2	IPR006578	1.00	0	0
Q9VST4	2	1	IPR014746	1.00	0	0
Q9VSZ2	2	1	IPR014751	0.50	1	0
Q9VWM9	2	2	IPR025061	1.00	0	0
Q9VWQ1	2	0	IPR012445	1.00	2	0
Q9VX02	2	1	IPR019560	1.00	1	0
