accession	best_TM_PDB	best_TM_KB	best_TM_any	mean_pLDDT	n_interpro	hypothesis_tier
A0A0B4JD70	0.000	0.000	0.000	70.8	0	-
A0A0B4K6S7	0.000	0.000	0.000	72.5	0	-
A0A0B4K7I1	0.000	0.000	0.000	72.7	0	-
A0A0B4LH65	0.000	0.000	0.000	72.6	0	-
A0A0U1RRA0	0.000	0.000	0.000	72.5	0	-
A0A1B0GV90	0.000	0.000	0.000	79.1	1	-
A0A1B0GVD1	0.000	0.000	0.000	74.0	3	-
A0A1W2PRN1	0.000	0.000	0.000	76.0	2	HIGH
A0A2R8YCJ5	0.000	0.000	0.000	74.4	2	-
A0A5F9ZH02	0.000	0.000	0.000	71.3	0	-
A1Z6F0	0.000	0.000	0.000	93.4	1	-
A1Z8J9	0.000	0.000	0.000	88.4	2	HIGH
A1Z8X1	0.000	0.000	0.000	70.8	1	-
A1ZBU4	0.000	0.000	0.000	78.7	3	HIGH
A6NDK9	0.000	0.000	0.000	73.2	2	HIGH
A6NGB0	0.000	0.000	0.000	79.4	1	-
A8DYH6	0.000	0.000	0.000	72.8	1	LOW
A8DYK8	0.000	0.000	0.000	74.5	0	-
A8DYL9	0.000	0.000	0.000	77.4	0	-
A8JNR8	0.000	0.000	0.000	70.2	0	-
A8JQT2	0.000	0.000	0.000	76.4	1	-
A8MT33	0.000	0.000	0.000	79.0	1	HIGH
C9JXX5	0.000	0.000	0.000	70.1	1	-
E1JGT2	0.000	0.000	0.000	72.6	0	-
E1JGT6	0.000	0.000	0.000	91.1	0	-
E1JI70	0.000	0.000	0.000	71.7	0	-
E1JJS0	0.000	0.000	0.000	78.5	0	-
M9MRL1	0.000	0.000	0.000	79.1	0	-
M9NDT0	0.000	0.000	0.000	73.6	1	-
M9NDU9	0.000	0.000	0.000	75.9	0	-
M9PBV9	0.000	0.000	0.000	76.6	0	-
M9PCB0	0.000	0.000	0.000	76.8	0	-
O13555	0.000	0.000	0.000	71.7	0	-
O96002	0.000	0.000	0.000	85.2	0	-
P0C2S0	0.000	0.000	0.000	70.5	1	-
P0C5L4	0.000	0.000	0.000	84.6	0	-
P0C5N1	0.000	0.000	0.000	76.4	0	-
P0CG33	0.000	0.000	0.000	72.9	2	HIGH
P0DI80	0.000	0.000	0.000	77.5	1	-
P0DQW1	0.000	0.000	0.000	77.5	0	-
P23487	0.000	0.000	0.000	74.6	0	-
P23938	0.000	0.000	0.000	71.0	1	-
P38192	0.000	0.000	0.000	79.1	0	-
P58550	0.000	0.000	0.000	70.3	2	HIGH
P60606	0.000	0.000	0.000	70.4	1	-
P83263	0.000	0.000	0.000	75.1	0	-
P9WEJ4	0.000	0.000	0.000	74.5	1	HIGH
Q12169	0.000	0.000	0.000	78.9	0	-
Q156A1	0.000	0.000	0.000	97.4	0	-
Q27241	0.000	0.000	0.000	91.6	1	-
Q2V2P1	0.000	0.000	0.000	89.1	1	-
Q3E742	0.000	0.000	0.000	74.4	0	-
Q3E765	0.000	0.000	0.000	75.0	0	-
Q3E787	0.000	0.000	0.000	75.1	0	-
Q3E805	0.000	0.000	0.000	71.3	0	-
Q3E809	0.000	0.000	0.000	78.5	1	-
Q3E821	0.000	0.000	0.000	71.5	1	-
Q5STR5	0.000	0.000	0.000	76.3	1	-
Q5TEZ5	0.000	0.000	0.000	83.7	1	-
Q5VZ66	0.000	0.000	0.000	78.9	2	HIGH
Q6IG77	0.000	0.000	0.000	77.2	0	-
Q6IHA3	0.000	0.000	0.000	85.5	0	-
Q6PI97	0.000	0.000	0.000	73.8	1	HIGH
Q6ZP65	0.000	0.000	0.000	75.1	2	LOW
Q7KT25	0.000	0.000	0.000	74.6	0	-
Q7KU18	0.000	0.000	0.000	79.1	1	-
Q7KUG7	0.000	0.000	0.000	71.9	1	-
Q7Z7L8	0.000	0.000	0.000	70.4	1	-
Q86T20	0.000	0.000	0.000	72.0	2	-
Q86TE4	0.000	0.000	0.000	72.6	1	-
Q8I0L0	0.000	0.000	0.000	74.2	0	-
Q8IN20	0.000	0.000	0.000	73.6	0	-
Q8INI2	0.000	0.000	0.000	70.9	0	-
Q8INI3	0.000	0.000	0.000	73.7	0	-
Q8IPL4	0.000	0.000	0.000	74.6	0	-
Q8IR45	0.000	0.000	0.000	77.1	1	-
Q8IRF2	0.000	0.000	0.000	71.2	0	-
Q8IVN3	0.000	0.000	0.000	70.8	1	HIGH
Q8SY72	0.000	0.000	0.000	81.5	1	-
Q8TGT0	0.000	0.000	0.000	70.5	0	-
Q9BZ97	0.000	0.000	0.000	71.6	0	-
Q9H6N6	0.000	0.000	0.000	75.2	2	HIGH
Q9HBI5	0.000	0.000	0.000	86.2	1	-
Q9VA24	0.000	0.000	0.000	73.5	0	-
Q9VAC7	0.000	0.000	0.000	78.5	1	-
Q9VB51	0.000	0.000	0.000	73.7	1	-
Q9VB71	0.000	0.000	0.000	77.4	1	-
Q9VB72	0.000	0.000	0.000	79.7	1	-
Q9VBL8	0.000	0.000	0.000	79.7	1	-
Q9VBR0	0.000	0.000	0.000	70.3	1	-
Q9VD71	0.000	0.000	0.000	86.6	0	-
Q9VFL3	0.000	0.000	0.000	83.0	1	-
Q9VHR7	0.000	0.000	0.000	81.4	2	HIGH
Q9VHT0	0.000	0.000	0.000	83.4	1	-
Q9VI03	0.000	0.000	0.000	74.8	1	-
Q9VLB2	0.000	0.000	0.000	83.6	0	-
Q9VNS7	0.000	0.000	0.000	74.5	1	-
Q9VPA4	0.000	0.000	0.000	73.4	0	-
Q9VPD4	0.000	0.000	0.000	82.4	2	HIGH
Q9VT74	0.000	0.000	0.000	71.5	1	-
Q9VU93	0.000	0.000	0.000	74.7	0	-
Q9VVX6	0.000	0.000	0.000	84.2	2	HIGH
Q9VWF8	0.000	0.000	0.000	83.0	2	-
Q9VZK4	0.000	0.000	0.000	71.9	0	-
Q9VZP9	0.000	0.000	0.000	71.7	1	-
Q9VZV8	0.000	0.000	0.000	80.3	1	HIGH
Q9W100	0.000	0.000	0.000	82.4	0	-
Q9W164	0.000	0.000	0.000	71.4	0	-
Q9W212	0.000	0.000	0.000	76.9	2	HIGH
Q9W4E4	0.000	0.000	0.000	76.9	2	HIGH
Q9W513	0.000	0.000	0.000	81.8	1	-
Q9W530	0.000	0.000	0.000	76.3	0	-
Q9ZZW2	0.000	0.000	0.000	70.2	0	-
X2J761	0.000	0.000	0.000	70.1	0	-
X2JCP1	0.000	0.000	0.000	72.5	0	-
X2JCX4	0.000	0.000	0.000	83.4	0	-
X2JGJ5	0.000	0.000	0.000	70.5	0	-
X2JJ74	0.000	0.000	0.000	71.2	0	-
Q9VFF6	0.123	0.000	0.123	78.0	1	HIGH
Q7KSU5	0.152	0.000	0.152	80.4	0	-
Q9VSF5	0.156	0.000	0.156	80.9	0	-
P36085	0.158	0.000	0.158	70.4	3	-
Q9VG15	0.162	0.161	0.162	73.5	1	-
Q7KT15	0.179	0.000	0.179	70.4	0	-
Q9VJE3	0.179	0.000	0.179	80.7	7	HIGH
A0A0B4K6B9	0.193	0.000	0.193	71.5	1	-
Q9VCJ6	0.195	0.141	0.195	73.8	2	HIGH
Q86BB7	0.206	0.000	0.206	70.3	0	-
Q9VME1	0.210	0.000	0.210	75.3	0	-
Q9W322	0.210	0.000	0.210	83.6	3	HIGH
Q9W4N1	0.211	0.000	0.211	70.5	0	-
B7YZH2	0.214	0.000	0.214	84.2	3	HIGH
Q9VJD0	0.223	0.000	0.223	79.7	1	HIGH
A0PJX8	0.225	0.000	0.225	77.9	1	-
Q9VIJ3	0.228	0.000	0.228	74.5	1	LOW
Q9VPM3	0.233	0.000	0.233	73.2	0	-
Q03236	0.235	0.000	0.235	75.7	1	-
Q9VHN5	0.240	0.000	0.240	86.8	1	-
Q9VPZ4	0.242	0.000	0.242	86.2	3	HIGH
Q9VMN0	0.248	0.000	0.248	78.3	1	-
Q9U1H8	0.255	0.000	0.255	91.6	2	HIGH
Q8IQJ7	0.264	0.000	0.264	90.4	1	HIGH
A1Z9W2	0.278	0.000	0.278	89.9	1	-
A0A1Z1CH18	0.280	0.000	0.280	79.6	2	HIGH
P53584	0.281	0.000	0.281	85.6	1	-
E2RYF7	0.289	0.000	0.289	70.1	1	-
Q9VW94	0.294	0.228	0.294	81.4	2	HIGH
Q03787	0.295	0.000	0.295	78.7	2	-
A0A0B4KES8	0.297	0.000	0.297	74.7	0	-
Q8IMF1	0.297	0.000	0.297	79.1	1	HIGH
Q9VZX8	0.297	0.000	0.297	72.7	1	-
Q8IQP0	0.301	0.000	0.301	77.7	1	-
Q5T6L9	0.302	0.000	0.302	90.8	3	-
B2RXF0	0.305	0.000	0.305	79.0	1	-
A0A0B4K7M8	0.307	0.000	0.307	80.1	0	-
P0CX18	0.309	0.000	0.309	73.7	0	-
Q9V3B5	0.316	0.000	0.316	82.8	2	-
Q9VVF2	0.322	0.000	0.322	78.1	1	-
Q5VVB8	0.324	0.000	0.324	84.3	1	-
Q6UXQ4	0.324	0.000	0.324	71.9	1	-
Q6ZUK4	0.328	0.000	0.328	77.5	1	-
M9NFE3	0.331	0.000	0.331	81.2	1	-
A8DY63	0.332	0.000	0.332	82.5	1	HIGH
Q8IPG8	0.333	0.000	0.333	85.6	0	-
P40083	0.335	0.000	0.335	78.7	1	HIGH
A8DYY2	0.336	0.000	0.336	78.9	1	-
C9JQI7	0.339	0.000	0.339	73.2	1	-
Q7KUE8	0.342	0.000	0.342	75.0	0	-
A0A1B0GTI8	0.349	0.000	0.349	82.6	1	-
Q04216	0.347	0.349	0.349	72.5	3	-
A0A0B4K7P2	0.351	0.000	0.351	79.9	0	-
Q8INL4	0.355	0.000	0.355	81.6	1	HIGH
Q9VTA7	0.358	0.000	0.358	78.9	1	-
A8MYZ0	0.365	0.000	0.365	83.1	2	HIGH
Q9VCT2	0.365	0.000	0.365	70.2	0	-
Q9VM89	0.367	0.000	0.367	81.3	1	-
A1ZBX0	0.380	0.000	0.380	87.9	1	-
Q9VRA5	0.383	0.000	0.383	81.6	0	-
A1ZBR8	0.393	0.000	0.393	79.0	1	-
Q9VRZ6	0.000	0.393	0.393	71.6	2	LOW
Q6UYE1	0.395	0.000	0.395	74.7	1	-
P61578	0.402	0.000	0.402	74.5	1	-
Q8TGU6	0.403	0.000	0.403	79.5	0	-
X2JD42	0.410	0.000	0.410	72.2	0	-
Q9VPL8	0.000	0.412	0.412	78.6	2	MEDIUM
Q9VSL0	0.344	0.412	0.412	71.9	2	LOW
Q9VGX9	0.265	0.415	0.415	75.3	3	HIGH
A0A0B4K8A4	0.416	0.000	0.416	77.1	0	-
M9NDZ9	0.418	0.000	0.418	72.3	0	-
Q9VQS5	0.419	0.000	0.419	77.8	1	-
Q8IPY6	0.421	0.000	0.421	81.3	0	-
Q8MLR5	0.424	0.000	0.424	76.7	1	-
Q9VG77	0.288	0.424	0.424	70.3	2	HIGH
P0C5N3	0.428	0.000	0.428	72.4	1	-
A8DYD4	0.429	0.000	0.429	72.2	1	-
A0A0B4K6Y3	0.432	0.000	0.432	91.5	0	-
A1Z7K3	0.432	0.000	0.432	70.5	2	-
Q9VCH2	0.436	0.000	0.436	72.6	1	-
E1JHP6	0.437	0.000	0.437	71.1	1	-
M9NFU6	0.442	0.000	0.442	80.9	0	-
Q8IRP6	0.308	0.448	0.448	71.7	1	HIGH
Q9VS32	0.448	0.000	0.448	83.3	1	-
Q9VB48	0.453	0.335	0.453	88.0	3	HIGH
Q9VED1	0.461	0.000	0.461	73.3	1	-
A1Z7M6	0.442	0.465	0.465	77.1	1	LOW
Q9VBK9	0.272	0.465	0.465	70.6	1	LOW
A0A0B4JCV2	0.469	0.000	0.469	80.6	0	-
Q9W510	0.474	0.000	0.474	71.5	0	-
Q9VDI6	0.475	0.000	0.475	72.0	1	HIGH
A0A0B4KED5	0.479	0.000	0.479	81.3	0	-
Q9C0B6	0.479	0.400	0.479	76.0	4	HIGH
A1Z823	0.484	0.000	0.484	81.0	1	-
Q96MT1	0.211	0.486	0.486	78.6	6	HIGH
A1Z9Q4	0.487	0.000	0.487	85.1	3	HIGH
Q9VF98	0.000	0.487	0.487	81.0	1	HIGH
Q9VWG5	0.488	0.000	0.488	82.6	3	HIGH
Q9VG61	0.000	0.492	0.492	79.9	4	HIGH
E1JIA5	0.495	0.000	0.495	82.7	1	HIGH
Q8IQX3	0.495	0.000	0.495	76.3	0	-
M9NFN8	0.497	0.000	0.497	70.8	0	-
Q9VY65	0.497	0.000	0.497	79.8	1	HIGH
A0A0B4LIG1	0.499	0.000	0.499	83.9	1	HIGH
A6NFY4	0.503	0.000	0.503	80.2	1	-
Q8MME9	0.505	0.000	0.505	70.2	2	-
Q4ABH9	0.508	0.504	0.508	82.5	1	LOW
A1Z923	0.511	0.000	0.511	77.7	0	-
Q4ABH5	0.511	0.508	0.511	88.6	2	LOW
Q6ZUA9	0.518	0.423	0.518	75.7	7	HIGH
Q4ABH6	0.447	0.520	0.520	89.0	1	LOW
Q8ND07	0.521	0.000	0.521	80.7	1	-
Q8NCQ3	0.522	0.000	0.522	75.9	0	-
Q9VFY4	0.522	0.000	0.522	82.4	0	-
P38317	0.525	0.000	0.525	79.7	2	HIGH
A8JNL8	0.528	0.000	0.528	82.4	2	HIGH
Q9VT39	0.529	0.000	0.529	82.3	2	-
A0A0B4KGB5	0.531	0.000	0.531	91.2	0	-
A8DYD6	0.531	0.000	0.531	76.8	1	-
Q7KVJ1	0.531	0.000	0.531	77.2	0	-
Q9VX38	0.533	0.000	0.533	75.0	1	-
Q9VI83	0.537	0.378	0.537	83.7	3	HIGH
A0A0B4K7K5	0.539	0.000	0.539	86.8	0	-
A0A6H2EDQ6	0.539	0.000	0.539	72.7	1	HIGH
Q9VRJ5	0.541	0.525	0.541	77.2	1	HIGH
Q9W1F0	0.542	0.000	0.542	74.3	0	-
Q9VHQ4	0.544	0.000	0.544	88.7	2	-
Q9VN18	0.401	0.547	0.547	73.2	2	HIGH
A0A0B4KF39	0.548	0.000	0.548	73.9	0	-
Q7JRP4	0.549	0.000	0.549	77.7	1	-
Q7KSU3	0.519	0.549	0.549	80.8	2	-
Q5BLP8	0.551	0.000	0.551	76.8	1	-
Q9VW41	0.554	0.000	0.554	90.8	1	HIGH
Q9VSW7	0.000	0.555	0.555	70.4	1	LOW
B7Z064	0.556	0.000	0.556	86.9	0	-
Q9VMN2	0.405	0.556	0.556	73.7	0	LOW
Q0KI27	0.557	0.000	0.557	71.6	1	HIGH
A1Z8I9	0.560	0.000	0.560	83.2	3	HIGH
P61576	0.560	0.000	0.560	76.1	1	-
A8DYM6	0.561	0.000	0.561	73.6	2	-
Q9GZU0	0.561	0.000	0.561	83.1	1	-
Q9VQN1	0.562	0.000	0.562	79.7	0	-
Q9VPW6	0.563	0.364	0.563	71.1	3	HIGH
Q9VV45	0.563	0.474	0.563	73.0	3	HIGH
Q9I7W5	0.566	0.339	0.566	70.3	2	HIGH
Q9VGH0	0.326	0.566	0.566	76.1	1	HIGH
Q08990	0.567	0.000	0.567	86.2	1	-
Q9VTX1	0.567	0.444	0.567	75.9	5	HIGH
Q4ABK3	0.570	0.000	0.570	76.0	0	-
Q8MKK0	0.570	0.000	0.570	80.3	1	HIGH
Q9UH36	0.570	0.000	0.570	78.4	2	-
M9NEJ1	0.571	0.000	0.571	81.0	0	-
Q9VD55	0.573	0.000	0.573	75.3	1	HIGH
A1ZB54	0.574	0.507	0.574	90.4	1	-
Q8TDW4	0.576	0.325	0.576	79.2	2	HIGH
Q5JXM2	0.578	0.360	0.578	77.9	2	MEDIUM
Q8MKJ4	0.578	0.000	0.578	87.4	1	HIGH
Q9VE11	0.508	0.578	0.578	74.7	1	LOW
Q7JWR9	0.580	0.361	0.580	71.8	3	HIGH
Q9VPK1	0.582	0.514	0.582	84.7	1	LOW
Q9W1R8	0.584	0.000	0.584	82.8	1	HIGH
A0A0B4LES9	0.534	0.586	0.586	86.7	2	HIGH
Q9W0V0	0.428	0.588	0.588	77.8	3	HIGH
A0A0B4K816	0.589	0.000	0.589	79.1	0	-
Q9VGA7	0.589	0.452	0.589	79.7	1	LOW
Q9VMA6	0.557	0.589	0.589	92.6	1	HIGH
A1Z9Q3	0.592	0.000	0.592	76.7	1	-
Q8MSY4	0.321	0.592	0.592	77.5	2	HIGH
Q9VMC3	0.586	0.592	0.592	81.3	3	HIGH
A8DYZ4	0.588	0.593	0.593	84.9	0	-
P38799	0.209	0.593	0.593	71.1	3	HIGH
B7Z137	0.595	0.000	0.595	80.8	1	-
Q4ABF6	0.595	0.510	0.595	90.3	1	LOW
Q9VPB1	0.595	0.212	0.595	81.4	1	-
P39989	0.597	0.000	0.597	73.6	1	-
Q4ABH8	0.597	0.515	0.597	90.3	2	-
O96067	0.599	0.502	0.599	73.6	1	HIGH
Q8INY2	0.560	0.599	0.599	73.4	0	-
Q9VK02	0.599	0.560	0.599	74.2	0	-
Q9VSY0	0.600	0.000	0.600	82.0	2	HIGH
Q6III4	0.601	0.523	0.601	88.1	1	-
Q9VD66	0.602	0.000	0.602	80.5	0	-
Q9W471	0.603	0.000	0.603	79.4	3	HIGH
A1ZB58	0.604	0.510	0.604	88.3	1	LOW
A1Z885	0.606	0.450	0.606	80.6	1	LOW
A1ZAC7	0.607	0.409	0.607	77.9	3	LOW
P39529	0.607	0.530	0.607	70.1	3	HIGH
Q9VB61	0.608	0.536	0.608	80.8	2	HIGH
Q8WVH0	0.332	0.611	0.611	74.6	1	HIGH
Q4KMZ8	0.612	0.000	0.612	75.5	1	-
A1Z815	0.483	0.614	0.614	72.7	1	-
A0A0B4JDE5	0.615	0.000	0.615	77.4	0	-
Q9VQZ0	0.356	0.618	0.618	76.8	2	HIGH
A6NG13	0.559	0.621	0.621	84.7	2	LOW
M9PED9	0.621	0.582	0.621	92.4	1	HIGH
Q0P6D2	0.591	0.621	0.621	86.4	3	HIGH
Q9VUH5	0.602	0.621	0.621	71.3	2	-
Q9VEH2	0.623	0.000	0.623	73.4	1	-
A8DYV0	0.624	0.000	0.624	92.3	2	-
A8DYV1	0.626	0.000	0.626	88.8	1	-
O96532	0.628	0.600	0.628	73.0	2	HIGH
Q5T7M9	0.629	0.596	0.629	83.5	2	-
Q9VEQ3	0.629	0.000	0.629	77.8	0	-
Q9VF43	0.629	0.000	0.629	72.8	1	-
A0A140TA62	0.000	0.630	0.630	76.3	3	HIGH
Q9VN80	0.630	0.578	0.630	77.8	1	HIGH
Q9VYH4	0.630	0.542	0.630	86.4	1	LOW
A1ZAX7	0.631	0.000	0.631	80.7	0	-
A1Z7U8	0.632	0.564	0.632	90.9	1	-
Q9VC13	0.632	0.584	0.632	75.1	2	HIGH
O97064	0.633	0.000	0.633	73.3	3	HIGH
P53870	0.634	0.128	0.634	83.9	2	-
A1Z9Q5	0.635	0.000	0.635	87.6	1	-
A8DYA9	0.635	0.000	0.635	80.4	0	-
Q9VFM2	0.635	0.616	0.635	74.9	1	LOW
A1Z6L8	0.636	0.595	0.636	89.5	1	LOW
Q8I0T1	0.637	0.571	0.637	85.9	1	HIGH
Q9VNL1	0.637	0.000	0.637	87.2	2	HIGH
A1Z875	0.638	0.000	0.638	86.4	2	-
Q9W0M6	0.638	0.000	0.638	92.6	2	-
Q9W2T3	0.576	0.638	0.638	91.1	1	HIGH
O77477	0.641	0.596	0.641	81.8	2	LOW
Q9H091	0.641	0.364	0.641	72.0	3	HIGH
Q9VWP0	0.642	0.577	0.642	77.2	1	-
Q9W0M9	0.642	0.595	0.642	75.3	4	HIGH
Q9VMM8	0.643	0.543	0.643	91.3	5	HIGH
M9PBB7	0.645	0.000	0.645	80.3	0	-
P53234	0.645	0.000	0.645	71.8	1	-
P54194	0.645	0.000	0.645	78.7	2	HIGH
Q9VDY7	0.613	0.645	0.645	88.3	2	HIGH
Q9BR11	0.646	0.480	0.646	75.7	5	HIGH
M9MS08	0.647	0.000	0.647	72.7	0	-
Q24118	0.454	0.647	0.647	81.4	2	-
Q9W4G5	0.647	0.577	0.647	81.0	1	LOW
B9A014	0.558	0.648	0.648	81.0	1	MEDIUM
Q9V9U9	0.599	0.648	0.648	82.6	1	MEDIUM
Q9VCF1	0.509	0.648	0.648	87.5	2	-
Q9VED2	0.648	0.612	0.648	83.7	0	-
Q9VLG1	0.351	0.648	0.648	81.8	1	MEDIUM
Q8J0M4	0.649	0.000	0.649	86.2	1	-
Q6ZVW7	0.650	0.529	0.650	79.5	2	HIGH
A1ZAI1	0.341	0.651	0.651	88.9	1	MEDIUM
Q9VPX0	0.651	0.000	0.651	80.6	1	-
O97063	0.652	0.000	0.652	78.0	2	HIGH
A8DYL2	0.653	0.605	0.653	79.9	3	HIGH
A0A0B4KFG3	0.657	0.650	0.657	78.4	0	-
Q9VLB1	0.657	0.000	0.657	76.4	3	HIGH
Q9VU25	0.617	0.657	0.657	91.5	3	HIGH
E5RIL1	0.658	0.584	0.658	82.0	2	LOW
Q5SWX8	0.658	0.605	0.658	80.4	1	-
Q9VZG2	0.659	0.000	0.659	70.7	3	HIGH
Q9W136	0.659	0.000	0.659	94.5	1	-
A1Z8Z4	0.660	0.561	0.660	82.7	1	LOW
A1ZBI2	0.661	0.576	0.661	89.8	1	-
Q9VZC8	0.661	0.000	0.661	81.2	1	-
A1ZBG7	0.662	0.645	0.662	84.4	1	HIGH
A8JRH2	0.663	0.000	0.663	83.2	0	-
Q9VU56	0.663	0.000	0.663	74.4	0	-
A0A6H2EG72	0.666	0.000	0.666	79.9	2	-
Q9VAE6	0.667	0.000	0.667	71.2	1	-
Q9NRM2	0.668	0.534	0.668	73.9	4	HIGH
P32460	0.669	0.339	0.669	94.6	3	HIGH
Q9VN01	0.576	0.669	0.669	86.3	3	HIGH
M9ND79	0.670	0.657	0.670	83.6	1	HIGH
A0A0B4KG57	0.671	0.000	0.671	88.5	0	-
Q9V3M2	0.671	0.468	0.671	77.6	2	HIGH
Q8IQV2	0.672	0.644	0.672	91.6	2	HIGH
Q8T0B1	0.464	0.672	0.672	80.0	1	HIGH
Q9VVV1	0.675	0.551	0.675	90.9	4	HIGH
Q5TIA1	0.676	0.672	0.676	83.7	4	HIGH
Q9W2B3	0.677	0.553	0.677	74.1	2	HIGH
Q9V3E4	0.678	0.406	0.678	84.9	1	-
Q9VBM1	0.678	0.579	0.678	77.8	4	HIGH
P53133	0.679	0.000	0.679	73.1	1	-
B0FP48	0.680	0.459	0.680	82.2	2	LOW
Q6UWF9	0.610	0.682	0.682	86.6	1	MEDIUM
Q9W280	0.682	0.528	0.682	86.5	2	LOW
C9J202	0.683	0.000	0.683	76.9	2	HIGH
Q9I7W2	0.683	0.567	0.683	86.3	2	HIGH
Q9VQR0	0.683	0.592	0.683	76.2	5	HIGH
Q9VR87	0.577	0.683	0.683	92.9	1	-
M9PIM3	0.626	0.684	0.684	80.5	2	HIGH
Q9VX97	0.619	0.684	0.684	81.2	1	HIGH
A1Z7Y9	0.685	0.611	0.685	91.3	1	LOW
A8DT49	0.685	0.000	0.685	81.6	0	-
Q8IPS9	0.685	0.000	0.685	82.5	1	-
Q9W551	0.685	0.000	0.685	87.0	1	HIGH
A8DY65	0.687	0.509	0.687	93.2	2	MEDIUM
E1JHF7	0.687	0.602	0.687	78.2	0	-
Q5T9Z0	0.687	0.000	0.687	81.8	1	-
Q9W044	0.682	0.687	0.687	81.0	0	-
Q9C0B7	0.688	0.493	0.688	78.7	7	HIGH
A6NEN9	0.689	0.339	0.689	82.5	1	-
Q0E8Q6	0.689	0.558	0.689	77.4	4	HIGH
Q9VCE8	0.639	0.689	0.689	89.2	1	MEDIUM
Q9VQL2	0.690	0.405	0.690	89.5	4	HIGH
Q9VWM0	0.690	0.000	0.690	85.6	2	HIGH
X2J8R6	0.690	0.000	0.690	80.2	0	-
Q9VUJ2	0.691	0.662	0.691	75.0	8	HIGH
A6NC86	0.692	0.579	0.692	90.6	4	HIGH
Q9Y123	0.692	0.000	0.692	89.8	1	HIGH
Q8WU76	0.693	0.683	0.693	92.2	3	HIGH
Q6MZT1	0.694	0.551	0.694	72.8	2	-
A0A126GUX4	0.695	0.000	0.695	88.8	1	-
M9NDN6	0.695	0.000	0.695	72.6	0	-
Q9VLI3	0.695	0.682	0.695	84.1	0	MEDIUM
Q9VXV0	0.695	0.000	0.695	73.9	1	-
Q9VK83	0.696	0.617	0.696	77.8	1	-
Q9VMB5	0.620	0.697	0.697	84.8	1	HIGH
A1Z9B9	0.678	0.699	0.699	82.1	2	HIGH
Q9VUP8	0.699	0.692	0.699	84.9	2	HIGH
Q9VZG0	0.699	0.000	0.699	71.7	3	HIGH
M9PCI3	0.701	0.000	0.701	78.1	1	HIGH
Q9VZG1	0.701	0.000	0.701	86.1	3	HIGH
Q2MGK7	0.702	0.000	0.702	79.8	1	HIGH
Q8IPD8	0.702	0.000	0.702	76.5	2	HIGH
Q9VHN0	0.702	0.000	0.702	86.6	1	-
P0C7T8	0.704	0.606	0.704	72.1	1	LOW
P39728	0.699	0.705	0.705	79.2	2	LOW
Q4AB35	0.705	0.531	0.705	89.3	1	-
Q9VJU6	0.705	0.227	0.705	78.9	3	HIGH
Q9W2S6	0.705	0.693	0.705	84.9	1	MEDIUM
Q8IN10	0.660	0.706	0.706	80.6	1	HIGH
Q7KUE6	0.707	0.610	0.707	84.8	0	LOW
Q9VKQ5	0.707	0.000	0.707	81.6	2	HIGH
Q9VRK2	0.707	0.571	0.707	71.2	1	-
Q9VSZ2	0.707	0.384	0.707	78.8	3	HIGH
Q9V3A0	0.647	0.708	0.708	79.6	2	LOW
Q9VY21	0.709	0.666	0.709	77.5	6	HIGH
A6NML5	0.569	0.710	0.710	74.9	0	MEDIUM
Q2PE19	0.710	0.268	0.710	77.9	1	-
Q7KUX0	0.713	0.000	0.713	77.8	0	-
Q6ZVS7	0.575	0.714	0.714	81.4	1	HIGH
Q8IQB7	0.714	0.690	0.714	73.4	1	HIGH
Q9VNL2	0.714	0.000	0.714	87.7	2	HIGH
A1Z7I2	0.715	0.639	0.715	84.7	3	HIGH
A6NFU0	0.715	0.613	0.715	82.9	5	HIGH
A8DYL4	0.715	0.000	0.715	84.4	0	-
Q8IMG8	0.716	0.686	0.716	77.0	0	-
Q9W4R1	0.717	0.666	0.717	79.2	2	HIGH
Q9VZL8	0.718	0.000	0.718	80.6	1	-
Q4ABI8	0.719	0.656	0.719	82.2	1	MEDIUM
P61550	0.720	0.000	0.720	70.3	2	-
Q9VAU3	0.718	0.720	0.720	94.7	4	HIGH
Q8IV42	0.722	0.663	0.722	76.5	4	HIGH
A1ZBJ7	0.724	0.579	0.724	74.9	2	HIGH
Q8IQR9	0.725	0.000	0.725	87.5	0	-
Q9VSZ5	0.725	0.692	0.725	83.2	3	HIGH
B7Z0X6	0.727	0.694	0.727	81.6	2	HIGH
Q8TDI8	0.728	0.700	0.728	76.9	2	HIGH
Q8TD33	0.729	0.000	0.729	77.8	3	HIGH
Q6UWL2	0.730	0.491	0.730	77.8	10	HIGH
Q8SXT3	0.731	0.564	0.731	82.2	3	HIGH
Q9VXV9	0.731	0.639	0.731	81.2	2	HIGH
A1Z6U3	0.611	0.732	0.732	91.8	2	HIGH
Q9VCG0	0.733	0.000	0.733	78.6	2	HIGH
Q9VMB8	0.733	0.661	0.733	81.0	2	HIGH
Q9VFE8	0.734	0.470	0.734	76.3	2	HIGH
Q9VIL1	0.734	0.000	0.734	76.0	2	-
Q9VSM4	0.567	0.734	0.734	77.8	2	HIGH
Q9V931	0.736	0.703	0.736	82.5	2	HIGH
Q9VND4	0.737	0.000	0.737	89.1	1	HIGH
Q9VNZ9	0.737	0.662	0.737	82.2	7	HIGH
Q0E8H7	0.739	0.661	0.739	70.6	3	HIGH
Q96ID5	0.739	0.684	0.739	76.6	6	HIGH
Q9VAJ6	0.739	0.677	0.739	80.0	1	HIGH
A1Z882	0.740	0.681	0.740	83.4	1	HIGH
A4D1U4	0.740	0.709	0.740	77.7	3	HIGH
Q4ABJ1	0.740	0.574	0.740	88.8	1	LOW
Q9VJU8	0.740	0.232	0.740	84.5	2	HIGH
A0A8V8TMC4	0.666	0.741	0.741	71.7	2	HIGH
Q9VEW3	0.530	0.741	0.741	78.3	1	MEDIUM
A0A0B4JDE2	0.743	0.000	0.743	76.8	1	-
A6NM10	0.743	0.690	0.743	80.0	5	HIGH
Q2MGM0	0.743	0.718	0.743	84.4	1	HIGH
Q9VFV0	0.744	0.595	0.744	71.4	2	HIGH
Q9VJM9	0.744	0.715	0.744	81.5	3	HIGH
Q9VAJ7	0.745	0.708	0.745	84.3	1	HIGH
Q9VUF9	0.745	0.000	0.745	82.6	1	HIGH
X2JDC2	0.745	0.619	0.745	81.5	1	HIGH
A8JNT1	0.332	0.746	0.746	86.2	1	HIGH
E1JIB1	0.746	0.414	0.746	76.4	1	-
M9PFU4	0.746	0.653	0.746	92.7	1	HIGH
Q9VME9	0.722	0.747	0.747	86.5	2	HIGH
Q8IRL8	0.748	0.748	0.748	81.5	1	HIGH
Q9W333	0.748	0.000	0.748	92.4	0	-
Q86VS3	0.750	0.604	0.750	78.0	2	-
Q96EX2	0.750	0.714	0.750	70.2	4	HIGH
Q9VA99	0.751	0.696	0.751	86.5	3	HIGH
P38430	0.753	0.414	0.753	93.2	4	HIGH
Q5JSQ8	0.753	0.572	0.753	87.7	2	HIGH
A6H8M9	0.754	0.453	0.754	78.6	4	HIGH
E1JIZ7	0.754	0.696	0.754	71.1	0	LOW
Q2MGL5	0.754	0.537	0.754	93.8	1	-
Q9VYJ1	0.754	0.741	0.754	86.7	5	HIGH
Q9W495	0.755	0.679	0.755	85.7	3	HIGH
P23060	0.757	0.707	0.757	92.3	3	HIGH
Q4ABI0	0.757	0.574	0.757	86.4	2	LOW
Q4ABI4	0.757	0.536	0.757	94.6	1	LOW
Q9W588	0.332	0.757	0.757	87.7	1	HIGH
Q2PDX2	0.649	0.758	0.758	76.3	1	HIGH
Q8INQ8	0.758	0.000	0.758	88.6	2	-
Q9VH28	0.758	0.711	0.758	84.0	2	HIGH
Q9W1Y4	0.758	0.718	0.758	85.4	3	HIGH
Q0KIA2	0.759	0.602	0.759	70.5	3	HIGH
Q8IN58	0.706	0.759	0.759	76.7	1	HIGH
A0A0B4JCU2	0.760	0.000	0.760	89.1	0	-
A1Z6U8	0.631	0.762	0.762	92.5	2	HIGH
Q8INM8	0.762	0.000	0.762	77.5	1	-
Q9H720	0.728	0.762	0.762	91.3	5	HIGH
Q9W4D1	0.762	0.551	0.762	79.5	4	HIGH
Q9VMC4	0.568	0.763	0.763	88.4	3	HIGH
Q9VQ86	0.760	0.763	0.763	79.6	4	HIGH
Q9W057	0.763	0.000	0.763	73.6	1	HIGH
A8JPJ8	0.656	0.764	0.764	89.6	2	HIGH
Q9VEJ2	0.764	0.682	0.764	74.9	1	HIGH
Q9W2B5	0.586	0.764	0.764	75.6	1	HIGH
O76896	0.700	0.765	0.765	77.7	3	HIGH
Q8IN23	0.765	0.753	0.765	77.1	1	HIGH
P25370	0.760	0.767	0.767	81.5	4	HIGH
Q4AB23	0.767	0.554	0.767	88.7	1	-
Q9VIU8	0.767	0.746	0.767	78.3	6	HIGH
Q9VK72	0.767	0.765	0.767	90.5	5	HIGH
Q9VQG1	0.768	0.711	0.768	85.3	3	HIGH
Q12529	0.769	0.721	0.769	93.7	3	HIGH
Q5VW38	0.601	0.769	0.769	70.5	2	HIGH
Q7KVW2	0.769	0.656	0.769	83.5	4	HIGH
Q8IMY8	0.617	0.769	0.769	86.8	1	HIGH
F2Z333	0.770	0.398	0.770	76.5	1	-
Q9VJ64	0.770	0.402	0.770	74.6	4	HIGH
Q9VR96	0.770	0.643	0.770	82.8	2	HIGH
Q8IUF1	0.771	0.501	0.771	75.1	5	HIGH
Q9V4B8	0.771	0.681	0.771	73.8	8	HIGH
Q9VME6	0.752	0.771	0.771	89.5	5	HIGH
Q9VZF3	0.736	0.771	0.771	90.4	2	HIGH
Q9VLH5	0.772	0.745	0.772	80.6	0	-
Q9VZE7	0.772	0.759	0.772	79.7	1	HIGH
Q9W3P4	0.772	0.680	0.772	83.0	2	HIGH
Q9W461	0.347	0.772	0.772	81.6	1	LOW
Q4ABG0	0.773	0.575	0.773	87.5	1	-
Q9VT02	0.773	0.000	0.773	87.1	3	HIGH
Q9W200	0.639	0.773	0.773	73.6	4	HIGH
Q4V339	0.774	0.479	0.774	75.5	5	HIGH
Q9VAU9	0.692	0.774	0.774	76.0	1	HIGH
A0A0B4JD85	0.775	0.000	0.775	85.1	0	-
A6NI56	0.776	0.000	0.776	76.4	1	-
Q9VAL1	0.541	0.776	0.776	88.4	2	LOW
Q9VEU0	0.740	0.776	0.776	77.5	1	HIGH
Q7PLW4	0.700	0.777	0.777	74.4	3	HIGH
Q9W397	0.777	0.712	0.777	87.1	5	HIGH
A1Z8H4	0.622	0.778	0.778	87.6	3	HIGH
A1Z8X9	0.778	0.703	0.778	91.2	5	HIGH
A8JR34	0.778	0.700	0.778	90.1	2	HIGH
Q6IGM3	0.778	0.677	0.778	71.6	0	-
Q9VRI8	0.701	0.778	0.778	86.7	1	HIGH
B7Z0Y1	0.779	0.661	0.779	85.9	1	HIGH
O13585	0.779	0.595	0.779	73.9	4	HIGH
Q9VYY5	0.779	0.600	0.779	74.0	2	HIGH
A0A0B4KFC9	0.780	0.681	0.780	93.4	5	HIGH
E1JH07	0.780	0.000	0.780	79.9	2	HIGH
Q9VQS2	0.780	0.618	0.780	76.9	7	HIGH
Q52LC2	0.723	0.781	0.781	74.3	3	HIGH
Q9VA79	0.781	0.667	0.781	74.6	6	HIGH
Q9VAP3	0.781	0.707	0.781	80.5	1	HIGH
Q9VZ05	0.658	0.781	0.781	90.7	1	HIGH
Q9VZT6	0.781	0.000	0.781	84.9	2	HIGH
O46040	0.782	0.763	0.782	88.1	3	HIGH
Q9VCA1	0.782	0.768	0.782	88.3	3	HIGH
Q9VEB2	0.782	0.496	0.782	79.6	2	HIGH
Q9VMH7	0.696	0.782	0.782	89.5	3	HIGH
Q4AB20	0.783	0.536	0.783	91.9	1	-
Q6UXV1	0.785	0.784	0.785	86.6	2	MEDIUM
A0A1B0GVZ9	0.786	0.000	0.786	82.5	0	-
P0DTL4	0.786	0.614	0.786	77.7	4	HIGH
Q8IQG0	0.786	0.000	0.786	71.3	1	-
Q8N815	0.786	0.686	0.786	84.6	2	HIGH
Q9VVP2	0.786	0.772	0.786	88.4	8	HIGH
Q4AB36	0.787	0.637	0.787	90.7	1	LOW
Q8IRE4	0.771	0.787	0.787	89.7	5	HIGH
Q9VI64	0.732	0.787	0.787	95.2	1	HIGH
E2QCS3	0.788	0.753	0.788	77.3	6	HIGH
Q06821	0.773	0.788	0.788	70.6	1	HIGH
Q96FB5	0.788	0.524	0.788	91.3	4	HIGH
Q9VED4	0.525	0.788	0.788	83.6	1	HIGH
A6NFF2	0.789	0.744	0.789	80.5	2	HIGH
Q5LJP9	0.780	0.789	0.789	94.1	4	HIGH
Q9VFJ1	0.789	0.559	0.789	85.7	1	MEDIUM
A1Z8H1	0.622	0.790	0.790	84.1	3	HIGH
P0CF17	0.485	0.790	0.790	86.3	4	HIGH
Q8NE28	0.790	0.770	0.790	82.0	3	HIGH
Q8TDU5	0.756	0.790	0.790	83.4	2	HIGH
Q9VT95	0.790	0.757	0.790	85.1	1	HIGH
Q0E9B1	0.791	0.622	0.791	93.7	1	LOW
Q6P3X8	0.674	0.791	0.791	82.9	2	LOW
Q8IMQ6	0.749	0.792	0.792	86.8	1	HIGH
Q9VE94	0.793	0.000	0.793	73.5	1	HIGH
Q0D2K5	0.794	0.685	0.794	75.8	1	HIGH
Q8TE82	0.794	0.525	0.794	76.9	5	HIGH
Q5VVC0	0.795	0.716	0.795	86.0	1	HIGH
Q8IQB0	0.795	0.236	0.795	86.7	1	HIGH
Q9VYZ2	0.765	0.795	0.795	76.9	1	HIGH
Q2MGK1	0.797	0.530	0.797	90.3	1	-
Q8IMH8	0.797	0.689	0.797	89.9	2	HIGH
Q9I7Q5	0.621	0.797	0.797	88.6	3	HIGH
Q9VR47	0.797	0.776	0.797	77.7	2	HIGH
A0A0U1RRI6	0.798	0.566	0.798	72.3	3	HIGH
P0DPI3	0.798	0.523	0.798	71.4	3	HIGH
Q8MRQ4	0.418	0.798	0.798	75.8	2	HIGH
Q9NFP1	0.785	0.798	0.798	88.5	5	HIGH
A0A0B4LHE9	0.799	0.000	0.799	83.4	0	-
Q0KI97	0.332	0.799	0.799	86.6	1	LOW
Q8NE00	0.789	0.799	0.799	81.0	1	HIGH
A1Z8Z6	0.800	0.640	0.800	87.3	1	LOW
Q8INM9	0.789	0.800	0.800	80.1	1	HIGH
Q9VH96	0.800	0.799	0.800	89.5	5	HIGH
Q9VHL4	0.800	0.676	0.800	81.7	1	HIGH
Q9VPF8	0.781	0.800	0.800	80.8	1	HIGH
Q9VT97	0.800	0.782	0.800	76.7	3	HIGH
Q9VTH3	0.800	0.613	0.800	81.0	2	HIGH
A1Z910	0.801	0.790	0.801	88.2	4	HIGH
Q658N2	0.801	0.671	0.801	77.4	4	HIGH
Q8INZ7	0.624	0.801	0.801	87.5	1	HIGH
Q9N2Q3	0.801	0.652	0.801	87.4	5	HIGH
Q9VJ34	0.801	0.686	0.801	91.1	3	HIGH
Q9VM79	0.769	0.801	0.801	87.2	0	MEDIUM
A0A0S0WGR0	0.307	0.802	0.802	75.2	1	HIGH
Q17R55	0.784	0.802	0.802	86.4	3	HIGH
Q8IMZ5	0.741	0.802	0.802	87.5	1	HIGH
Q9VAU6	0.499	0.802	0.802	80.0	1	LOW
Q9VRJ7	0.802	0.421	0.802	72.2	3	HIGH
Q9VU31	0.802	0.801	0.802	85.4	3	HIGH
Q9VY79	0.802	0.777	0.802	78.0	3	HIGH
Q8INF8	0.793	0.803	0.803	80.7	2	HIGH
Q8NBV4	0.803	0.783	0.803	80.0	2	HIGH
X2JB52	0.803	0.683	0.803	90.0	6	HIGH
A1Z7W3	0.720	0.804	0.804	90.6	2	HIGH
Q8I0P8	0.609	0.804	0.804	87.8	3	HIGH
Q8IPD6	0.804	0.607	0.804	78.8	2	LOW
O95473	0.805	0.804	0.805	77.2	2	HIGH
A1Z8Z5	0.806	0.532	0.806	91.2	1	LOW
Q5GH77	0.806	0.726	0.806	76.9	2	HIGH
Q5UAW9	0.766	0.806	0.806	81.4	4	HIGH
Q8IMI4	0.806	0.766	0.806	82.7	2	HIGH
Q9VUY2	0.805	0.806	0.806	84.1	4	HIGH
A1Z9S4	0.807	0.000	0.807	84.8	0	-
Q9VCV7	0.718	0.807	0.807	84.8	4	HIGH
Q9VIV3	0.748	0.808	0.808	87.8	2	HIGH
Q9VP86	0.808	0.807	0.808	93.2	3	HIGH
O77259	0.809	0.000	0.809	84.0	1	-
Q4ABJ8	0.809	0.654	0.809	88.3	1	-
Q8IN22	0.787	0.809	0.809	80.1	1	HIGH
Q9H4D0	0.809	0.700	0.809	78.9	5	HIGH
Q9VU30	0.809	0.768	0.809	81.9	2	HIGH
A1Z9Y5	0.741	0.810	0.810	85.1	1	HIGH
Q8IQ72	0.706	0.810	0.810	80.8	1	HIGH
Q9VMW8	0.769	0.810	0.810	87.5	2	MEDIUM
Q9VR48	0.810	0.717	0.810	76.9	2	HIGH
Q9VRG8	0.749	0.810	0.810	74.8	6	HIGH
A0A0B4J280	0.811	0.759	0.811	84.3	5	HIGH
Q9VBM3	0.000	0.811	0.811	84.6	1	LOW
Q9VUM3	0.757	0.811	0.811	81.5	3	HIGH
Q9W452	0.811	0.791	0.811	80.4	2	HIGH
Q8IQC1	0.574	0.812	0.812	82.9	1	HIGH
Q8IWD5	0.812	0.701	0.812	74.2	3	HIGH
Q9I7L0	0.812	0.780	0.812	81.8	5	HIGH
Q9W288	0.812	0.783	0.812	81.7	3	HIGH
P39542	0.789	0.813	0.813	82.0	2	HIGH
Q6ZNF0	0.813	0.704	0.813	93.8	6	HIGH
Q9VBC2	0.813	0.000	0.813	89.8	1	HIGH
Q9VS14	0.474	0.813	0.813	85.8	3	HIGH
A0A0B4JCY7	0.814	0.000	0.814	85.5	1	-
Q6NXP6	0.814	0.666	0.814	86.7	2	HIGH
Q9VG64	0.769	0.814	0.814	89.4	3	HIGH
A1Z777	0.815	0.796	0.815	80.5	4	HIGH
A1ZAY9	0.721	0.815	0.815	85.6	1	HIGH
Q86BK9	0.815	0.772	0.815	88.9	1	HIGH
B4DZS4	0.240	0.816	0.816	80.5	1	LOW
Q06199	0.816	0.810	0.816	81.7	2	HIGH
Q9VX50	0.816	0.000	0.816	80.7	0	-
Q9W155	0.788	0.816	0.816	86.8	1	HIGH
Q6ZW05	0.795	0.817	0.817	82.3	3	HIGH
Q9VP89	0.778	0.817	0.817	93.1	0	-
Q9W3I7	0.817	0.423	0.817	72.9	1	-
Q9W3P2	0.817	0.678	0.817	84.1	4	HIGH
A8JR33	0.818	0.000	0.818	87.9	2	HIGH
O76912	0.818	0.221	0.818	76.6	4	HIGH
A0A0B4KHM5	0.819	0.811	0.819	86.8	3	HIGH
A0A0B4LFG2	0.819	0.555	0.819	91.1	2	HIGH
O46079	0.819	0.675	0.819	89.5	2	HIGH
Q6DCA0	0.812	0.819	0.819	74.0	4	MEDIUM
Q9VA43	0.819	0.765	0.819	83.3	1	HIGH
Q9VZ24	0.819	0.000	0.819	88.6	0	-
Q9W089	0.819	0.696	0.819	86.0	4	HIGH
A0A0B4K8B1	0.820	0.818	0.820	89.4	3	HIGH
Q30KQ1	0.820	0.000	0.820	71.7	1	HIGH
Q59DW1	0.820	0.000	0.820	89.8	1	HIGH
Q5R387	0.820	0.790	0.820	72.1	4	HIGH
Q9VJK5	0.820	0.804	0.820	86.9	5	HIGH
B7Z092	0.821	0.700	0.821	71.9	3	MEDIUM
Q6Q6R5	0.821	0.452	0.821	74.4	1	HIGH
Q7KV71	0.527	0.821	0.821	83.6	3	HIGH
Q8IN51	0.821	0.810	0.821	84.7	5	HIGH
Q9VMD2	0.821	0.702	0.821	70.4	3	HIGH
Q9W0Z4	0.807	0.821	0.821	78.7	5	HIGH
Q9VHB4	0.815	0.822	0.822	80.2	4	HIGH
Q9VT67	0.822	0.643	0.822	90.2	5	HIGH
Q8N806	0.823	0.000	0.823	75.4	7	HIGH
Q9VSD8	0.823	0.760	0.823	93.4	3	HIGH
Q7JZV0	0.507	0.824	0.824	92.9	3	HIGH
Q8NFQ6	0.824	0.809	0.824	82.9	6	HIGH
A8MXT2	0.825	0.473	0.825	73.8	5	HIGH
Q8MLR6	0.633	0.825	0.825	82.6	1	HIGH
Q9VD81	0.825	0.705	0.825	85.6	4	HIGH
A6NC97	0.750	0.826	0.826	85.3	2	LOW
Q0KI22	0.382	0.826	0.826	86.1	1	LOW
Q5T5M9	0.826	0.761	0.826	72.7	5	HIGH
Q7Z5M8	0.805	0.826	0.826	87.8	2	HIGH
Q9VQ02	0.826	0.793	0.826	82.3	5	HIGH
Q9VQQ4	0.826	0.000	0.826	72.1	0	-
P38157	0.732	0.828	0.828	83.6	5	HIGH
Q8WZ79	0.828	0.000	0.828	90.9	1	HIGH
Q9VI00	0.828	0.718	0.828	82.5	5	HIGH
Q9W1V0	0.785	0.828	0.828	85.5	1	HIGH
Q9W372	0.828	0.000	0.828	86.8	2	HIGH
D6RBM5	0.829	0.796	0.829	72.0	5	HIGH
Q9VHZ9	0.829	0.701	0.829	72.0	5	HIGH
Q9VZM6	0.346	0.829	0.829	75.0	1	HIGH
Q9W0R5	0.829	0.780	0.829	76.8	6	HIGH
P60153	0.830	0.696	0.830	80.8	3	HIGH
Q8IQ06	0.830	0.000	0.830	84.3	2	HIGH
Q9I7I1	0.830	0.800	0.830	78.5	7	HIGH
Q9VR30	0.830	0.798	0.830	82.4	4	HIGH
M9MRW9	0.831	0.000	0.831	85.7	0	-
Q9W438	0.831	0.720	0.831	92.0	3	HIGH
A1Z8H5	0.591	0.832	0.832	80.4	2	HIGH
A2RUU4	0.832	0.000	0.832	78.9	1	HIGH
A8Y5A2	0.786	0.832	0.832	82.4	3	HIGH
Q9VHZ8	0.832	0.656	0.832	78.1	4	HIGH
Q9VUX8	0.832	0.000	0.832	73.0	1	HIGH
Q9W4Z5	0.832	0.582	0.832	73.1	3	MEDIUM
V9H0I1	0.832	0.788	0.832	77.9	6	HIGH
Q05530	0.833	0.691	0.833	89.0	3	HIGH
Q8IQE0	0.829	0.833	0.833	80.5	2	HIGH
Q9VE56	0.566	0.833	0.833	82.2	3	HIGH
Q9VZ26	0.833	0.000	0.833	86.5	2	-
Q9W0X9	0.735	0.833	0.833	84.5	1	HIGH
A8MPS7	0.834	0.000	0.834	91.9	2	HIGH
B7Z095	0.834	0.667	0.834	78.9	3	-
C0HL65	0.565	0.834	0.834	93.2	3	HIGH
A0A0B4JCY9	0.835	0.000	0.835	76.5	0	-
P43617	0.820	0.835	0.835	80.8	4	HIGH
Q8INQ7	0.535	0.835	0.835	77.3	1	LOW
Q8MLL3	0.835	0.829	0.835	72.6	3	HIGH
Q9VS12	0.478	0.836	0.836	89.5	3	HIGH
A8DZ15	0.837	0.807	0.837	78.0	3	HIGH
Q9VCM4	0.727	0.837	0.837	85.9	1	HIGH
Q9VIG1	0.837	0.796	0.837	74.9	7	HIGH
Q9VMA0	0.837	0.515	0.837	92.1	4	HIGH
Q9W466	0.837	0.534	0.837	71.8	1	-
A1ZAL1	0.838	0.000	0.838	88.4	2	HIGH
B7YZQ4	0.709	0.838	0.838	86.9	1	HIGH
E1JHS7	0.838	0.821	0.838	90.6	1	HIGH
Q8N6M6	0.836	0.838	0.838	82.9	7	HIGH
Q9VGB2	0.838	0.810	0.838	85.0	7	HIGH
Q9W106	0.838	0.746	0.838	87.2	2	HIGH
A0A0B4LIF8	0.839	0.000	0.839	92.0	1	-
Q6PP77	0.839	0.753	0.839	80.9	2	HIGH
Q6ZRR5	0.801	0.839	0.839	94.7	2	HIGH
Q9I7K4	0.839	0.723	0.839	85.7	2	HIGH
Q9VCF0	0.839	0.794	0.839	84.9	4	MEDIUM
Q9VTI0	0.839	0.540	0.839	88.7	2	HIGH
Q9VVK2	0.839	0.833	0.839	93.8	3	HIGH
A0A0B4K7P3	0.840	0.739	0.840	80.8	3	HIGH
M9NFC6	0.840	0.000	0.840	76.2	0	-
Q0E8E1	0.840	0.797	0.840	84.9	2	HIGH
Q7KSA2	0.840	0.000	0.840	75.7	2	HIGH
Q7KVU5	0.828	0.840	0.840	84.0	4	HIGH
Q8IP85	0.840	0.746	0.840	74.0	3	HIGH
Q9VCK2	0.793	0.840	0.840	92.1	1	HIGH
Q9VM60	0.722	0.840	0.840	84.7	1	LOW
A0A1B0GWK0	0.782	0.841	0.841	77.6	4	HIGH
A8JQV1	0.835	0.841	0.841	83.8	5	HIGH
Q9VH80	0.841	0.686	0.841	78.4	6	HIGH
Q9VMN1	0.841	0.393	0.841	83.3	0	-
C0HL64	0.550	0.842	0.842	93.5	3	HIGH
P58952	0.821	0.842	0.842	86.3	1	HIGH
Q4ABI6	0.842	0.560	0.842	89.1	1	-
Q5VVW2	0.842	0.741	0.842	73.1	4	HIGH
Q9VME2	0.839	0.842	0.842	91.0	5	HIGH
A1Z9S8	0.843	0.730	0.843	88.2	6	HIGH
Q04898	0.843	0.000	0.843	93.2	2	LOW
Q9VAJ0	0.388	0.843	0.843	85.1	1	HIGH
Q9VKG0	0.843	0.494	0.843	79.6	3	HIGH
A6NMZ2	0.844	0.000	0.844	81.2	3	HIGH
Q9VVV2	0.475	0.844	0.844	82.6	1	MEDIUM
O46100	0.845	0.837	0.845	70.6	2	HIGH
Q9VGW0	0.845	0.827	0.845	88.1	5	HIGH
Q9VPE0	0.845	0.838	0.845	77.3	4	HIGH
A8QI13	0.846	0.826	0.846	77.7	5	HIGH
M9MS27	0.846	0.833	0.846	87.9	2	HIGH
Q49AG3	0.623	0.846	0.846	81.4	2	HIGH
Q9VEW7	0.837	0.846	0.846	86.6	2	HIGH
Q9VIY0	0.846	0.772	0.846	86.0	3	HIGH
Q9VQ51	0.846	0.779	0.846	71.9	1	HIGH
Q9VXG0	0.846	0.814	0.846	90.8	1	HIGH
A1Z824	0.847	0.836	0.847	81.3	6	HIGH
Q0E9N4	0.847	0.768	0.847	80.0	3	HIGH
Q2MGL9	0.839	0.847	0.847	91.2	5	HIGH
Q9VB45	0.847	0.000	0.847	74.2	2	HIGH
Q9VJ71	0.820	0.847	0.847	83.5	4	HIGH
A8JNG6	0.848	0.000	0.848	71.8	3	HIGH
Q8N8M0	0.848	0.815	0.848	87.5	3	HIGH
Q9NSJ1	0.848	0.538	0.848	73.2	3	HIGH
Q9VGG6	0.848	0.000	0.848	86.1	1	-
Q9VQY5	0.835	0.848	0.848	86.3	3	HIGH
Q07379	0.849	0.728	0.849	93.7	2	HIGH
Q9VWR8	0.833	0.849	0.849	76.4	2	HIGH
Q86BM2	0.753	0.850	0.850	88.0	0	-
Q9VRT6	0.850	0.644	0.850	82.4	3	MEDIUM
Q9VSZ4	0.850	0.000	0.850	94.8	2	-
Q86B82	0.851	0.564	0.851	91.1	4	HIGH
Q9VM07	0.851	0.846	0.851	93.1	4	HIGH
Q9VQ34	0.851	0.723	0.851	75.6	2	HIGH
Q9VQU3	0.826	0.851	0.851	84.3	8	HIGH
Q9VVV8	0.746	0.851	0.851	94.2	4	HIGH
A0A494C1R9	0.852	0.687	0.852	71.8	2	HIGH
Q7KTF1	0.852	0.624	0.852	90.5	1	HIGH
Q96MI9	0.852	0.795	0.852	78.3	6	HIGH
Q9VEW9	0.849	0.852	0.852	88.0	2	HIGH
Q9VLL0	0.831	0.852	0.852	85.3	9	HIGH
Q7Z402	0.767	0.853	0.853	77.4	2	HIGH
Q8MLS3	0.464	0.853	0.853	85.6	1	MEDIUM
Q9VXF5	0.853	0.803	0.853	84.0	3	HIGH
Q9VXK3	0.853	0.723	0.853	71.5	3	HIGH
Q969T3	0.854	0.760	0.854	75.4	4	HIGH
Q9H7M6	0.471	0.854	0.854	84.0	3	HIGH
Q9VEW8	0.824	0.854	0.854	86.9	2	HIGH
Q9VJ99	0.854	0.751	0.854	92.3	3	HIGH
Q9VNT8	0.607	0.854	0.854	88.8	3	HIGH
Q9VTR2	0.854	0.225	0.854	78.2	3	HIGH
Q9VWJ9	0.854	0.846	0.854	91.7	2	HIGH
A1ZB07	0.855	0.796	0.855	77.2	3	HIGH
Q9VDF7	0.855	0.796	0.855	90.3	2	-
Q9VYA7	0.855	0.742	0.855	72.7	5	HIGH
A0A0A0MS01	0.856	0.843	0.856	88.1	5	HIGH
A1ZBX4	0.856	0.822	0.856	84.6	5	HIGH
A8MTL0	0.856	0.790	0.856	92.9	2	HIGH
P0CF20	0.694	0.856	0.856	79.2	1	HIGH
P0CV99	0.856	0.724	0.856	71.7	2	HIGH
Q03648	0.856	0.800	0.856	89.9	3	HIGH
Q7KSM4	0.856	0.634	0.856	74.6	1	HIGH
Q9VAR2	0.856	0.557	0.856	89.5	1	-
Q9VCZ2	0.857	0.518	0.857	76.2	4	HIGH
Q9VFV1	0.857	0.840	0.857	78.7	2	HIGH
Q9VID1	0.823	0.857	0.857	90.4	3	HIGH
Q9VKA2	0.857	0.000	0.857	77.6	0	-
Q9VN16	0.807	0.857	0.857	82.7	4	HIGH
Q9VP55	0.614	0.857	0.857	88.2	3	HIGH
Q9W376	0.857	0.815	0.857	88.3	3	HIGH
A1Z803	0.858	0.811	0.858	91.2	3	HIGH
E1JIC1	0.858	0.000	0.858	73.6	2	HIGH
Q9BQP9	0.858	0.632	0.858	75.0	3	HIGH
Q9VV99	0.858	0.829	0.858	80.3	7	HIGH
Q9W028	0.829	0.858	0.858	90.9	2	HIGH
A8JRE8	0.830	0.859	0.859	84.9	3	HIGH
Q5JW98	0.859	0.833	0.859	74.5	1	HIGH
Q6ZTZ1	0.859	0.000	0.859	71.3	2	-
Q9BYG7	0.859	0.848	0.859	79.5	4	HIGH
Q9VVN1	0.814	0.859	0.859	72.9	0	-
A0A0B4LHK8	0.783	0.860	0.860	75.4	2	HIGH
P58960	0.820	0.860	0.860	84.3	1	HIGH
P83097	0.860	0.840	0.860	76.9	9	HIGH
Q4L235	0.853	0.860	0.860	81.1	12	HIGH
Q9BXY5	0.860	0.342	0.860	70.0	4	HIGH
Q9H3V2	0.860	0.709	0.860	76.0	2	HIGH
Q9VWD8	0.860	0.826	0.860	79.6	5	HIGH
Q9W3X3	0.847	0.860	0.860	92.9	4	HIGH
X2JLD3	0.860	0.000	0.860	75.4	0	-
A1ZAR6	0.861	0.773	0.861	92.2	5	HIGH
A6ND91	0.861	0.535	0.861	93.7	4	HIGH
A6NE02	0.861	0.752	0.861	84.7	5	HIGH
Q5U4P2	0.861	0.720	0.861	74.3	3	-
Q92771	0.861	0.781	0.861	76.2	7	HIGH
Q9VKZ1	0.861	0.770	0.861	81.3	4	HIGH
Q9VMQ2	0.861	0.487	0.861	82.7	1	HIGH
Q9VMS7	0.856	0.861	0.861	91.9	5	HIGH
P58961	0.862	0.843	0.862	87.4	0	-
Q8N468	0.862	0.811	0.862	77.2	2	HIGH
Q9VLY5	0.862	0.838	0.862	85.4	2	HIGH
Q9VMJ1	0.862	0.605	0.862	84.7	6	HIGH
A0A0B4K6L9	0.863	0.000	0.863	75.6	1	-
Q8WZ33	0.863	0.000	0.863	78.6	2	HIGH
Q9VBV4	0.863	0.820	0.863	90.1	2	LOW
Q9VCW3	0.863	0.582	0.863	78.2	3	HIGH
Q9VL33	0.863	0.840	0.863	80.9	4	HIGH
Q9VLF6	0.863	0.789	0.863	93.7	2	HIGH
Q9VTC7	0.477	0.863	0.863	85.3	3	HIGH
Q8NG35	0.864	0.000	0.864	71.0	1	HIGH
Q9VAQ9	0.840	0.864	0.864	91.7	2	HIGH
Q9VHN3	0.492	0.864	0.864	87.3	2	HIGH
Q9VRV2	0.864	0.763	0.864	84.1	15	HIGH
Q9VW14	0.864	0.773	0.864	80.8	7	HIGH
Q9VZN6	0.821	0.864	0.864	88.5	4	HIGH
A0A126GV02	0.865	0.000	0.865	87.9	1	-
Q9BXU1	0.865	0.854	0.865	76.7	6	HIGH
Q9VYQ5	0.865	0.865	0.865	89.6	5	HIGH
A1Z6G9	0.657	0.866	0.866	79.4	2	HIGH
A6NFE3	0.866	0.000	0.866	83.5	5	HIGH
Q9VHA5	0.866	0.792	0.866	89.5	2	HIGH
Q9VS78	0.856	0.866	0.866	92.4	3	HIGH
Q9VXQ1	0.866	0.679	0.866	76.6	4	HIGH
Q08361	0.867	0.000	0.867	89.8	3	HIGH
Q6JVE9	0.867	0.733	0.867	80.0	3	HIGH
Q9VLV6	0.849	0.867	0.867	86.3	5	HIGH
Q9W1N5	0.867	0.866	0.867	86.3	1	HIGH
A8MXK1	0.868	0.851	0.868	88.2	5	HIGH
M9NFL7	0.807	0.868	0.868	78.5	3	HIGH
Q8IMH9	0.868	0.855	0.868	73.4	3	HIGH
Q9VKN4	0.289	0.868	0.868	82.0	1	HIGH
Q9VT82	0.868	0.865	0.868	91.7	3	HIGH
M9NE98	0.869	0.864	0.869	82.5	4	HIGH
Q5T2N8	0.869	0.827	0.869	83.7	4	HIGH
Q8MMD0	0.491	0.869	0.869	79.7	1	HIGH
Q9I7T3	0.869	0.821	0.869	85.7	2	HIGH
Q9VCU2	0.811	0.869	0.869	85.9	5	HIGH
Q9VHN4	0.869	0.857	0.869	86.8	4	HIGH
Q9W3B3	0.869	0.868	0.869	90.6	2	HIGH
A0A3B3IU63	0.870	0.827	0.870	77.6	3	HIGH
A1Z7I5	0.870	0.710	0.870	77.6	4	HIGH
Q32ZL2	0.393	0.870	0.870	82.2	3	HIGH
Q9V7G5	0.870	0.864	0.870	91.1	5	HIGH
Q9VX24	0.842	0.870	0.870	77.4	4	HIGH
Q9VYR0	0.870	0.729	0.870	83.2	5	HIGH
Q9VAX9	0.871	0.000	0.871	76.6	1	-
Q9VFG1	0.871	0.803	0.871	87.5	3	HIGH
Q9VVK1	0.853	0.871	0.871	94.4	3	HIGH
Q9VW93	0.871	0.287	0.871	85.1	3	HIGH
Q68CR1	0.872	0.741	0.872	81.3	4	HIGH
Q6Q5P6	0.872	0.000	0.872	73.6	3	-
Q9VDF8	0.872	0.812	0.872	90.1	2	-
Q9VVV4	0.818	0.872	0.872	84.7	7	HIGH
Q9VX08	0.872	0.321	0.872	78.2	6	HIGH
Q9W1J7	0.872	0.718	0.872	85.2	5	HIGH
Q9W1R1	0.872	0.828	0.872	91.4	2	HIGH
Q9W481	0.872	0.826	0.872	77.5	5	HIGH
A0A0B4K838	0.862	0.873	0.873	90.0	3	HIGH
A0A126GV05	0.873	0.000	0.873	78.1	1	-
A0A2R8Y4Y8	0.873	0.797	0.873	72.6	1	MEDIUM
A1Z7N0	0.845	0.873	0.873	90.8	3	HIGH
E1JIB0	0.873	0.000	0.873	75.4	1	-
Q9VFL8	0.847	0.873	0.873	73.6	0	MEDIUM
Q9VKZ5	0.831	0.873	0.873	72.3	4	HIGH
A1Z924	0.874	0.534	0.874	89.5	1	LOW
A1ZA28	0.874	0.519	0.874	84.5	2	HIGH
P53110	0.874	0.742	0.874	90.3	3	HIGH
P58951	0.800	0.874	0.874	86.2	1	HIGH
P91942	0.388	0.874	0.874	91.1	3	HIGH
Q5SZI1	0.872	0.874	0.874	78.7	4	HIGH
Q9VBY5	0.874	0.000	0.874	70.8	2	HIGH
Q9VCJ9	0.874	0.868	0.874	84.8	7	HIGH
Q9VSS7	0.874	0.282	0.874	76.6	1	LOW
Q9VUN5	0.874	0.000	0.874	72.6	0	-
Q9VZ61	0.874	0.000	0.874	76.3	2	HIGH
X2JCG8	0.874	0.865	0.874	79.4	3	HIGH
A0A0B4KEZ3	0.875	0.795	0.875	90.2	3	HIGH
Q8IQV4	0.875	0.698	0.875	78.6	2	HIGH
Q8N808	0.733	0.875	0.875	85.3	2	HIGH
Q9VC65	0.864	0.875	0.875	79.4	3	HIGH
Q9VXW4	0.872	0.875	0.875	76.4	4	HIGH
Q9VLU9	0.495	0.876	0.876	80.8	1	LOW
A0A0B4LHW5	0.877	0.000	0.877	85.5	2	-
Q7Z5Y7	0.877	0.686	0.877	70.5	4	HIGH
Q8IRL9	0.877	0.750	0.877	86.4	8	HIGH
A0A2R8YFL7	0.878	0.611	0.878	70.9	1	MEDIUM
M9ND39	0.878	0.732	0.878	90.2	4	HIGH
Q9V9P0	0.878	0.860	0.878	80.3	4	HIGH
Q9VFP9	0.871	0.878	0.878	92.1	3	HIGH
Q9VIV5	0.856	0.878	0.878	92.3	4	HIGH
X2JJX6	0.878	0.866	0.878	79.3	9	HIGH
A8DYT7	0.879	0.876	0.879	88.8	4	HIGH
M9MRJ2	0.785	0.879	0.879	80.5	4	HIGH
Q9VBQ2	0.857	0.879	0.879	77.7	4	HIGH
Q9VLY4	0.871	0.879	0.879	82.2	2	HIGH
Q9VZD9	0.823	0.879	0.879	85.2	3	HIGH
Q9VZF0	0.879	0.700	0.879	74.9	4	HIGH
Q86XH1	0.880	0.818	0.880	79.8	4	HIGH
Q8NHV5	0.848	0.880	0.880	88.7	1	-
Q9V9V4	0.880	0.853	0.880	94.6	3	HIGH
Q9VF38	0.854	0.880	0.880	92.2	2	HIGH
Q9VPQ8	0.880	0.836	0.880	77.5	7	HIGH
Q9VXC1	0.880	0.864	0.880	91.6	2	HIGH
Q9W440	0.880	0.762	0.880	95.5	2	HIGH
A0A0B4K6C0	0.881	0.000	0.881	71.9	0	-
Q6NVV3	0.226	0.881	0.881	81.1	2	HIGH
Q86TD4	0.881	0.662	0.881	84.2	5	HIGH
Q9VE43	0.881	0.000	0.881	90.1	2	HIGH
Q9VE72	0.881	0.781	0.881	85.7	6	HIGH
Q9VPG0	0.881	0.872	0.881	77.9	2	HIGH
Q9VW61	0.821	0.881	0.881	86.9	1	-
Q9VXT8	0.881	0.000	0.881	71.3	3	HIGH
Q9W1R0	0.881	0.874	0.881	93.4	2	HIGH
A8DYR4	0.882	0.834	0.882	86.1	6	HIGH
Q9VAI6	0.882	0.000	0.882	89.9	2	HIGH
Q9VBV1	0.882	0.818	0.882	90.1	2	-
A6NDA9	0.883	0.879	0.883	77.2	12	HIGH
H0Y354	0.763	0.883	0.883	85.4	1	HIGH
M9PFD1	0.883	0.000	0.883	91.8	0	-
P53343	0.000	0.883	0.883	70.6	2	HIGH
Q9VXW3	0.861	0.883	0.883	77.2	4	HIGH
A0A6H2EEF7	0.850	0.884	0.884	92.6	3	HIGH
A1ZA34	0.884	0.848	0.884	81.7	5	HIGH
Q9VAA7	0.884	0.864	0.884	86.8	2	HIGH
Q9VD87	0.866	0.884	0.884	87.7	8	HIGH
Q9VQN9	0.843	0.884	0.884	85.0	6	HIGH
Q9W4B6	0.718	0.884	0.884	84.7	1	HIGH
P92194	0.550	0.885	0.885	89.6	3	HIGH
Q6ZV70	0.885	0.864	0.885	93.0	3	HIGH
Q6ZV89	0.885	0.813	0.885	70.3	4	HIGH
Q6ZVX9	0.843	0.885	0.885	85.7	1	HIGH
Q7KUN4	0.885	0.726	0.885	79.5	3	HIGH
Q9HD45	0.288	0.885	0.885	86.6	1	HIGH
Q9VB99	0.668	0.885	0.885	87.6	2	HIGH
Q9VBC1	0.885	0.000	0.885	78.2	0	-
Q9VI40	0.885	0.845	0.885	93.4	3	HIGH
Q9VQS0	0.885	0.000	0.885	72.6	1	-
Q9VW70	0.885	0.878	0.885	81.3	4	HIGH
Q9VXT4	0.885	0.000	0.885	74.0	3	HIGH
Q9W3R1	0.885	0.872	0.885	82.4	3	HIGH
Q9W5N0	0.885	0.766	0.885	88.2	3	HIGH
A0A0B4LHI2	0.886	0.000	0.886	82.5	1	-
A1Z8Z7	0.527	0.886	0.886	81.5	3	HIGH
A6NFU8	0.886	0.000	0.886	89.3	2	-
E1JH19	0.861	0.886	0.886	82.4	6	HIGH
Q8NCS4	0.874	0.886	0.886	78.9	2	-
Q8WUS8	0.815	0.886	0.886	89.5	3	HIGH
Q9VAT2	0.830	0.886	0.886	72.1	5	HIGH
Q9VJA0	0.886	0.819	0.886	94.8	4	HIGH
Q9VZH1	0.751	0.886	0.886	90.6	1	HIGH
A1Z8J0	0.887	0.686	0.887	82.2	4	HIGH
A6NJW4	0.887	0.854	0.887	79.0	4	HIGH
P0DJR0	0.887	0.865	0.887	93.5	3	HIGH
Q0KI14	0.887	0.837	0.887	70.0	4	HIGH
Q7KW25	0.887	0.767	0.887	82.8	2	HIGH
Q8IN95	0.887	0.854	0.887	75.7	4	HIGH
Q8INP9	0.551	0.887	0.887	93.1	1	LOW
Q9VG22	0.887	0.855	0.887	93.6	3	HIGH
Q9VJQ3	0.887	0.865	0.887	93.6	2	HIGH
Q9VU78	0.859	0.887	0.887	90.4	3	HIGH
Q9W247	0.887	0.193	0.887	88.5	5	HIGH
Q9W550	0.887	0.869	0.887	74.8	5	HIGH
M9PFR8	0.888	0.718	0.888	89.6	6	HIGH
Q5GAN4	0.888	0.733	0.888	88.2	3	HIGH
Q9VB17	0.888	0.814	0.888	83.7	2	HIGH
Q9VFE7	0.888	0.826	0.888	78.6	1	HIGH
Q9VJY4	0.888	0.877	0.888	84.3	4	HIGH
Q9VMX1	0.657	0.888	0.888	93.4	2	HIGH
Q9VXF6	0.888	0.674	0.888	76.6	4	HIGH
Q9VZX0	0.888	0.746	0.888	78.5	2	HIGH
A8JRA0	0.889	0.876	0.889	81.2	5	HIGH
P82983	0.883	0.889	0.889	89.3	1	HIGH
Q6ZST4	0.889	0.805	0.889	70.8	3	HIGH
Q8NEA4	0.889	0.000	0.889	89.7	3	HIGH
Q9VNH5	0.889	0.731	0.889	83.6	3	HIGH
Q9VWX7	0.889	0.550	0.889	75.4	4	HIGH
Q9W4J6	0.889	0.307	0.889	83.6	3	HIGH
Q9VEZ7	0.890	0.805	0.890	86.8	2	LOW
Q9VLU3	0.890	0.779	0.890	95.5	4	HIGH
Q9VM54	0.890	0.000	0.890	75.4	4	HIGH
A0A0B4KGD9	0.839	0.891	0.891	72.1	5	HIGH
A0A6M3Q724	0.836	0.891	0.891	83.6	3	HIGH
A6NHM9	0.881	0.891	0.891	89.9	9	HIGH
P0C672	0.836	0.891	0.891	90.8	3	HIGH
Q8IRF4	0.891	0.233	0.891	79.1	2	HIGH
Q9NVX7	0.891	0.841	0.891	77.7	9	HIGH
Q9VF34	0.891	0.760	0.891	74.1	4	HIGH
Q9VSD7	0.891	0.742	0.891	80.0	4	HIGH
Q9VYP9	0.891	0.777	0.891	92.1	3	HIGH
A1Z8R5	0.882	0.892	0.892	93.3	1	HIGH
P0CW19	0.892	0.860	0.892	73.2	2	HIGH
Q8INZ8	0.892	0.887	0.892	95.2	3	HIGH
Q9V3J5	0.883	0.892	0.892	83.9	3	HIGH
Q9VA93	0.892	0.767	0.892	87.6	2	HIGH
Q9VC67	0.892	0.817	0.892	91.6	2	LOW
Q9VK68	0.892	0.823	0.892	84.5	4	HIGH
X2JFV5	0.892	0.000	0.892	76.0	0	-
A0A0B4LG43	0.893	0.874	0.893	85.2	4	HIGH
A0AAG2SXN7	0.844	0.893	0.893	85.6	3	HIGH
A1Z9K4	0.893	0.846	0.893	75.1	3	HIGH
M9NE79	0.893	0.866	0.893	90.8	5	HIGH
P0C263	0.842	0.893	0.893	89.6	4	HIGH
Q5TDP6	0.893	0.625	0.893	77.5	4	HIGH
Q9H3Y0	0.893	0.872	0.893	82.8	4	HIGH
Q9VJ75	0.887	0.893	0.893	81.1	3	HIGH
A0A0B4KF22	0.894	0.788	0.894	88.6	2	-
Q9VC87	0.894	0.888	0.894	84.4	9	HIGH
Q9VJ04	0.894	0.517	0.894	79.8	6	HIGH
Q9Y0Y7	0.893	0.894	0.894	94.8	3	HIGH
A0A0B4LG94	0.872	0.895	0.895	84.1	6	HIGH
Q7KVM8	0.895	0.873	0.895	83.3	6	HIGH
Q9VC06	0.895	0.832	0.895	90.0	5	HIGH
Q9VF65	0.758	0.895	0.895	82.2	3	HIGH
Q9VMI8	0.895	0.607	0.895	96.1	3	HIGH
Q9VMV3	0.895	0.891	0.895	83.2	7	HIGH
Q9VP46	0.895	0.753	0.895	71.1	6	HIGH
Q9VQI0	0.895	0.622	0.895	81.3	2	HIGH
Q9VRN1	0.334	0.895	0.895	85.9	1	HIGH
Q9W047	0.837	0.895	0.895	89.8	3	HIGH
Q6UXD7	0.896	0.860	0.896	74.8	3	HIGH
Q6UY09	0.896	0.756	0.896	74.0	6	HIGH
Q86WN2	0.896	0.830	0.896	81.5	2	HIGH
Q8NFQ5	0.829	0.896	0.896	88.0	4	HIGH
Q9V776	0.864	0.896	0.896	88.8	5	HIGH
Q9VA55	0.866	0.896	0.896	81.1	4	HIGH
Q9VB30	0.788	0.896	0.896	87.4	1	HIGH
Q9VB66	0.896	0.886	0.896	80.9	7	HIGH
Q9VDK7	0.896	0.439	0.896	83.7	5	HIGH
Q9VQ75	0.896	0.893	0.896	84.8	3	HIGH
Q9VQZ5	0.896	0.000	0.896	76.5	1	MEDIUM
Q9VVN6	0.874	0.896	0.896	90.4	4	HIGH
Q9W0M5	0.793	0.896	0.896	87.1	1	LOW
A1ZB48	0.897	0.829	0.897	91.6	3	HIGH
Q8IYP2	0.897	0.877	0.897	90.4	4	HIGH
Q9H4I8	0.886	0.897	0.897	90.5	3	HIGH
Q9VEG9	0.333	0.897	0.897	92.7	1	HIGH
Q9VLP9	0.704	0.897	0.897	93.6	2	HIGH
Q9VPG2	0.897	0.883	0.897	78.5	2	HIGH
A0A1W2PR48	0.898	0.878	0.898	72.3	4	HIGH
A1Z7Q7	0.752	0.898	0.898	81.2	4	HIGH
E1JI09	0.898	0.000	0.898	93.4	2	HIGH
Q2PDY8	0.898	0.744	0.898	70.0	3	HIGH
Q9VFR0	0.898	0.783	0.898	83.0	1	HIGH
Q9VGN6	0.898	0.885	0.898	82.9	2	HIGH
Q9VS41	0.898	0.836	0.898	75.9	6	HIGH
Q9VVQ9	0.898	0.874	0.898	90.9	6	HIGH
Q9VWR2	0.879	0.898	0.898	93.5	5	HIGH
Q9W045	0.860	0.898	0.898	93.3	3	HIGH
Q9W3G8	0.898	0.524	0.898	95.5	2	HIGH
A1ZAL5	0.879	0.899	0.899	82.3	4	HIGH
E1JHG3	0.899	0.882	0.899	90.4	2	HIGH
Q94915	0.899	0.733	0.899	94.7	6	HIGH
Q9H920	0.427	0.899	0.899	84.4	3	HIGH
Q9VA50	0.899	0.898	0.899	86.3	7	HIGH
Q9VB64	0.899	0.738	0.899	95.2	3	HIGH
Q9VDF6	0.899	0.778	0.899	91.1	2	-
Q9VN27	0.899	0.888	0.899	91.7	4	HIGH
Q9W448	0.899	0.889	0.899	85.9	5	HIGH
Q8IMF4	0.900	0.854	0.900	71.7	1	HIGH
Q8MH63	0.900	0.875	0.900	80.4	2	HIGH
Q9VQC4	0.900	0.882	0.900	94.5	5	HIGH
A0A0B4KHJ0	0.901	0.675	0.901	82.6	6	HIGH
Q5VWM6	0.732	0.901	0.901	82.1	5	HIGH
Q8TE57	0.901	0.539	0.901	71.9	11	HIGH
Q8WXS4	0.833	0.901	0.901	87.4	1	HIGH
Q9I7J0	0.901	0.758	0.901	86.8	6	HIGH
Q9V4T3	0.901	0.898	0.901	89.8	5	HIGH
Q9VAS2	0.901	0.876	0.901	89.9	5	HIGH
Q9VCJ0	0.901	0.871	0.901	77.6	6	HIGH
Q9VQU4	0.901	0.881	0.901	86.8	4	HIGH
Q9VRE9	0.901	0.827	0.901	78.9	3	HIGH
Q9VXY4	0.846	0.901	0.901	93.5	2	LOW
Q9W3P6	0.748	0.901	0.901	73.2	2	HIGH
Q6IHY4	0.902	0.821	0.902	83.4	0	-
Q8N6Y2	0.902	0.855	0.902	78.1	5	HIGH
Q9VHB2	0.617	0.902	0.902	78.4	1	HIGH
Q9VK31	0.902	0.753	0.902	70.6	5	HIGH
Q8IRC8	0.348	0.903	0.903	83.8	1	HIGH
Q9VB77	0.903	0.847	0.903	90.7	2	-
Q9VBG7	0.903	0.000	0.903	96.5	1	-
Q9W2Q2	0.903	0.893	0.903	85.7	4	HIGH
A0A1B0GX95	0.904	0.885	0.904	82.9	5	HIGH
A1Z7X3	0.904	0.880	0.904	84.3	2	HIGH
A8JQU1	0.904	0.878	0.904	86.8	7	HIGH
M9MRT1	0.904	0.902	0.904	84.8	3	HIGH
P53403	0.904	0.883	0.904	84.7	6	HIGH
Q8N0Z9	0.904	0.737	0.904	77.1	7	HIGH
Q9GIP4	0.904	0.813	0.904	78.4	2	HIGH
Q9VDV5	0.904	0.902	0.904	88.2	3	HIGH
Q9VHP4	0.904	0.884	0.904	90.7	4	HIGH
Q9VKD2	0.506	0.904	0.904	82.8	1	HIGH
Q9VPD9	0.839	0.904	0.904	78.7	4	HIGH
Q9VRT1	0.904	0.904	0.904	70.0	6	HIGH
Q9VVQ5	0.904	0.854	0.904	86.7	6	HIGH
Q9W142	0.904	0.857	0.904	83.4	3	HIGH
A0A6M3QGH5	0.905	0.672	0.905	90.3	1	-
Q5SQS7	0.905	0.869	0.905	83.4	3	HIGH
Q7PLV6	0.905	0.870	0.905	88.2	7	HIGH
Q8I937	0.905	0.848	0.905	78.2	1	HIGH
Q9NVA4	0.465	0.905	0.905	71.5	1	LOW
Q9VH25	0.905	0.838	0.905	88.8	2	HIGH
Q9VWF3	0.782	0.905	0.905	90.2	4	HIGH
Q9VZ55	0.905	0.869	0.905	83.2	12	HIGH
Q9W011	0.876	0.905	0.905	90.8	5	HIGH
Q9W271	0.905	0.820	0.905	81.1	4	HIGH
A6NKX4	0.906	0.807	0.906	78.2	3	HIGH
Q5H913	0.906	0.900	0.906	70.8	3	HIGH
Q8IH00	0.906	0.852	0.906	85.7	7	LOW
Q8IPS4	0.906	0.805	0.906	92.0	8	HIGH
Q9VE08	0.906	0.366	0.906	83.1	3	HIGH
Q9VTR0	0.906	0.280	0.906	90.4	3	HIGH
Q9VXC5	0.906	0.889	0.906	88.9	3	HIGH
A0A1W2PR95	0.907	0.888	0.907	79.9	2	HIGH
A1ZA14	0.752	0.907	0.907	88.3	1	HIGH
A6NNS2	0.907	0.896	0.907	87.5	4	HIGH
Q4QY38	0.907	0.000	0.907	79.7	1	HIGH
Q9VWK0	0.907	0.849	0.907	76.2	3	HIGH
Q9VXR9	0.907	0.809	0.907	83.8	6	HIGH
Q9VYA1	0.907	0.787	0.907	90.4	3	HIGH
A6NNN8	0.796	0.908	0.908	83.7	1	HIGH
Q12257	0.791	0.908	0.908	84.8	5	HIGH
Q86SM5	0.881	0.908	0.908	86.1	4	HIGH
Q8ING0	0.908	0.905	0.908	74.0	6	HIGH
Q8INW8	0.908	0.649	0.908	83.7	1	HIGH
Q9VIK9	0.908	0.891	0.908	89.8	3	HIGH
Q9VIV6	0.834	0.908	0.908	92.8	5	HIGH
Q9VXS8	0.908	0.889	0.908	93.1	2	HIGH
Q9VYV0	0.870	0.908	0.908	83.2	3	HIGH
Q9VZW6	0.908	0.000	0.908	85.3	3	HIGH
Q5VUY0	0.909	0.892	0.909	94.6	4	HIGH
Q86B58	0.909	0.909	0.909	86.2	5	HIGH
Q8NGA4	0.909	0.866	0.909	79.0	3	HIGH
Q9VJ58	0.909	0.870	0.909	81.6	7	HIGH
Q9VRV9	0.909	0.905	0.909	89.3	6	HIGH
Q9W1X6	0.909	0.883	0.909	83.0	5	HIGH
Q9W2R1	0.907	0.909	0.909	91.3	4	HIGH
A0A0B4K7H3	0.910	0.697	0.910	85.2	2	MEDIUM
A0A0B4K875	0.910	0.850	0.910	80.9	6	HIGH
A1Z8L7	0.910	0.865	0.910	80.7	4	HIGH
A8MXE2	0.910	0.898	0.910	88.1	1	HIGH
P82985	0.851	0.910	0.910	91.2	1	HIGH
Q8INR5	0.910	0.517	0.910	77.7	3	HIGH
Q8IP78	0.910	0.882	0.910	88.5	3	HIGH
Q9VGB3	0.910	0.901	0.910	93.7	5	HIGH
Q9VKN9	0.720	0.910	0.910	94.3	2	HIGH
Q9VRA0	0.902	0.910	0.910	87.0	3	HIGH
Q9VYJ4	0.733	0.910	0.910	82.0	2	HIGH
Q6P2M8	0.911	0.888	0.911	81.8	5	HIGH
Q9H1F0	0.911	0.540	0.911	83.1	2	HIGH
Q9V9Y6	0.911	0.867	0.911	92.7	4	HIGH
Q9VD68	0.911	0.859	0.911	93.5	3	HIGH
Q9VDV7	0.908	0.911	0.911	88.9	3	HIGH
Q9VJH7	0.911	0.780	0.911	77.7	4	HIGH
A0AAG2TCD0	0.500	0.912	0.912	83.8	2	HIGH
O60811	0.751	0.912	0.912	81.1	5	HIGH
P0DY26	0.912	0.000	0.912	80.0	1	HIGH
Q6UX27	0.912	0.902	0.912	76.2	5	HIGH
Q7KT84	0.912	0.898	0.912	76.3	5	HIGH
Q9VE31	0.912	0.589	0.912	84.6	3	HIGH
Q9VFG2	0.909	0.912	0.912	87.4	3	HIGH
Q9VM22	0.912	0.802	0.912	86.8	2	HIGH
Q9VUN8	0.912	0.907	0.912	92.4	2	HIGH
Q9VWE7	0.912	0.893	0.912	85.7	6	HIGH
Q9W298	0.912	0.536	0.912	88.9	3	LOW
Q9W3S8	0.885	0.912	0.912	84.8	7	HIGH
A0A0B4K7B4	0.913	0.000	0.913	74.8	0	-
A8DYY5	0.913	0.773	0.913	94.3	3	HIGH
M9PEP7	0.913	0.844	0.913	72.4	3	HIGH
O95157	0.913	0.332	0.913	71.9	2	MEDIUM
P0CV98	0.853	0.913	0.913	74.4	2	HIGH
P62502	0.913	0.762	0.913	79.7	4	HIGH
Q58FF6	0.913	0.869	0.913	79.2	6	HIGH
Q5SWL8	0.769	0.913	0.913	83.5	5	HIGH
Q9I7S2	0.913	0.785	0.913	95.9	3	HIGH
Q9VA88	0.913	0.898	0.913	78.6	8	HIGH
Q9VEH4	0.913	0.709	0.913	86.7	3	HIGH
Q9VGZ0	0.892	0.913	0.913	87.8	5	HIGH
Q9W3V1	0.913	0.895	0.913	88.8	6	HIGH
A1ZA39	0.893	0.914	0.914	87.0	6	HIGH
A1ZA41	0.898	0.914	0.914	86.1	4	HIGH
B4DX44	0.914	0.832	0.914	72.4	4	HIGH
B7YZM8	0.914	0.734	0.914	78.9	6	HIGH
O76462	0.780	0.914	0.914	89.4	2	HIGH
P47182	0.914	0.826	0.914	94.3	3	HIGH
Q07530	0.914	0.905	0.914	85.3	3	HIGH
Q2MGL8	0.906	0.914	0.914	93.8	4	HIGH
Q9V559	0.914	0.859	0.914	93.2	5	HIGH
Q9V5L3	0.914	0.882	0.914	83.2	5	HIGH
Q9VXY0	0.914	0.891	0.914	90.1	5	HIGH
Q9VZD2	0.914	0.905	0.914	93.5	4	HIGH
P0C7V8	0.875	0.915	0.915	70.3	4	HIGH
P22580	0.915	0.826	0.915	96.2	3	HIGH
Q5TC63	0.915	0.898	0.915	94.7	3	HIGH
Q7Z5A4	0.915	0.899	0.915	75.4	4	HIGH
Q8WW62	0.915	0.721	0.915	81.4	2	HIGH
Q9VI79	0.877	0.915	0.915	91.2	5	HIGH
Q9VTY1	0.911	0.915	0.915	86.9	4	HIGH
Q9VWK6	0.579	0.915	0.915	79.0	2	HIGH
Q9W1G4	0.906	0.915	0.915	90.5	5	HIGH
A1Z7S7	0.916	0.707	0.916	82.0	7	HIGH
M9PCH1	0.916	0.831	0.916	86.6	2	HIGH
Q6UWY5	0.916	0.914	0.916	88.4	2	HIGH
Q8IQM1	0.916	0.874	0.916	72.6	4	HIGH
Q9VHV9	0.871	0.916	0.916	92.5	3	HIGH
Q9VKR5	0.842	0.916	0.916	90.2	3	HIGH
Q9VMD3	0.916	0.866	0.916	91.4	6	HIGH
Q9VQ01	0.915	0.916	0.916	80.5	5	HIGH
Q9VQD0	0.916	0.742	0.916	89.6	1	LOW
Q9VQP0	0.894	0.916	0.916	89.2	6	HIGH
Q9VZZ8	0.916	0.308	0.916	80.4	2	LOW
A1L157	0.801	0.917	0.917	87.7	3	HIGH
A1Z9Q7	0.917	0.917	0.917	87.7	3	HIGH
P25612	0.917	0.842	0.917	86.4	3	HIGH
Q2PDY6	0.917	0.331	0.917	73.8	2	HIGH
Q4ABI1	0.917	0.559	0.917	84.9	1	LOW
Q5VTA0	0.735	0.917	0.917	76.1	5	HIGH
Q6ZWI9	0.917	0.881	0.917	83.4	10	HIGH
Q9VBU5	0.912	0.917	0.917	94.1	4	HIGH
Q9VCF6	0.845	0.917	0.917	93.2	4	HIGH
Q9VID7	0.917	0.000	0.917	86.9	3	HIGH
Q9VJV2	0.917	0.880	0.917	92.9	1	HIGH
Q9VTD9	0.917	0.846	0.917	94.0	4	HIGH
Q9W2G1	0.899	0.917	0.917	85.1	5	HIGH
Q9W2Y4	0.917	0.000	0.917	74.3	5	HIGH
E1JI63	0.918	0.844	0.918	90.3	1	HIGH
M9PFG1	0.917	0.918	0.918	88.6	4	HIGH
Q8N1S5	0.918	0.678	0.918	76.5	1	HIGH
Q9VA65	0.918	0.809	0.918	88.6	7	HIGH
Q9VEJ9	0.918	0.878	0.918	89.5	3	HIGH
Q9VQH4	0.918	0.729	0.918	89.0	2	HIGH
Q9VWI5	0.917	0.918	0.918	81.2	7	HIGH
Q9W0F0	0.918	0.894	0.918	93.2	2	HIGH
M9PDL2	0.919	0.718	0.919	75.3	10	HIGH
P54195	0.919	0.838	0.919	91.0	2	HIGH
Q7KSK2	0.919	0.868	0.919	71.7	4	HIGH
Q9VAW0	0.881	0.919	0.919	83.3	1	HIGH
Q9VE98	0.919	0.915	0.919	81.6	9	HIGH
Q9VPC3	0.919	0.684	0.919	89.2	2	HIGH
Q9VRP8	0.919	0.913	0.919	88.6	4	HIGH
Q9VX13	0.437	0.919	0.919	86.5	3	HIGH
Q9VX63	0.908	0.919	0.919	83.2	9	HIGH
Q9VXN0	0.783	0.919	0.919	92.3	3	HIGH
Q9W099	0.919	0.861	0.919	77.1	2	HIGH
A0A0A0MS02	0.918	0.920	0.920	85.3	5	HIGH
A0A0B4K600	0.920	0.898	0.920	77.8	4	HIGH
A4D1F6	0.920	0.912	0.920	81.1	8	HIGH
M9PCC9	0.920	0.772	0.920	81.1	2	HIGH
Q86X60	0.736	0.920	0.920	85.2	1	HIGH
Q8N945	0.894	0.920	0.920	87.0	2	HIGH
Q9I7C6	0.612	0.920	0.920	92.7	3	HIGH
Q9V6H1	0.920	0.894	0.920	89.2	5	HIGH
Q9VH55	0.915	0.920	0.920	88.0	2	HIGH
Q9VHM2	0.920	0.523	0.920	85.2	3	HIGH
Q9VYL5	0.900	0.920	0.920	80.6	7	HIGH
A0A0C4DHN2	0.879	0.921	0.921	93.7	1	HIGH
A1ZAI3	0.815	0.921	0.921	89.2	4	HIGH
A6NCF6	0.921	0.662	0.921	73.6	5	HIGH
A6NGE4	0.874	0.921	0.921	73.3	4	HIGH
B7YZH8	0.912	0.921	0.921	90.0	1	HIGH
Q27589	0.913	0.921	0.921	92.1	5	HIGH
Q7JW12	0.921	0.859	0.921	88.4	4	HIGH
Q8MLN7	0.564	0.921	0.921	91.1	2	HIGH
Q9BZ81	0.921	0.793	0.921	80.2	4	HIGH
Q9VDC0	0.920	0.921	0.921	96.3	2	HIGH
Q9VUF0	0.921	0.909	0.921	73.6	5	HIGH
Q9VVW8	0.921	0.589	0.921	94.3	3	HIGH
Q9W083	0.921	0.746	0.921	83.0	5	HIGH
Q9W4N5	0.921	0.910	0.921	92.5	4	HIGH
A0A0B4JDG3	0.922	0.000	0.922	82.1	1	-
A1Z6K7	0.922	0.677	0.922	83.5	4	HIGH
A6NI03	0.922	0.726	0.922	85.1	11	HIGH
M9NDR1	0.922	0.874	0.922	91.1	3	HIGH
Q5VWM4	0.737	0.922	0.922	86.6	5	HIGH
Q6IIA4	0.922	0.835	0.922	96.7	2	HIGH
Q7KVQ8	0.831	0.922	0.922	71.5	3	HIGH
Q86BH3	0.922	0.891	0.922	91.2	3	HIGH
Q9VFG0	0.922	0.898	0.922	86.8	3	HIGH
Q9VH79	0.873	0.922	0.922	81.4	9	HIGH
Q9VJI5	0.887	0.922	0.922	90.1	2	HIGH
Q9VYT8	0.922	0.901	0.922	92.4	5	HIGH
A0A075B6L2	0.923	0.875	0.923	77.4	3	HIGH
A0A1Z1CGZ4	0.864	0.923	0.923	90.5	6	HIGH
A1ZBU9	0.923	0.000	0.923	88.3	2	HIGH
A8MV23	0.923	0.894	0.923	78.8	7	HIGH
E7ERA6	0.923	0.399	0.923	72.8	4	HIGH
Q30KR1	0.923	0.000	0.923	81.5	0	-
Q8IMV4	0.923	0.835	0.923	91.0	4	HIGH
Q9V3Q1	0.923	0.913	0.923	84.8	6	HIGH
Q9VAQ2	0.923	0.895	0.923	84.2	6	HIGH
Q9VMH9	0.918	0.923	0.923	94.5	3	HIGH
Q9VMT6	0.923	0.899	0.923	93.1	5	HIGH
Q9W2C3	0.923	0.848	0.923	81.2	2	HIGH
A6NCL2	0.924	0.000	0.924	81.7	1	HIGH
A6NEY8	0.924	0.729	0.924	95.4	3	HIGH
Q5JWF8	0.924	0.903	0.924	93.6	2	HIGH
Q8IMV0	0.924	0.854	0.924	87.8	6	HIGH
Q8IQK4	0.924	0.829	0.924	73.1	7	HIGH
Q9VKA9	0.924	0.903	0.924	89.3	4	HIGH
Q9VLU7	0.924	0.885	0.924	87.2	1	HIGH
Q9VPS1	0.924	0.893	0.924	83.7	4	HIGH
Q9W2L6	0.851	0.924	0.924	90.7	7	HIGH
A1ZBF7	0.925	0.848	0.925	80.3	2	HIGH
Q8IRE1	0.925	0.883	0.925	86.9	4	HIGH
Q9VCL3	0.925	0.873	0.925	87.8	2	HIGH
Q9VEV6	0.925	0.918	0.925	91.6	5	HIGH
Q9VG60	0.925	0.908	0.925	87.9	5	HIGH
Q9VH59	0.925	0.923	0.925	90.2	2	HIGH
Q9VPU6	0.925	0.863	0.925	89.0	3	HIGH
Q9VW82	0.925	0.677	0.925	88.9	4	HIGH
Q9VX02	0.376	0.925	0.925	85.6	1	MEDIUM
Q9VXC6	0.925	0.879	0.925	91.2	4	HIGH
Q9VXC7	0.925	0.891	0.925	88.6	4	HIGH
Q9VZ19	0.913	0.925	0.925	96.3	2	HIGH
Q4AC99	0.926	0.812	0.926	84.1	5	HIGH
Q9VGF1	0.926	0.898	0.926	95.3	4	HIGH
Q9VHH7	0.926	0.915	0.926	94.2	3	HIGH
Q9VJ47	0.926	0.900	0.926	92.3	3	HIGH
Q9VMZ3	0.926	0.918	0.926	75.2	5	HIGH
Q9VQP2	0.882	0.926	0.926	90.4	6	HIGH
A0A0C4DHH2	0.927	0.000	0.927	79.6	1	HIGH
P91659	0.920	0.927	0.927	84.9	3	HIGH
Q9V4I0	0.927	0.885	0.927	92.4	5	HIGH
Q9V557	0.927	0.873	0.927	92.6	5	HIGH
Q9VA60	0.927	0.834	0.927	86.5	6	HIGH
Q9VQQ5	0.927	0.920	0.927	86.6	3	HIGH
Q9VXG7	0.927	0.899	0.927	84.0	12	HIGH
Q9VY92	0.927	0.774	0.927	93.2	2	MEDIUM
Q9VZH5	0.927	0.906	0.927	75.4	7	HIGH
A0A0B4LH86	0.928	0.928	0.928	86.7	4	HIGH
Q86B65	0.928	0.721	0.928	76.1	1	HIGH
Q86PF4	0.928	0.459	0.928	80.9	4	HIGH
Q9VFG7	0.928	0.913	0.928	80.6	1	HIGH
Q9VGX7	0.851	0.928	0.928	88.4	3	HIGH
Q9VJR9	0.928	0.850	0.928	88.7	2	-
Q9VN71	0.928	0.817	0.928	92.3	2	-
Q9VX84	0.783	0.928	0.928	84.8	1	HIGH
X2JF29	0.928	0.909	0.928	78.8	3	HIGH
A1ZAG8	0.898	0.929	0.929	86.2	4	HIGH
A8MTB9	0.929	0.901	0.929	79.9	6	HIGH
P17017	0.929	0.733	0.929	78.5	5	HIGH
Q7Z4L9	0.929	0.827	0.929	86.0	4	HIGH
Q8IMI2	0.923	0.929	0.929	85.6	7	HIGH
Q96A99	0.918	0.929	0.929	78.3	3	HIGH
Q9NV66	0.929	0.901	0.929	80.3	8	HIGH
Q9VB76	0.929	0.909	0.929	88.1	4	HIGH
Q9VD85	0.903	0.929	0.929	93.7	8	HIGH
Q9VJ61	0.929	0.912	0.929	90.3	3	HIGH
Q9W0Z7	0.929	0.918	0.929	88.8	4	HIGH
P83118	0.930	0.711	0.930	78.7	6	HIGH
Q15940	0.930	0.670	0.930	82.7	2	HIGH
Q5JXA9	0.930	0.737	0.930	76.3	7	HIGH
Q86W25	0.930	0.689	0.930	81.1	9	HIGH
Q8IN25	0.930	0.920	0.930	91.9	8	HIGH
Q9BYS8	0.909	0.930	0.930	77.6	5	HIGH
Q9VJF2	0.830	0.930	0.930	92.5	1	HIGH
Q9VQH7	0.930	0.719	0.930	90.4	2	HIGH
Q9VS86	0.918	0.930	0.930	86.8	4	HIGH
Q9W228	0.930	0.898	0.930	87.8	2	HIGH
Q9W2H3	0.919	0.930	0.930	94.2	3	HIGH
A1Z7C5	0.931	0.929	0.931	77.7	6	HIGH
Q9V4I1	0.931	0.891	0.931	92.3	5	HIGH
Q9VH77	0.924	0.931	0.931	96.4	7	HIGH
Q9VZG7	0.902	0.931	0.931	92.2	2	HIGH
A0A499FJF3	0.932	0.888	0.932	78.3	3	HIGH
B7YZU7	0.932	0.917	0.932	88.0	4	HIGH
Q75LS8	0.932	0.734	0.932	87.5	6	HIGH
Q7KT83	0.932	0.872	0.932	83.6	4	HIGH
Q86WN1	0.932	0.545	0.932	76.7	6	HIGH
Q8INX6	0.474	0.932	0.932	91.7	1	MEDIUM
Q8N9V2	0.932	0.856	0.932	85.7	10	HIGH
Q9VM44	0.932	0.869	0.932	90.6	2	HIGH
Q9VTI3	0.932	0.763	0.932	83.6	4	HIGH
Q9VU50	0.932	0.931	0.932	86.2	3	HIGH
Q9W130	0.932	0.897	0.932	89.4	5	HIGH
Q9W2K8	0.932	0.731	0.932	73.6	3	HIGH
Q9Y5G8	0.932	0.781	0.932	74.9	6	HIGH
P58955	0.816	0.933	0.933	91.6	1	HIGH
Q0E960	0.924	0.933	0.933	83.6	4	HIGH
Q30KQ7	0.933	0.000	0.933	75.5	1	HIGH
Q5JTN6	0.933	0.931	0.933	87.5	5	HIGH
Q5LJQ3	0.933	0.654	0.933	78.3	1	LOW
Q5LJT3	0.912	0.933	0.933	96.8	2	HIGH
Q8IMK0	0.929	0.933	0.933	93.2	4	HIGH
Q8NAB2	0.933	0.877	0.933	89.8	8	HIGH
Q8TCU3	0.928	0.933	0.933	88.2	2	HIGH
Q99463	0.933	0.871	0.933	81.5	4	HIGH
Q9VE30	0.933	0.929	0.933	75.1	4	HIGH
Q9VLM3	0.798	0.933	0.933	82.3	1	HIGH
Q9VNH2	0.933	0.868	0.933	86.4	4	HIGH
Q9VWH2	0.824	0.933	0.933	83.1	2	HIGH
X2J7Z6	0.933	0.641	0.933	91.4	2	HIGH
A1ZBI8	0.922	0.934	0.934	96.8	1	HIGH
Q7PLS1	0.934	0.896	0.934	89.0	3	HIGH
Q8MLW4	0.934	0.902	0.934	91.8	2	HIGH
Q9V7A7	0.934	0.923	0.934	72.6	4	HIGH
Q9VBR6	0.934	0.892	0.934	94.0	5	HIGH
Q9VEQ6	0.924	0.934	0.934	92.0	2	HIGH
Q9VIK5	0.934	0.886	0.934	83.9	2	HIGH
Q9VKX7	0.934	0.860	0.934	94.2	1	HIGH
Q9VQ53	0.934	0.865	0.934	88.7	4	HIGH
Q9VW91	0.934	0.233	0.934	79.2	3	HIGH
Q9VXT5	0.934	0.589	0.934	72.3	4	HIGH
Q9W1S1	0.934	0.926	0.934	92.2	8	HIGH
Q9Y644	0.934	0.692	0.934	87.4	2	HIGH
A1Z8Z3	0.549	0.935	0.935	85.0	3	HIGH
A8MXY4	0.935	0.703	0.935	72.4	4	HIGH
O75346	0.935	0.699	0.935	71.7	4	HIGH
Q6IE38	0.935	0.566	0.935	81.2	3	HIGH
Q9I7I6	0.855	0.935	0.935	92.2	3	HIGH
Q9VP77	0.935	0.736	0.935	79.6	8	HIGH
Q9VPX4	0.935	0.856	0.935	86.4	2	HIGH
Q9VTR1	0.935	0.652	0.935	71.0	3	HIGH
Q9VVW2	0.935	0.900	0.935	82.1	2	HIGH
Q9VXA9	0.935	0.813	0.935	73.7	1	HIGH
Q9W5W6	0.935	0.846	0.935	87.3	2	LOW
A1Z7S4	0.862	0.936	0.936	84.5	4	HIGH
A6NM43	0.936	0.912	0.936	84.5	5	HIGH
O75820	0.936	0.840	0.936	74.3	5	HIGH
P0DQD5	0.936	0.880	0.936	80.4	4	HIGH
Q0E8W8	0.936	0.913	0.936	90.9	5	HIGH
Q5VZ03	0.909	0.936	0.936	91.4	3	HIGH
Q6PIV7	0.880	0.936	0.936	84.7	3	HIGH
Q8IMU0	0.936	0.564	0.936	82.2	3	HIGH
Q8IN99	0.913	0.936	0.936	86.6	3	HIGH
Q8NGJ8	0.925	0.936	0.936	84.9	4	HIGH
Q9V9X3	0.936	0.919	0.936	94.6	3	LOW
Q9VB88	0.913	0.936	0.936	93.3	5	HIGH
Q9VGB9	0.936	0.915	0.936	82.3	5	HIGH
Q9VKB4	0.936	0.777	0.936	78.5	2	HIGH
Q9VW81	0.936	0.247	0.936	73.5	3	HIGH
Q9W2R2	0.917	0.936	0.936	91.1	5	HIGH
A0A0B4LGH8	0.937	0.885	0.937	85.5	3	HIGH
A1Z6H6	0.900	0.937	0.937	91.5	5	HIGH
A1ZA15	0.764	0.937	0.937	86.3	1	HIGH
A1ZAD2	0.937	0.890	0.937	82.1	1	HIGH
A1ZB08	0.937	0.858	0.937	90.4	2	MEDIUM
P0DY27	0.937	0.396	0.937	79.9	0	-
Q8IRZ5	0.855	0.937	0.937	90.9	1	HIGH
Q8N7C7	0.937	0.604	0.937	86.5	5	HIGH
Q9VHR9	0.937	0.659	0.937	74.7	2	HIGH
Q9VJ46	0.937	0.892	0.937	91.9	3	HIGH
Q9VXY1	0.937	0.000	0.937	82.8	2	HIGH
Q9VZI5	0.937	0.912	0.937	81.9	3	HIGH
Q9VZS0	0.937	0.798	0.937	90.4	5	HIGH
Q9VZV9	0.937	0.882	0.937	90.7	6	HIGH
A1ZAW6	0.938	0.000	0.938	90.0	1	HIGH
Q9BXM9	0.938	0.843	0.938	84.7	12	HIGH
Q9UN75	0.938	0.819	0.938	74.2	5	HIGH
Q9VCS0	0.938	0.906	0.938	73.3	2	HIGH
Q9VRD1	0.934	0.938	0.938	89.9	4	HIGH
Q9VRL3	0.925	0.938	0.938	87.1	3	HIGH
Q9VZS1	0.938	0.904	0.938	84.3	4	HIGH
A6NP11	0.939	0.740	0.939	70.8	5	HIGH
P47949	0.939	0.652	0.939	79.8	4	HIGH
Q6ZN08	0.939	0.693	0.939	73.6	4	HIGH
Q9VCL4	0.939	0.886	0.939	89.3	2	HIGH
Q9VFV8	0.939	0.855	0.939	86.8	8	HIGH
Q9VG46	0.907	0.939	0.939	87.1	3	HIGH
Q9VS47	0.855	0.939	0.939	85.9	4	HIGH
Q9W4K8	0.939	0.901	0.939	88.4	8	HIGH
X2JEB8	0.939	0.838	0.939	84.0	6	HIGH
A1ZAX1	0.940	0.647	0.940	70.9	5	HIGH
A1ZBU1	0.940	0.914	0.940	85.0	5	HIGH
Q6XE38	0.940	0.722	0.940	88.2	2	HIGH
Q8N1T3	0.940	0.710	0.940	84.7	5	HIGH
Q8ND71	0.940	0.915	0.940	81.7	3	HIGH
Q9VB89	0.912	0.940	0.940	93.4	5	HIGH
Q9VDD0	0.794	0.940	0.940	90.7	4	HIGH
Q9VEA0	0.940	0.906	0.940	79.9	4	HIGH
Q9VH24	0.927	0.940	0.940	84.1	2	HIGH
Q9VIX9	0.940	0.871	0.940	88.0	2	HIGH
Q9VKF6	0.940	0.913	0.940	85.4	2	HIGH
Q9VNW8	0.899	0.940	0.940	84.5	4	HIGH
Q9VTP1	0.940	0.673	0.940	84.6	2	HIGH
Q9Y5H3	0.940	0.824	0.940	74.4	6	HIGH
A0A9F2H0X0	0.941	0.695	0.941	81.1	4	HIGH
O76877	0.941	0.926	0.941	82.7	2	HIGH
P58985	0.804	0.941	0.941	92.1	1	HIGH
Q5SZD4	0.941	0.937	0.941	94.8	4	HIGH
Q6NT32	0.941	0.858	0.941	90.5	5	HIGH
Q8IA43	0.941	0.832	0.941	85.2	5	HIGH
Q8IQ89	0.941	0.905	0.941	79.5	4	HIGH
Q9V9U7	0.941	0.000	0.941	96.6	2	HIGH
Q9VR94	0.941	0.665	0.941	90.4	2	HIGH
Q9VW01	0.941	0.938	0.941	91.7	4	HIGH
A1ZBD2	0.942	0.935	0.942	90.7	1	HIGH
B7ZC32	0.942	0.915	0.942	78.2	6	HIGH
B8K3A5	0.937	0.942	0.942	86.9	3	HIGH
M9MSI4	0.933	0.942	0.942	84.3	4	HIGH
P55344	0.852	0.942	0.942	90.3	4	HIGH
Q9GZN6	0.932	0.942	0.942	80.0	2	HIGH
Q9VI70	0.898	0.942	0.942	84.8	3	HIGH
Q9VJH9	0.942	0.904	0.942	91.8	2	HIGH
A0A0B4KEG0	0.943	0.868	0.943	90.3	4	HIGH
P40447	0.943	0.784	0.943	96.8	4	HIGH
P91940	0.602	0.943	0.943	89.5	3	HIGH
Q5VW00	0.943	0.864	0.943	79.6	5	HIGH
Q6UXR4	0.943	0.905	0.943	80.9	5	HIGH
Q8IZS8	0.850	0.943	0.943	83.0	6	HIGH
Q8NGZ5	0.943	0.940	0.943	82.4	3	HIGH
Q9VGA2	0.943	0.897	0.943	75.3	0	MEDIUM
Q9VH57	0.943	0.941	0.943	89.7	2	HIGH
Q9VQA4	0.943	0.915	0.943	87.2	3	HIGH
A1Z7N3	0.944	0.915	0.944	83.5	4	HIGH
P0DP74	0.944	0.000	0.944	83.8	1	HIGH
Q86V85	0.944	0.597	0.944	81.2	3	HIGH
Q8TAQ9	0.944	0.728	0.944	76.0	2	LOW
Q9VA64	0.944	0.807	0.944	84.8	7	HIGH
Q9VA97	0.904	0.944	0.944	93.2	3	HIGH
Q9VJI8	0.944	0.812	0.944	84.6	7	HIGH
Q9VTD5	0.835	0.944	0.944	85.3	1	HIGH
Q9VU67	0.895	0.944	0.944	82.9	3	HIGH
Q9VWW1	0.925	0.944	0.944	94.2	6	HIGH
Q9W5B5	0.944	0.676	0.944	92.0	5	HIGH
A1Z7G6	0.945	0.937	0.945	83.7	5	HIGH
A1Z8C9	0.945	0.930	0.945	96.7	4	HIGH
O60330	0.945	0.793	0.945	74.6	6	HIGH
Q7KT73	0.945	0.930	0.945	74.1	2	HIGH
Q8MMC6	0.856	0.945	0.945	94.9	4	HIGH
Q8TE96	0.944	0.945	0.945	87.2	5	HIGH
Q9V395	0.945	0.783	0.945	85.9	4	HIGH
Q9V9Q4	0.945	0.456	0.945	80.1	4	HIGH
Q9VQ12	0.945	0.848	0.945	84.0	4	HIGH
Q9W587	0.399	0.945	0.945	86.1	1	HIGH
Q9Y5F6	0.945	0.787	0.945	74.4	6	HIGH
X2JB47	0.945	0.872	0.945	77.1	4	HIGH
A0A075B6X5	0.946	0.876	0.946	91.3	5	HIGH
A0A0B4K6M8	0.946	0.000	0.946	83.5	1	-
A0A0B4KFB3	0.856	0.946	0.946	93.9	2	HIGH
A0A0B4LGE9	0.868	0.946	0.946	92.8	2	HIGH
A1ZAI5	0.862	0.946	0.946	83.0	4	HIGH
A6NNF4	0.946	0.859	0.946	74.1	5	HIGH
P63121	0.946	0.552	0.946	83.3	7	HIGH
P81911	0.861	0.946	0.946	90.1	1	HIGH
Q59E63	0.946	0.946	0.946	89.7	3	HIGH
Q6UY18	0.946	0.890	0.946	85.5	12	HIGH
Q7RTY8	0.946	0.928	0.946	80.4	12	HIGH
Q9VL59	0.946	0.331	0.946	76.4	2	HIGH
Q9W1M2	0.946	0.938	0.946	91.4	4	HIGH
Q9W2U2	0.946	0.911	0.946	73.8	5	HIGH
A0A4D6K1E7	0.944	0.947	0.947	76.4	6	HIGH
A1Z8J7	0.947	0.884	0.947	87.3	3	HIGH
A4D1Z8	0.947	0.909	0.947	87.0	3	HIGH
P36034	0.589	0.947	0.947	80.6	1	HIGH
Q86UV7	0.947	0.843	0.947	88.6	6	HIGH
Q8IRD1	0.908	0.947	0.947	76.7	6	HIGH
Q9VIE9	0.947	0.760	0.947	85.9	3	HIGH
Q9W391	0.947	0.884	0.947	80.8	5	HIGH
A1Z9V3	0.872	0.948	0.948	95.2	4	HIGH
A8JNC9	0.831	0.948	0.948	86.2	4	HIGH
B7Z031	0.948	0.813	0.948	84.5	1	HIGH
P0C7M8	0.948	0.883	0.948	82.2	4	HIGH
Q8N6N2	0.948	0.889	0.948	75.2	4	HIGH
Q9VA77	0.948	0.786	0.948	89.3	6	HIGH
Q9VGB8	0.948	0.905	0.948	88.8	5	HIGH
Q9VGU3	0.948	0.729	0.948	77.9	5	HIGH
Q9VL61	0.948	0.896	0.948	81.8	7	HIGH
Q9VL96	0.948	0.309	0.948	77.9	3	HIGH
Q9VUW4	0.948	0.880	0.948	94.0	5	HIGH
Q9VW43	0.934	0.948	0.948	93.4	5	HIGH
Q9W302	0.948	0.756	0.948	82.0	4	HIGH
Q9Y5F7	0.948	0.838	0.948	75.0	5	HIGH
A1ZAJ5	0.949	0.000	0.949	92.9	3	HIGH
B2RPK0	0.949	0.863	0.949	75.9	3	HIGH
O75373	0.949	0.651	0.949	75.4	5	HIGH
Q7KTA9	0.889	0.949	0.949	84.5	5	HIGH
Q8IPV3	0.949	0.889	0.949	82.9	6	HIGH
Q8IRM2	0.949	0.721	0.949	80.9	4	HIGH
Q9VB90	0.912	0.949	0.949	93.5	5	HIGH
Q9VC98	0.949	0.941	0.949	86.8	4	HIGH
Q9VDS1	0.866	0.949	0.949	92.3	4	HIGH
Q9VEM6	0.949	0.929	0.949	86.9	5	HIGH
Q9VF83	0.949	0.367	0.949	77.8	5	HIGH
Q9VFN9	0.949	0.000	0.949	82.8	3	-
Q9VG30	0.949	0.857	0.949	91.3	2	HIGH
Q9VNB2	0.949	0.942	0.949	77.8	5	HIGH
Q9VP53	0.459	0.949	0.949	91.4	3	HIGH
Q9VQH9	0.949	0.938	0.949	81.8	3	HIGH
Q9VV49	0.437	0.949	0.949	94.2	2	HIGH
Q9Y156	0.949	0.813	0.949	77.7	3	HIGH
A0A0J9YW62	0.950	0.938	0.950	75.0	4	HIGH
B7YZF8	0.950	0.923	0.950	73.8	11	HIGH
Q7KTJ2	0.950	0.000	0.950	83.2	4	HIGH
Q8I936	0.950	0.935	0.950	90.4	3	HIGH
Q8IPY0	0.931	0.950	0.950	88.4	3	HIGH
Q9NIV2	0.935	0.950	0.950	85.7	3	HIGH
Q9V3R0	0.950	0.857	0.950	89.3	4	HIGH
Q9VCR9	0.950	0.902	0.950	84.8	3	HIGH
Q9VDC1	0.950	0.586	0.950	91.5	3	HIGH
Q9VLR2	0.950	0.493	0.950	93.8	5	HIGH
Q9VM11	0.900	0.950	0.950	95.3	4	HIGH
Q9VQ85	0.940	0.950	0.950	88.6	3	HIGH
Q9VSP9	0.941	0.950	0.950	91.4	3	HIGH
Q9VWN5	0.950	0.000	0.950	78.2	3	HIGH
Q9Y236	0.686	0.950	0.950	87.7	2	HIGH
O75493	0.951	0.929	0.951	87.8	4	HIGH
P16415	0.951	0.751	0.951	72.4	4	HIGH
P27539	0.951	0.721	0.951	73.3	4	HIGH
Q5EBN2	0.951	0.887	0.951	85.0	5	HIGH
Q7KVJ6	0.887	0.951	0.951	84.0	5	HIGH
Q9VDA5	0.951	0.914	0.951	93.8	3	HIGH
Q9VDQ0	0.951	0.885	0.951	88.4	2	HIGH
Q9VG14	0.951	0.884	0.951	82.1	4	HIGH
Q9VJI0	0.951	0.894	0.951	92.1	2	HIGH
Q9VT05	0.951	0.943	0.951	72.7	4	HIGH
Q9W0N6	0.951	0.794	0.951	81.7	5	HIGH
Q9W168	0.947	0.951	0.951	83.8	1	HIGH
Q9Y5G6	0.951	0.721	0.951	74.0	6	HIGH
M9PJJ5	0.937	0.952	0.952	91.3	3	HIGH
Q86UD7	0.952	0.713	0.952	75.8	3	HIGH
Q8N1L4	0.952	0.903	0.952	90.1	3	HIGH
Q96NI8	0.952	0.881	0.952	71.6	4	HIGH
Q9VCH7	0.952	0.000	0.952	94.1	1	-
Q9VDU4	0.929	0.952	0.952	92.7	5	HIGH
Q9VEK5	0.952	0.910	0.952	82.8	4	HIGH
Q9VGY5	0.952	0.729	0.952	86.6	3	HIGH
Q9VLF1	0.850	0.952	0.952	89.8	3	HIGH
A0A0C4DH27	0.953	0.893	0.953	85.3	5	HIGH
B7ZW38	0.953	0.938	0.953	70.3	5	HIGH
P20232	0.953	0.525	0.953	76.0	8	HIGH
Q8N972	0.953	0.869	0.953	80.5	4	HIGH
Q9P255	0.953	0.822	0.953	73.0	5	HIGH
Q9VCD5	0.953	0.936	0.953	70.6	7	HIGH
Q9VLM9	0.953	0.856	0.953	95.9	4	HIGH
Q9VP47	0.953	0.611	0.953	81.6	4	HIGH
Q9VV83	0.953	0.640	0.953	89.0	4	HIGH
Q9VWM1	0.953	0.739	0.953	86.0	2	HIGH
Q9W245	0.944	0.953	0.953	90.8	9	HIGH
Q9W2I2	0.953	0.000	0.953	95.6	1	-
Q9W459	0.847	0.953	0.953	94.2	4	HIGH
Q9W509	0.953	0.877	0.953	71.7	4	HIGH
A6NDL7	0.954	0.849	0.954	81.6	2	HIGH
Q5JRS4	0.900	0.954	0.954	75.0	3	HIGH
Q6ZMS4	0.954	0.850	0.954	70.4	5	HIGH
Q6ZN68	0.906	0.954	0.954	80.9	1	HIGH
Q8NA75	0.819	0.954	0.954	85.1	4	HIGH
Q8NH09	0.894	0.954	0.954	76.4	3	HIGH
Q9V421	0.954	0.931	0.954	90.5	4	HIGH
Q9VDC8	0.954	0.853	0.954	90.9	4	HIGH
Q9VDP6	0.954	0.000	0.954	80.0	4	HIGH
Q9VGS9	0.954	0.943	0.954	91.6	3	HIGH
Q9VHF2	0.954	0.514	0.954	97.4	3	HIGH
Q9VJR4	0.952	0.954	0.954	85.8	2	HIGH
Q9VRH6	0.954	0.901	0.954	78.9	10	HIGH
Q9VW92	0.954	0.278	0.954	82.1	3	HIGH
Q9Y5H2	0.954	0.786	0.954	75.2	6	HIGH
Q0KI25	0.955	0.882	0.955	79.8	6	HIGH
Q0VDG4	0.710	0.955	0.955	91.8	1	HIGH
Q9UN66	0.955	0.812	0.955	81.0	5	HIGH
Q9VGT5	0.955	0.949	0.955	93.0	3	HIGH
Q9VHF8	0.955	0.928	0.955	90.6	5	HIGH
Q9VKT2	0.951	0.955	0.955	85.3	2	HIGH
Q9VKU5	0.955	0.735	0.955	91.3	4	HIGH
Q9VN19	0.955	0.846	0.955	84.5	2	HIGH
Q9VRQ5	0.919	0.955	0.955	91.9	4	HIGH
Q9VRS8	0.941	0.955	0.955	83.7	5	HIGH
Q9VTB3	0.950	0.955	0.955	85.9	5	HIGH
Q9VV47	0.955	0.952	0.955	96.8	4	HIGH
A1ZAQ7	0.956	0.909	0.956	93.1	3	HIGH
A6NGN9	0.956	0.823	0.956	83.9	7	HIGH
A8MQ14	0.956	0.740	0.956	72.1	5	HIGH
C0HKA4	0.956	0.953	0.956	90.2	5	HIGH
P47883	0.938	0.956	0.956	74.8	3	HIGH
Q8INA0	0.946	0.956	0.956	83.3	3	HIGH
Q8INX8	0.956	0.803	0.956	85.8	3	HIGH
Q8NH55	0.950	0.956	0.956	83.3	4	HIGH
Q96ND8	0.956	0.912	0.956	72.0	4	HIGH
Q9VQT7	0.956	0.945	0.956	92.4	4	HIGH
Q9VUE3	0.956	0.947	0.956	92.4	3	HIGH
Q9VZK5	0.956	0.000	0.956	89.8	3	HIGH
Q9W0C5	0.934	0.956	0.956	79.3	7	HIGH
Q9W127	0.956	0.895	0.956	93.3	3	LOW
Q9W1Q0	0.956	0.873	0.956	82.8	6	HIGH
Q9W2U5	0.956	0.928	0.956	72.2	6	HIGH
Q9W586	0.956	0.902	0.956	82.1	5	HIGH
A0A096LPK9	0.957	0.951	0.957	84.9	4	HIGH
A0A0A0MS00	0.957	0.937	0.957	81.5	5	HIGH
A8DYG0	0.957	0.925	0.957	86.9	6	HIGH
A8JQS3	0.957	0.949	0.957	86.4	4	HIGH
P42936	0.936	0.957	0.957	96.5	5	HIGH
Q0E8N6	0.957	0.884	0.957	79.3	6	HIGH
Q6UWM5	0.957	0.854	0.957	85.3	6	HIGH
Q8IQ51	0.957	0.954	0.957	89.6	4	HIGH
Q8NHK3	0.957	0.760	0.957	72.0	5	HIGH
Q8NHY5	0.957	0.793	0.957	89.3	2	HIGH
Q9VHJ7	0.957	0.553	0.957	85.2	4	HIGH
Q9VHS0	0.957	0.743	0.957	89.3	9	HIGH
Q9VJ11	0.957	0.000	0.957	77.9	2	HIGH
Q9VKP7	0.957	0.897	0.957	82.1	4	HIGH
Q9W1J3	0.957	0.906	0.957	75.7	5	HIGH
Q9W3D5	0.957	0.951	0.957	90.4	4	HIGH
Q9W5G7	0.957	0.947	0.957	73.4	4	HIGH
A0A0B4J245	0.958	0.884	0.958	93.2	5	HIGH
A0A0B4K7T3	0.958	0.919	0.958	91.0	4	HIGH
M9PEV1	0.958	0.937	0.958	76.2	1	HIGH
P36005	0.958	0.927	0.958	81.1	5	HIGH
Q495N2	0.815	0.958	0.958	84.2	1	HIGH
Q6P3V2	0.958	0.769	0.958	76.2	4	HIGH
Q7JWW5	0.898	0.958	0.958	91.4	7	HIGH
Q9ULK6	0.958	0.923	0.958	75.2	4	HIGH
Q9V3T2	0.844	0.958	0.958	88.4	3	HIGH
Q9VDC2	0.958	0.926	0.958	88.9	3	HIGH
Q9VE61	0.958	0.723	0.958	86.8	3	HIGH
Q9VF71	0.958	0.924	0.958	91.4	2	MEDIUM
Q9VIK0	0.958	0.951	0.958	93.9	4	HIGH
Q9VK64	0.958	0.926	0.958	90.4	2	HIGH
Q9VL86	0.958	0.914	0.958	92.3	4	HIGH
Q9VPC2	0.958	0.000	0.958	86.6	3	HIGH
Q9VRI9	0.925	0.958	0.958	92.2	5	HIGH
Q9VT69	0.958	0.000	0.958	73.5	1	HIGH
Q9VVH5	0.958	0.000	0.958	90.9	2	HIGH
Q9VZT0	0.958	0.924	0.958	88.8	5	HIGH
Q9W1F7	0.958	0.639	0.958	78.9	5	HIGH
Q9Y5G1	0.958	0.801	0.958	75.4	6	HIGH
A1ZAA9	0.959	0.812	0.959	90.6	1	HIGH
A1ZBD9	0.959	0.915	0.959	82.8	4	HIGH
Q52M93	0.959	0.724	0.959	75.2	4	HIGH
Q8N0Y3	0.959	0.953	0.959	86.4	4	HIGH
Q8NHW5	0.959	0.869	0.959	79.3	6	HIGH
Q9BQR3	0.959	0.924	0.959	88.5	5	HIGH
Q9H1X3	0.959	0.615	0.959	82.8	3	HIGH
Q9H4G8	0.935	0.959	0.959	82.3	3	HIGH
Q9NY57	0.929	0.959	0.959	85.4	4	HIGH
Q9VA54	0.959	0.943	0.959	82.7	8	HIGH
Q9VDU3	0.927	0.959	0.959	91.9	5	HIGH
Q9VEV7	0.959	0.917	0.959	94.1	4	HIGH
Q9VGE7	0.959	0.940	0.959	94.3	8	HIGH
Q9VJX8	0.936	0.959	0.959	82.7	3	HIGH
Q9VP68	0.959	0.000	0.959	83.6	4	HIGH
Q9VTD7	0.823	0.959	0.959	86.1	1	HIGH
Q9VU13	0.959	0.889	0.959	71.8	5	HIGH
Q9VWR1	0.959	0.923	0.959	84.3	3	HIGH
Q9W0Y2	0.956	0.959	0.959	93.4	4	HIGH
Q9W1Z1	0.959	0.926	0.959	85.8	4	HIGH
Q9W3M6	0.959	0.867	0.959	94.0	3	HIGH
A0A0B4J234	0.960	0.866	0.960	90.6	5	HIGH
A0A0B4KHR2	0.960	0.751	0.960	72.1	6	HIGH
A0A0G2JNH3	0.960	0.953	0.960	85.3	4	HIGH
A1Z6R7	0.960	0.932	0.960	72.8	4	HIGH
A1ZBX6	0.960	0.869	0.960	88.1	3	HIGH
A2A368	0.960	0.715	0.960	74.2	5	HIGH
A6NGN4	0.752	0.960	0.960	84.5	5	HIGH
A6NM45	0.917	0.960	0.960	85.3	3	HIGH
P59095	0.960	0.956	0.960	93.0	3	HIGH
Q68DY1	0.960	0.753	0.960	71.5	5	HIGH
Q8N988	0.960	0.691	0.960	74.8	5	HIGH
Q9V3Z8	0.960	0.766	0.960	88.1	3	HIGH
Q9VAI4	0.960	0.956	0.960	94.9	3	HIGH
Q9VII9	0.960	0.893	0.960	96.3	4	HIGH
Q9VL58	0.960	0.949	0.960	79.1	2	HIGH
Q9VMV0	0.960	0.940	0.960	77.4	2	HIGH
Q9VPW3	0.941	0.960	0.960	75.3	5	HIGH
Q9VS80	0.960	0.942	0.960	89.7	1	HIGH
Q9VZ47	0.960	0.957	0.960	87.9	4	HIGH
A0A087X0K7	0.961	0.866	0.961	88.2	5	HIGH
A6NIE9	0.961	0.901	0.961	81.8	5	HIGH
P81913	0.908	0.961	0.961	90.3	1	HIGH
Q0KI00	0.961	0.954	0.961	93.5	8	HIGH
Q8NGI6	0.942	0.961	0.961	90.1	4	HIGH
Q8NH63	0.937	0.961	0.961	84.7	4	HIGH
Q9BXR3	0.961	0.678	0.961	81.1	13	HIGH
Q9NS85	0.961	0.943	0.961	85.8	4	HIGH
Q9NYT0	0.961	0.854	0.961	85.7	7	HIGH
Q9VNE8	0.961	0.919	0.961	77.6	5	HIGH
Q9VNF3	0.947	0.961	0.961	97.0	4	HIGH
Q9VQ98	0.961	0.943	0.961	89.3	5	HIGH
Q9W1T0	0.961	0.961	0.961	92.1	4	HIGH
A0A0A6YYK4	0.962	0.818	0.962	81.8	4	HIGH
A1Z893	0.962	0.952	0.962	96.7	6	HIGH
A1Z8W6	0.962	0.654	0.962	71.0	8	HIGH
Q06943	0.962	0.944	0.962	75.5	3	HIGH
Q5VYY1	0.962	0.951	0.962	93.8	3	HIGH
Q6ILC6	0.962	0.385	0.962	76.6	3	HIGH
Q8IPZ0	0.962	0.926	0.962	83.8	6	HIGH
Q8NG06	0.962	0.843	0.962	86.7	13	HIGH
Q8NG77	0.932	0.962	0.962	88.9	3	HIGH
Q9VH02	0.962	0.923	0.962	84.2	2	HIGH
Q9VLG0	0.962	0.910	0.962	88.1	2	HIGH
Q9VLS9	0.962	0.664	0.962	96.3	6	HIGH
Q9VNW4	0.962	0.910	0.962	86.9	4	HIGH
Q9VPP0	0.962	0.725	0.962	82.0	2	HIGH
Q9W389	0.962	0.932	0.962	91.5	4	HIGH
A0A0B4J263	0.963	0.923	0.963	91.9	5	HIGH
A1Z813	0.963	0.786	0.963	72.8	12	HIGH
Q8N8J6	0.963	0.754	0.963	74.2	5	HIGH
Q8NGK6	0.934	0.963	0.963	85.5	4	HIGH
Q8NGY3	0.918	0.963	0.963	87.6	4	HIGH
Q8NH64	0.943	0.963	0.963	90.1	4	HIGH
Q96IR2	0.963	0.740	0.963	70.2	4	HIGH
Q9VD23	0.963	0.961	0.963	85.5	9	HIGH
Q9VH94	0.954	0.963	0.963	91.5	6	HIGH
Q9VJ18	0.963	0.899	0.963	91.4	1	HIGH
Q9VL67	0.963	0.958	0.963	91.8	2	HIGH
A0A0B4KF65	0.964	0.809	0.964	73.0	1	HIGH
A0A1W2PPL8	0.964	0.537	0.964	70.3	3	HIGH
A1Z6R4	0.932	0.964	0.964	88.2	6	HIGH
P58173	0.930	0.964	0.964	88.0	3	HIGH
P63132	0.964	0.733	0.964	81.0	13	HIGH
Q3ZCX4	0.964	0.798	0.964	74.0	4	HIGH
Q6UWU2	0.964	0.938	0.964	90.8	7	HIGH
Q8IZ02	0.964	0.811	0.964	85.9	3	HIGH
Q8NGD3	0.964	0.961	0.964	85.5	4	HIGH
Q8NGL1	0.940	0.964	0.964	88.5	3	HIGH
Q9U1L2	0.964	0.946	0.964	96.2	4	HIGH
Q9VFX0	0.964	0.955	0.964	90.4	8	HIGH
Q9VLZ2	0.964	0.912	0.964	93.2	4	HIGH
Q9VMI5	0.964	0.850	0.964	88.7	3	HIGH
Q9VNG7	0.964	0.896	0.964	81.9	3	HIGH
Q9VRM8	0.964	0.898	0.964	94.1	2	HIGH
A6NH57	0.965	0.940	0.965	84.8	4	HIGH
E1JIY8	0.965	0.000	0.965	81.7	1	-
Q86W74	0.965	0.960	0.965	77.1	3	HIGH
Q8IND6	0.893	0.965	0.965	89.5	3	HIGH
Q8NGC0	0.943	0.965	0.965	79.9	3	HIGH
Q8NGC8	0.932	0.965	0.965	90.6	4	HIGH
Q8NGL0	0.957	0.965	0.965	89.4	3	HIGH
Q8NGL4	0.931	0.965	0.965	88.7	3	HIGH
Q8NGV0	0.937	0.965	0.965	89.5	3	HIGH
Q8NGX8	0.942	0.965	0.965	86.2	3	HIGH
Q8TF20	0.965	0.752	0.965	71.3	2	HIGH
Q9BQS2	0.965	0.894	0.965	76.3	3	HIGH
Q9VNW0	0.959	0.965	0.965	71.7	4	HIGH
Q9W039	0.965	0.000	0.965	76.8	3	HIGH
A0A087WV62	0.966	0.814	0.966	90.5	5	HIGH
A0A4D6K4B0	0.966	0.886	0.966	85.9	4	HIGH
A0A8I5KW96	0.966	0.811	0.966	91.1	8	HIGH
A2P2R3	0.966	0.876	0.966	84.0	3	HIGH
O76000	0.934	0.966	0.966	86.1	3	HIGH
Q7KTP7	0.966	0.950	0.966	85.9	2	HIGH
Q8NG83	0.938	0.966	0.966	85.1	3	HIGH
Q8NGI1	0.933	0.966	0.966	86.7	4	HIGH
Q8NHC6	0.925	0.966	0.966	83.3	4	HIGH
Q8WXF5	0.966	0.881	0.966	77.6	3	HIGH
Q8WZ92	0.910	0.966	0.966	79.2	3	HIGH
Q96CS4	0.966	0.844	0.966	74.6	4	HIGH
Q9BZK3	0.966	0.563	0.966	71.4	3	HIGH
Q9VED7	0.966	0.850	0.966	77.1	4	HIGH
Q9VRM9	0.959	0.966	0.966	94.0	2	HIGH
Q9VW66	0.966	0.915	0.966	84.7	4	HIGH
Q9W5Y0	0.966	0.950	0.966	89.8	5	HIGH
Q9Y5G7	0.966	0.807	0.966	74.4	6	HIGH
A0A1W2PR19	0.967	0.933	0.967	93.7	8	HIGH
Q56UQ5	0.967	0.900	0.967	85.5	5	HIGH
Q6IEE8	0.967	0.878	0.967	81.7	5	LOW
Q6IFN5	0.936	0.967	0.967	85.2	3	HIGH
Q8NBV8	0.967	0.820	0.967	79.9	3	HIGH
Q8NG76	0.931	0.967	0.967	88.7	3	HIGH
Q8NGD1	0.967	0.954	0.967	87.5	4	HIGH
Q9V3D9	0.967	0.927	0.967	78.5	9	HIGH
Q9VHX4	0.967	0.956	0.967	94.8	4	HIGH
Q9VNK6	0.967	0.912	0.967	92.6	6	HIGH
Q9VR81	0.967	0.587	0.967	92.9	4	HIGH
C0HKA3	0.956	0.968	0.968	90.3	5	HIGH
Q13106	0.968	0.810	0.968	71.0	4	HIGH
Q3ZCT8	0.968	0.903	0.968	90.1	6	HIGH
Q58FF3	0.968	0.952	0.968	81.8	3	HIGH
Q8MLX0	0.968	0.831	0.968	76.8	11	HIGH
Q8NH94	0.937	0.968	0.968	81.4	3	HIGH
Q9V3I6	0.954	0.968	0.968	87.5	1	MEDIUM
Q9VQJ8	0.818	0.968	0.968	95.1	3	HIGH
Q9VS00	0.968	0.940	0.968	86.2	6	HIGH
Q9VY06	0.934	0.968	0.968	85.4	4	HIGH
A0A0B4J1U4	0.969	0.885	0.969	85.6	5	HIGH
A0A1W2PRG0	0.969	0.950	0.969	94.0	8	HIGH
A1Z8T9	0.969	0.000	0.969	85.5	2	HIGH
P11146	0.949	0.969	0.969	89.6	5	HIGH
Q86BM0	0.969	0.497	0.969	95.1	2	HIGH
Q86U17	0.969	0.927	0.969	82.5	5	HIGH
Q86UE3	0.969	0.779	0.969	73.8	4	HIGH
Q8NGA1	0.927	0.969	0.969	89.2	3	HIGH
Q8NGN1	0.937	0.969	0.969	76.4	4	HIGH
Q8NGY5	0.939	0.969	0.969	91.3	4	HIGH
Q8NGY7	0.928	0.969	0.969	84.6	3	HIGH
Q8NH67	0.953	0.969	0.969	83.2	4	HIGH
Q96R72	0.958	0.969	0.969	84.7	4	HIGH
Q9VEM1	0.969	0.348	0.969	91.1	3	HIGH
Q9VGT2	0.962	0.969	0.969	91.9	3	HIGH
Q9VRD4	0.969	0.699	0.969	96.6	4	-
Q9VZE9	0.969	0.954	0.969	91.7	2	HIGH
Q9W1P7	0.858	0.969	0.969	89.2	1	HIGH
Q9W4G7	0.969	0.923	0.969	82.7	4	HIGH
A1Z8V9	0.952	0.970	0.970	87.4	2	HIGH
A1ZAY5	0.970	0.938	0.970	93.2	2	HIGH
B7Z122	0.949	0.970	0.970	81.6	2	HIGH
P0C629	0.917	0.970	0.970	82.7	3	HIGH
P40042	0.970	0.882	0.970	91.9	5	HIGH
Q8N819	0.970	0.906	0.970	87.4	5	HIGH
Q8NGG2	0.956	0.970	0.970	80.6	3	HIGH
Q8NGR6	0.890	0.970	0.970	87.8	3	HIGH
Q8SWU7	0.970	0.968	0.970	88.7	10	HIGH
Q9BXJ2	0.970	0.810	0.970	73.6	4	HIGH
Q9NXL2	0.970	0.757	0.970	74.5	7	HIGH
Q9V9S4	0.970	0.922	0.970	86.1	3	HIGH
Q9VB02	0.970	0.910	0.970	96.3	4	HIGH
Q9VB59	0.970	0.496	0.970	74.3	5	HIGH
Q9VIF2	0.970	0.787	0.970	86.8	3	HIGH
Q9VKF7	0.967	0.970	0.970	96.5	5	HIGH
Q9VLN0	0.970	0.775	0.970	76.5	8	HIGH
Q9VQT5	0.970	0.952	0.970	94.7	3	HIGH
Q9VUM6	0.970	0.000	0.970	77.2	2	HIGH
Q9W454	0.970	0.919	0.970	82.8	5	HIGH
Q9W477	0.970	0.924	0.970	72.0	2	HIGH
Q9W5W8	0.970	0.891	0.970	90.1	4	HIGH
A0A1W2PR75	0.971	0.957	0.971	94.8	2	HIGH
A0A539	0.971	0.910	0.971	89.6	5	HIGH
A1Z9D5	0.971	0.875	0.971	86.9	4	HIGH
A6NL08	0.943	0.971	0.971	89.8	4	HIGH
Q14588	0.971	0.865	0.971	74.7	4	HIGH
Q6UW01	0.971	0.854	0.971	76.1	3	HIGH
Q7Z410	0.971	0.964	0.971	74.4	8	HIGH
Q8INH6	0.971	0.955	0.971	88.6	8	HIGH
Q8IQM9	0.971	0.782	0.971	85.8	3	HIGH
Q8MR62	0.971	0.821	0.971	80.2	3	HIGH
Q8N9B4	0.971	0.932	0.971	77.5	4	HIGH
Q96SM3	0.971	0.795	0.971	84.0	7	HIGH
Q9H009	0.971	0.702	0.971	72.4	4	HIGH
Q9V769	0.930	0.971	0.971	93.9	5	HIGH
Q9VBG1	0.971	0.946	0.971	90.4	2	HIGH
Q9VFS0	0.971	0.846	0.971	95.2	5	HIGH
Q9VQD1	0.889	0.971	0.971	79.9	4	HIGH
Q9VRB3	0.920	0.971	0.971	91.7	5	HIGH
Q9VTQ9	0.971	0.898	0.971	86.6	8	HIGH
Q9VY83	0.966	0.971	0.971	94.0	4	HIGH
Q9W2G8	0.954	0.971	0.971	94.6	9	HIGH
A0A087WSX0	0.972	0.875	0.972	88.6	6	HIGH
A0A0B4J273	0.972	0.953	0.972	90.6	5	HIGH
A0A8Q3WKH5	0.972	0.911	0.972	77.0	4	HIGH
A1ZBM4	0.972	0.619	0.972	70.9	2	HIGH
O61305	0.972	0.934	0.972	83.1	5	HIGH
P0C628	0.927	0.972	0.972	90.7	3	HIGH
P17019	0.972	0.774	0.972	76.2	4	HIGH
Q4G1C9	0.972	0.827	0.972	85.3	4	HIGH
Q6UXH9	0.972	0.845	0.972	77.1	10	HIGH
Q7JPN9	0.972	0.948	0.972	86.8	5	HIGH
Q8IZP7	0.972	0.783	0.972	80.4	3	HIGH
Q8NGR1	0.938	0.972	0.972	85.6	4	HIGH
Q8NGU4	0.933	0.972	0.972	89.1	3	HIGH
Q9VPD8	0.849	0.972	0.972	84.1	5	HIGH
Q9VS64	0.972	0.892	0.972	88.9	2	HIGH
Q9VZZ5	0.972	0.870	0.972	96.8	4	HIGH
Q9VZZ6	0.972	0.857	0.972	94.1	4	HIGH
A0A075B7B8	0.973	0.878	0.973	81.8	4	HIGH
A0A1B0GXF2	0.973	0.865	0.973	88.4	5	HIGH
A0A1W2PR64	0.973	0.542	0.973	71.9	3	HIGH
A0A1W2PRN6	0.973	0.544	0.973	72.2	3	HIGH
A6NET4	0.943	0.973	0.973	82.9	3	HIGH
E1JIR1	0.973	0.890	0.973	85.2	6	HIGH
P0DN82	0.936	0.973	0.973	86.6	4	HIGH
P0DW12	0.973	0.586	0.973	72.0	3	HIGH
P40896	0.973	0.530	0.973	94.4	5	HIGH
P59922	0.956	0.973	0.973	88.4	3	HIGH
Q6IF63	0.940	0.973	0.973	87.8	3	HIGH
Q6IFG1	0.944	0.973	0.973	88.4	4	HIGH
Q7K2Y9	0.973	0.000	0.973	93.2	3	HIGH
Q8MLV2	0.973	0.627	0.973	87.9	4	HIGH
Q8NGB9	0.924	0.973	0.973	87.5	4	HIGH
Q8NGC5	0.956	0.973	0.973	86.5	4	HIGH
Q8NGI0	0.969	0.973	0.973	89.7	4	HIGH
Q8NGJ3	0.954	0.973	0.973	86.5	4	HIGH
Q8NGT1	0.933	0.973	0.973	87.1	3	HIGH
Q8NGT2	0.913	0.973	0.973	82.4	3	HIGH
Q8NGY1	0.941	0.973	0.973	85.9	3	HIGH
Q8NGY6	0.946	0.973	0.973	89.3	4	HIGH
Q9VDG4	0.966	0.973	0.973	93.3	3	HIGH
Q9VSJ1	0.930	0.973	0.973	90.5	4	HIGH
Q9VXK6	0.973	0.708	0.973	71.8	6	HIGH
A0A1W2PPE2	0.974	0.539	0.974	71.6	3	HIGH
A1ZBI7	0.974	0.940	0.974	90.6	2	HIGH
B7YZN8	0.974	0.000	0.974	81.3	2	HIGH
P0DW14	0.974	0.566	0.974	71.9	3	HIGH
P54185	0.971	0.974	0.974	93.3	4	HIGH
P91931	0.974	0.923	0.974	90.0	4	HIGH
Q04516	0.974	0.925	0.974	87.3	7	HIGH
Q6T423	0.973	0.974	0.974	87.8	3	HIGH
Q7PLL7	0.974	0.767	0.974	71.0	8	HIGH
Q8IRK8	0.974	0.963	0.974	86.3	4	HIGH
Q8NGE0	0.950	0.974	0.974	80.4	3	HIGH
Q8NH61	0.960	0.974	0.974	86.1	4	HIGH
Q8NH90	0.931	0.974	0.974	84.3	3	HIGH
Q8NHA8	0.929	0.974	0.974	83.0	3	HIGH
Q96R30	0.943	0.974	0.974	82.4	3	HIGH
Q9I7L3	0.974	0.892	0.974	89.8	4	HIGH
Q9I7Y5	0.960	0.974	0.974	73.1	3	HIGH
Q9U616	0.974	0.812	0.974	86.0	6	HIGH
Q9UGF7	0.963	0.974	0.974	81.9	4	HIGH
Q9VCQ8	0.974	0.771	0.974	96.9	5	HIGH
Q9VDU2	0.911	0.974	0.974	91.5	5	HIGH
Q9VLA3	0.881	0.974	0.974	90.6	3	HIGH
Q9VZE4	0.974	0.908	0.974	71.0	7	HIGH
Q9W124	0.974	0.928	0.974	75.1	5	HIGH
A0A0B4K780	0.975	0.880	0.975	81.5	4	HIGH
A0AAQ5BHU3	0.975	0.711	0.975	76.2	15	HIGH
A6NL26	0.938	0.975	0.975	88.9	3	HIGH
C9JN71	0.975	0.845	0.975	78.7	4	HIGH
P47888	0.944	0.975	0.975	86.2	3	HIGH
Q6IF42	0.936	0.975	0.975	87.1	3	HIGH
Q86X40	0.964	0.975	0.975	90.2	5	HIGH
Q86YG4	0.975	0.889	0.975	87.0	4	HIGH
Q8IQ15	0.975	0.930	0.975	81.4	4	HIGH
Q8NGE8	0.953	0.975	0.975	88.7	4	HIGH
Q8NGP6	0.954	0.975	0.975	90.0	3	HIGH
Q8NGR3	0.930	0.975	0.975	85.5	3	HIGH
Q8NGR8	0.952	0.975	0.975	86.5	3	HIGH
Q8NGX1	0.950	0.975	0.975	87.7	3	HIGH
Q8NGX5	0.939	0.975	0.975	88.2	3	HIGH
Q8NH21	0.948	0.975	0.975	90.4	4	HIGH
Q8NH42	0.947	0.975	0.975	84.2	4	HIGH
Q8NH69	0.948	0.975	0.975	91.0	3	HIGH
Q8NH79	0.949	0.975	0.975	86.5	4	HIGH
Q9I7R3	0.949	0.975	0.975	96.1	4	HIGH
Q9NFT7	0.975	0.961	0.975	90.9	5	HIGH
Q9UJH8	0.975	0.577	0.975	82.2	3	LOW
Q9VAP8	0.975	0.893	0.975	82.1	4	HIGH
Q9VC34	0.975	0.888	0.975	79.9	3	HIGH
Q9VCQ9	0.975	0.802	0.975	96.5	5	HIGH
Q9VES6	0.858	0.975	0.975	95.4	4	HIGH
Q9VFP8	0.975	0.940	0.975	92.5	3	HIGH
Q9VHQ2	0.873	0.975	0.975	88.0	1	HIGH
Q9VKY4	0.975	0.905	0.975	91.0	6	HIGH
Q9VME7	0.975	0.885	0.975	85.4	4	HIGH
Q9VTL0	0.973	0.975	0.975	95.2	4	HIGH
Q9W1K6	0.975	0.910	0.975	85.7	3	HIGH
Q9W2Y3	0.975	0.969	0.975	97.4	3	LOW
A0A087WZ39	0.976	0.922	0.976	89.6	4	HIGH
A1Z7F1	0.974	0.976	0.976	92.8	3	HIGH
A6NDI0	0.854	0.976	0.976	85.4	9	HIGH
A8MVZ5	0.976	0.845	0.976	87.9	6	HIGH
P0C025	0.976	0.788	0.976	85.1	4	HIGH
P50245	0.976	0.970	0.976	88.7	5	HIGH
Q0E8U4	0.976	0.972	0.976	96.4	3	HIGH
Q63ZY6	0.976	0.891	0.976	77.1	5	HIGH
Q7JWD3	0.952	0.976	0.976	79.8	4	HIGH
Q8IPQ6	0.976	0.784	0.976	71.9	3	HIGH
Q8NG85	0.951	0.976	0.976	91.5	3	HIGH
Q8NH04	0.943	0.976	0.976	88.7	3	HIGH
Q9V9P1	0.968	0.976	0.976	92.3	2	HIGH
Q9VA94	0.976	0.949	0.976	76.9	2	HIGH
Q9VEM4	0.976	0.926	0.976	91.8	4	HIGH
Q9VST4	0.976	0.914	0.976	91.2	6	HIGH
Q9VV98	0.976	0.643	0.976	92.1	4	HIGH
Q9VWM9	0.976	0.000	0.976	86.7	1	-
A0A3B3IT45	0.949	0.977	0.977	87.5	4	HIGH
M9NFP5	0.971	0.977	0.977	92.0	4	HIGH
O60688	0.957	0.977	0.977	90.7	3	HIGH
P0CL84	0.977	0.968	0.977	89.8	4	HIGH
Q3KPI0	0.977	0.851	0.977	85.2	7	HIGH
Q8IMN6	0.796	0.977	0.977	84.8	1	HIGH
Q8NGE7	0.943	0.977	0.977	86.8	3	HIGH
Q8NGG0	0.937	0.977	0.977	89.6	3	HIGH
Q8NGS0	0.938	0.977	0.977	89.0	3	HIGH
Q8NH83	0.962	0.977	0.977	88.4	4	HIGH
Q96R27	0.943	0.977	0.977	86.5	3	HIGH
Q9VG06	0.977	0.814	0.977	90.3	2	HIGH
Q9VYQ3	0.948	0.977	0.977	86.2	5	HIGH
A0A075B6K0	0.978	0.948	0.978	88.7	6	HIGH
A0A0B4K7V4	0.954	0.978	0.978	78.5	2	HIGH
A0A1W2PQ09	0.978	0.546	0.978	71.2	3	HIGH
A8MVU1	0.978	0.629	0.978	79.4	10	HIGH
M9MRN8	0.978	0.447	0.978	92.8	2	HIGH
O95302	0.978	0.964	0.978	89.1	6	HIGH
P0DN81	0.935	0.978	0.978	86.6	3	HIGH
P0DW13	0.978	0.538	0.978	72.3	3	HIGH
Q15622	0.934	0.978	0.978	85.9	3	HIGH
Q5W064	0.978	0.948	0.978	92.5	3	HIGH
Q8IME8	0.978	0.521	0.978	70.2	2	HIGH
Q8IQF3	0.790	0.978	0.978	84.0	1	HIGH
Q8N146	0.957	0.978	0.978	88.2	3	HIGH
Q8NGE9	0.941	0.978	0.978	85.2	3	HIGH
Q8NGI2	0.953	0.978	0.978	89.6	4	HIGH
Q8NGQ6	0.933	0.978	0.978	89.6	3	HIGH
Q8NH49	0.952	0.978	0.978	88.0	4	HIGH
Q8NH92	0.922	0.978	0.978	86.3	3	HIGH
Q96R08	0.944	0.978	0.978	89.5	3	HIGH
Q9H209	0.945	0.978	0.978	88.7	3	HIGH
Q9I7K3	0.978	0.787	0.978	96.9	6	HIGH
Q9V3V1	0.977	0.978	0.978	77.0	3	HIGH
Q9VCY5	0.978	0.972	0.978	85.4	1	HIGH
Q9VCZ0	0.977	0.978	0.978	90.9	1	HIGH
Q9VQP9	0.978	0.859	0.978	86.1	2	HIGH
Q9VZ73	0.978	0.956	0.978	91.5	3	HIGH
Q9Y5P0	0.911	0.978	0.978	88.3	4	HIGH
A6NK97	0.979	0.974	0.979	85.9	3	HIGH
Q24178	0.979	0.968	0.979	92.1	4	HIGH
Q3MIS6	0.979	0.705	0.979	70.8	5	HIGH
Q5XG92	0.979	0.974	0.979	92.7	5	HIGH
Q6MZZ7	0.979	0.828	0.979	83.0	7	HIGH
Q6UWQ5	0.979	0.963	0.979	91.7	4	HIGH
Q8NGK4	0.967	0.979	0.979	88.3	4	HIGH
Q8NGK5	0.956	0.979	0.979	88.4	4	HIGH
Q8NGP8	0.953	0.979	0.979	89.8	3	HIGH
Q8NGQ3	0.928	0.979	0.979	86.4	3	HIGH
Q8NH56	0.967	0.979	0.979	85.5	4	HIGH
Q8NH70	0.954	0.979	0.979	85.9	4	HIGH
Q8NH72	0.940	0.979	0.979	90.2	4	HIGH
Q9VF86	0.979	0.577	0.979	95.6	3	HIGH
Q9VKB8	0.979	0.977	0.979	93.8	3	HIGH
Q9VPH6	0.979	0.975	0.979	95.3	3	HIGH
Q9VY27	0.957	0.979	0.979	94.6	5	HIGH
Q9W4E6	0.979	0.409	0.979	71.8	5	HIGH
A0A0B4J2E0	0.980	0.831	0.980	89.5	5	HIGH
A0A0B4KG03	0.980	0.974	0.980	73.1	4	HIGH
A0A576	0.980	0.865	0.980	90.3	5	HIGH
A8Y535	0.980	0.000	0.980	89.0	3	HIGH
O60813	0.750	0.980	0.980	84.2	5	HIGH
P12426	0.974	0.980	0.980	95.7	4	HIGH
Q8NC67	0.980	0.926	0.980	72.1	5	HIGH
Q8NG95	0.952	0.980	0.980	87.5	3	HIGH
Q8NGF8	0.962	0.980	0.980	87.0	4	HIGH
Q8NGG4	0.954	0.980	0.980	89.7	3	HIGH
Q8NGR2	0.944	0.980	0.980	85.6	3	HIGH
Q8NGX6	0.939	0.980	0.980	82.6	3	HIGH
Q8NH01	0.948	0.980	0.980	88.6	3	HIGH
Q9H210	0.948	0.980	0.980	87.5	3	HIGH
Q9H3R1	0.980	0.953	0.980	91.0	5	HIGH
Q9VG86	0.847	0.980	0.980	94.9	4	HIGH
Q9VY00	0.929	0.980	0.980	93.8	4	HIGH
Q9W4Z9	0.980	0.924	0.980	84.4	4	HIGH
A0A1B0GX68	0.981	0.862	0.981	88.4	5	HIGH
A1Z7E8	0.981	0.951	0.981	95.4	4	HIGH
A1Z7F2	0.978	0.981	0.981	93.4	4	HIGH
A6NMZ5	0.947	0.981	0.981	88.0	4	HIGH
O97067	0.981	0.732	0.981	82.6	2	HIGH
P0C646	0.949	0.981	0.981	87.0	4	HIGH
P16911	0.981	0.978	0.981	92.3	5	HIGH
Q6UDR6	0.981	0.909	0.981	91.1	3	HIGH
Q8NGE1	0.950	0.981	0.981	89.5	4	HIGH
Q8NH16	0.950	0.981	0.981	90.2	3	HIGH
Q8TDF5	0.981	0.847	0.981	71.7	5	HIGH
Q9H341	0.954	0.981	0.981	86.5	4	HIGH
Q9UJ99	0.981	0.679	0.981	75.4	6	HIGH
Q9V774	0.941	0.981	0.981	93.8	5	HIGH
Q9VBF9	0.981	0.959	0.981	95.0	6	HIGH
Q9VIG6	0.981	0.957	0.981	80.2	2	HIGH
Q9VK30	0.981	0.000	0.981	94.6	2	HIGH
Q9VRN2	0.981	0.806	0.981	85.0	8	HIGH
Q9VVM7	0.981	0.981	0.981	94.1	4	HIGH
Q9W2V3	0.981	0.967	0.981	87.1	4	HIGH
A0A0B4J266	0.982	0.954	0.982	92.4	5	HIGH
A0A8I5KTY6	0.982	0.945	0.982	87.6	2	HIGH
O95025	0.982	0.872	0.982	84.2	11	HIGH
P0C7T3	0.961	0.982	0.982	87.7	4	HIGH
P0DMU2	0.939	0.982	0.982	90.1	3	HIGH
Q8N148	0.954	0.982	0.982	87.0	4	HIGH
Q8NG94	0.947	0.982	0.982	81.3	4	HIGH
Q8NGA2	0.936	0.982	0.982	84.2	3	HIGH
Q8NGS1	0.932	0.982	0.982	87.4	3	HIGH
Q96P15	0.982	0.967	0.982	89.4	6	HIGH
Q9VHW6	0.982	0.702	0.982	88.5	4	HIGH
Q9VS22	0.960	0.982	0.982	96.5	4	HIGH
Q9W171	0.932	0.982	0.982	91.0	4	HIGH
A0A075B6V5	0.983	0.880	0.983	91.5	5	HIGH
A0AAG2UUX9	0.983	0.907	0.983	85.2	8	HIGH
A1Z7F3	0.983	0.974	0.983	94.2	4	HIGH
A4V381	0.753	0.983	0.983	93.3	1	MEDIUM
A6NM36	0.983	0.958	0.983	90.1	4	HIGH
P0C645	0.962	0.983	0.983	87.1	4	HIGH
P0DSN6	0.922	0.983	0.983	86.0	1	HIGH
P0DTW3	0.983	0.945	0.983	86.4	4	HIGH
P52487	0.983	0.957	0.983	92.3	4	HIGH
Q8NGN5	0.925	0.983	0.983	88.2	3	HIGH
Q8NH85	0.936	0.983	0.983	88.4	3	HIGH
Q8NHA6	0.944	0.983	0.983	86.8	3	HIGH
Q96R69	0.949	0.983	0.983	91.1	4	HIGH
Q9U9P7	0.960	0.983	0.983	91.5	3	HIGH
Q9VES7	0.835	0.983	0.983	94.9	4	HIGH
Q9VQ67	0.983	0.896	0.983	78.9	7	HIGH
Q9VRJ4	0.983	0.959	0.983	84.9	3	HIGH
Q9VTN9	0.983	0.906	0.983	94.7	7	HIGH
Q9VU37	0.983	0.943	0.983	90.9	2	HIGH
Q9W2D1	0.983	0.935	0.983	92.4	4	HIGH
A6NJW9	0.915	0.984	0.984	81.5	6	HIGH
M9NDI3	0.984	0.905	0.984	81.3	5	HIGH
P07192	0.984	0.980	0.984	95.7	3	HIGH
P0C7N8	0.929	0.984	0.984	88.6	3	HIGH
Q6IEZ7	0.943	0.984	0.984	89.7	3	HIGH
Q6UXT6	0.947	0.984	0.984	88.8	3	HIGH
Q8NCI6	0.960	0.984	0.984	91.7	7	HIGH
Q8NGI4	0.946	0.984	0.984	86.7	4	HIGH
Q9VBU4	0.984	0.847	0.984	78.0	3	HIGH
Q9VMU2	0.882	0.984	0.984	94.9	5	HIGH
Q9VPR3	0.984	0.736	0.984	89.7	5	HIGH
Q9Y0Y2	0.984	0.000	0.984	93.3	7	HIGH
A0A075B6U6	0.985	0.919	0.985	89.9	5	HIGH
A0A0C4DH68	0.985	0.940	0.985	89.9	5	HIGH
A0A5A2	0.985	0.847	0.985	92.1	5	HIGH
A0ABB0MV19	0.968	0.985	0.985	75.1	7	HIGH
A1Z8Z9	0.936	0.985	0.985	92.7	5	HIGH
O95221	0.952	0.985	0.985	89.2	3	HIGH
P0C7N5	0.935	0.985	0.985	90.1	3	HIGH
P0CF18	0.985	0.978	0.985	89.9	4	HIGH
P0DN80	0.942	0.985	0.985	90.0	3	HIGH
P49963	0.985	0.000	0.985	81.3	2	HIGH
Q02325	0.985	0.877	0.985	91.3	2	-
Q5TYX0	0.739	0.985	0.985	84.9	5	HIGH
Q6ZNQ3	0.967	0.985	0.985	91.7	4	HIGH
Q8NGG6	0.953	0.985	0.985	88.8	3	HIGH
Q8NGH3	0.953	0.985	0.985	86.9	3	HIGH
Q9BXT4	0.985	0.698	0.985	71.3	7	HIGH
Q9VIB1	0.960	0.985	0.985	91.9	4	HIGH
Q9VUN7	0.985	0.909	0.985	93.3	6	HIGH
Q9VVP4	0.981	0.985	0.985	96.6	7	HIGH
Q9W1U3	0.967	0.985	0.985	94.4	7	HIGH
Q9W3J1	0.985	0.972	0.985	93.8	7	HIGH
A0A0B4J1U6	0.986	0.846	0.986	91.2	5	HIGH
A0A0C4DH59	0.986	0.856	0.986	90.6	5	HIGH
A0A0K0K1C0	0.986	0.849	0.986	90.0	5	HIGH
O76994	0.986	0.864	0.986	87.5	2	HIGH
Q08AF3	0.986	0.617	0.986	87.6	6	HIGH
Q63ZE4	0.976	0.986	0.986	87.3	3	HIGH
Q8IUA0	0.986	0.953	0.986	87.0	5	HIGH
Q8NGI9	0.954	0.986	0.986	87.5	4	HIGH
Q8NH73	0.957	0.986	0.986	88.3	4	HIGH
Q9UKQ9	0.986	0.926	0.986	91.2	5	HIGH
Q9VES5	0.857	0.986	0.986	94.1	4	HIGH
Q9VG97	0.980	0.986	0.986	97.3	5	HIGH
Q9VJC0	0.986	0.960	0.986	77.7	4	HIGH
Q9W3M8	0.986	0.984	0.986	90.3	4	HIGH
A0A075B6K5	0.987	0.941	0.987	90.1	6	HIGH
A0A0B4J271	0.987	0.924	0.987	92.6	5	HIGH
A0A5B0	0.987	0.867	0.987	90.3	5	HIGH
A6NMS3	0.939	0.987	0.987	87.1	3	HIGH
P0C1H6	0.987	0.756	0.987	74.8	3	HIGH
Q8NGF1	0.954	0.987	0.987	85.3	4	HIGH
Q8NGN0	0.959	0.987	0.987	87.0	4	HIGH
Q9VA92	0.987	0.846	0.987	80.8	2	HIGH
Q9VET3	0.868	0.987	0.987	97.0	3	HIGH
Q9VFD5	0.987	0.939	0.987	89.9	3	HIGH
Q9VL75	0.987	0.000	0.987	84.0	4	HIGH
Q9VS65	0.987	0.949	0.987	96.8	2	HIGH
A1ZAL7	0.988	0.971	0.988	88.4	4	HIGH
H0Y7S4	0.754	0.988	0.988	84.9	5	HIGH
O60397	0.988	0.872	0.988	79.0	3	HIGH
P13060	0.930	0.988	0.988	91.4	12	HIGH
P58181	0.948	0.988	0.988	88.3	3	HIGH
Q2M238	0.860	0.988	0.988	91.9	1	HIGH
Q6ZSI9	0.988	0.939	0.988	86.0	11	HIGH
Q8IRH2	0.988	0.965	0.988	83.9	3	HIGH
Q8NGB4	0.956	0.988	0.988	88.8	4	HIGH
Q8NGH5	0.953	0.988	0.988	84.5	4	HIGH
Q9VA71	0.988	0.746	0.988	80.6	4	HIGH
Q9VG68	0.988	0.947	0.988	88.4	2	HIGH
Q9VHT2	0.988	0.921	0.988	96.1	5	HIGH
Q9VSK1	0.988	0.229	0.988	70.9	3	HIGH
Q9VT19	0.988	0.901	0.988	74.5	9	HIGH
Q9VUR4	0.988	0.945	0.988	73.5	4	HIGH
Q9Y2G4	0.988	0.954	0.988	70.3	2	HIGH
A0A075B6N4	0.989	0.922	0.989	89.8	5	HIGH
Q6IF36	0.960	0.989	0.989	90.0	3	HIGH
Q8I079	0.963	0.989	0.989	70.7	4	HIGH
Q8I725	0.989	0.890	0.989	93.3	4	HIGH
Q8N4E4	0.989	0.812	0.989	80.7	3	HIGH
Q96BX8	0.989	0.986	0.989	89.5	2	HIGH
Q9VC99	0.989	0.910	0.989	87.9	3	HIGH
Q9VLG9	0.988	0.989	0.989	94.8	7	HIGH
Q9VM17	0.989	0.829	0.989	74.6	2	HIGH
Q9VNA0	0.921	0.989	0.989	85.9	0	MEDIUM
Q9VTC1	0.989	0.903	0.989	71.6	6	HIGH
Q9VY45	0.989	0.827	0.989	89.5	6	HIGH
Q9W022	0.989	0.926	0.989	87.6	3	HIGH
A0A075B6I0	0.990	0.889	0.990	89.6	6	HIGH
A0A075B6I1	0.990	0.893	0.990	89.7	6	HIGH
A0A075B6I9	0.990	0.873	0.990	88.9	6	HIGH
F5H094	0.990	0.955	0.990	81.6	5	HIGH
Q5VT79	0.987	0.990	0.990	94.2	5	HIGH
Q86VH4	0.990	0.883	0.990	74.0	4	HIGH
Q96PT4	0.990	0.737	0.990	73.1	4	HIGH
Q9VED6	0.990	0.981	0.990	91.2	8	HIGH
Q9VN02	0.990	0.801	0.990	79.8	1	HIGH
Q9VPS5	0.990	0.870	0.990	81.0	6	HIGH
Q9VQF4	0.988	0.990	0.990	91.1	4	HIGH
Q9VTI5	0.990	0.980	0.990	96.5	7	HIGH
A0A075B6K6	0.991	0.878	0.991	87.4	6	HIGH
A1Z7K8	0.991	0.941	0.991	79.8	2	HIGH
Q53S08	0.991	0.984	0.991	72.9	4	HIGH
Q6ZTA4	0.991	0.902	0.991	76.7	14	HIGH
Q8IRH1	0.953	0.991	0.991	84.2	8	HIGH
Q8IRZ3	0.991	0.902	0.991	72.8	5	HIGH
Q8NGZ9	0.939	0.991	0.991	88.5	3	HIGH
Q9VB10	0.991	0.846	0.991	89.8	5	HIGH
Q9VC48	0.991	0.900	0.991	94.7	5	HIGH
Q9VHE4	0.990	0.991	0.991	96.9	3	HIGH
Q9VL18	0.991	0.468	0.991	76.8	6	HIGH
Q9VXG4	0.991	0.990	0.991	74.7	4	HIGH
A0A0C4DHC8	0.992	0.989	0.992	88.5	7	HIGH
A6NM03	0.939	0.992	0.992	86.8	3	HIGH
A8MVJ9	0.992	0.967	0.992	88.1	1	HIGH
F8VTS6	0.992	0.980	0.992	90.8	11	HIGH
Q6A1A2	0.992	0.955	0.992	78.9	6	HIGH
Q9H2C5	0.956	0.992	0.992	89.5	4	HIGH
Q9VF11	0.992	0.964	0.992	87.8	3	HIGH
Q9VFR8	0.988	0.992	0.992	94.3	4	HIGH
Q9VNE3	0.992	0.698	0.992	95.1	4	HIGH
Q9VU29	0.992	0.942	0.992	91.2	7	HIGH
Q9VWN3	0.992	0.979	0.992	73.3	10	HIGH
A0A075B6N2	0.993	0.894	0.993	92.4	5	HIGH
A0A0C4DH33	0.993	0.965	0.993	90.8	5	HIGH
A0PJX2	0.993	0.932	0.993	85.8	1	HIGH
A1ZBY1	0.993	0.957	0.993	89.3	2	HIGH
P0DP07	0.993	0.961	0.993	91.5	5	HIGH
P25167	0.989	0.993	0.993	90.0	12	HIGH
Q04448	0.993	0.953	0.993	95.7	6	HIGH
Q8NHC8	0.954	0.993	0.993	88.3	3	HIGH
Q8WTU2	0.993	0.825	0.993	73.6	2	HIGH
Q9BZ76	0.993	0.903	0.993	82.9	8	HIGH
Q9VIC9	0.993	0.971	0.993	92.8	15	HIGH
Q9VLH9	0.993	0.908	0.993	92.1	11	HIGH
Q9VMR9	0.993	0.969	0.993	92.1	3	HIGH
Q9VQU0	0.992	0.993	0.993	79.8	3	HIGH
A0A191URJ7	0.994	0.786	0.994	75.3	5	HIGH
A0A1W2PQ64	0.994	0.976	0.994	94.5	2	HIGH
A6NIZ1	0.994	0.991	0.994	91.3	5	HIGH
P0DPF4	0.994	0.904	0.994	93.5	5	HIGH
Q6ZSU1	0.994	0.993	0.994	96.1	5	HIGH
Q96NU0	0.994	0.906	0.994	83.0	8	HIGH
Q9H4B8	0.994	0.911	0.994	83.7	3	HIGH
Q9NPZ5	0.994	0.928	0.994	85.7	2	HIGH
Q9VK44	0.994	0.782	0.994	76.3	4	HIGH
Q9VLS4	0.994	0.989	0.994	94.6	4	HIGH
Q9VMW7	0.982	0.994	0.994	95.9	3	HIGH
Q9VR51	0.994	0.733	0.994	94.7	4	HIGH
Q9W1S5	0.994	0.988	0.994	82.9	5	HIGH
Q9W470	0.994	0.970	0.994	83.1	6	HIGH
A0A0A6YYG3	0.995	0.866	0.995	90.1	5	HIGH
A0A0B4J244	0.995	0.832	0.995	91.0	5	HIGH
A0A0G2JMM0	0.995	0.953	0.995	87.0	6	HIGH
A6NHC0	0.995	0.990	0.995	88.9	11	HIGH
B5MCN3	0.995	0.993	0.995	94.2	6	HIGH
B7Z8K6	0.995	0.774	0.995	81.4	4	HIGH
E1JGR4	0.995	0.729	0.995	84.0	2	HIGH
P37160	0.995	0.937	0.995	93.5	4	HIGH
Q9VJ44	0.995	0.747	0.995	96.9	6	HIGH
Q9VSL9	0.995	0.928	0.995	93.3	9	HIGH
Q9VYN3	0.991	0.995	0.995	77.8	3	HIGH
A0A075B6I6	0.996	0.965	0.996	89.1	6	HIGH
A0A075B6J9	0.996	0.891	0.996	86.3	6	HIGH
A0A584	0.996	0.865	0.996	88.6	4	HIGH
A0A599	0.996	0.860	0.996	92.2	5	HIGH
A1Z8D3	0.996	0.884	0.996	97.0	5	HIGH
A6NKH3	0.993	0.996	0.996	94.1	3	HIGH
O60774	0.992	0.996	0.996	92.6	5	HIGH
P56538	0.996	0.988	0.996	91.3	1	HIGH
Q5VSG8	0.996	0.556	0.996	86.5	1	HIGH
Q8N752	0.996	0.957	0.996	91.5	5	HIGH
Q8TET4	0.996	0.955	0.996	92.4	7	HIGH
Q8WXQ8	0.995	0.996	0.996	92.0	6	HIGH
Q9GZM6	0.958	0.996	0.996	88.3	3	HIGH
Q9U3W6	0.986	0.996	0.996	92.9	3	HIGH
Q9VQT1	0.996	0.987	0.996	88.5	4	HIGH
Q9W138	0.996	0.806	0.996	93.1	2	HIGH
A0A075B6N3	0.997	0.877	0.997	90.3	5	HIGH
A0A075B6W5	0.997	0.954	0.997	90.9	5	HIGH
A0A087WYE8	0.997	0.923	0.997	90.6	5	HIGH
O95006	0.921	0.997	0.997	88.8	3	HIGH
P0CE71	0.997	0.850	0.997	91.5	4	HIGH
P0CY13	0.997	0.000	0.997	81.1	2	HIGH
P29615	0.997	0.939	0.997	93.6	4	HIGH
P54007	0.906	0.997	0.997	97.2	6	HIGH
Q24208	0.997	0.994	0.997	82.7	9	HIGH
Q8NFI4	0.997	0.918	0.997	80.4	5	HIGH
Q92928	0.996	0.997	0.997	83.2	5	HIGH
Q9VC49	0.991	0.997	0.997	93.8	3	HIGH
Q9VH09	0.997	0.951	0.997	95.1	7	HIGH
Q9VKR1	0.997	0.971	0.997	76.3	2	MEDIUM
Q9VMC6	0.997	0.886	0.997	94.7	8	HIGH
A0A087WT03	0.998	0.863	0.998	91.1	5	HIGH
A0A0B4J237	0.998	0.928	0.998	90.9	5	HIGH
A0A0B4J275	0.998	0.882	0.998	89.2	5	HIGH
A0A0K0K1G6	0.998	0.910	0.998	92.3	5	HIGH
A0A1B0GX56	0.998	0.877	0.998	90.7	5	HIGH
O76511	0.998	0.992	0.998	92.3	5	HIGH
P08736	0.973	0.998	0.998	88.5	9	HIGH
P48592	0.998	0.906	0.998	78.6	5	HIGH
Q6B2U8	0.998	0.000	0.998	95.3	2	-
Q86V88	0.998	0.879	0.998	93.6	5	HIGH
Q9VBR4	0.998	0.919	0.998	84.4	4	HIGH
Q9VC28	0.970	0.998	0.998	92.4	7	HIGH
Q9VEP6	0.997	0.998	0.998	96.0	6	HIGH
Q9VL89	0.998	0.833	0.998	86.8	6	HIGH
Q9VMP9	0.992	0.998	0.998	94.8	4	HIGH
Q9VQT9	0.998	0.995	0.998	78.7	4	HIGH
Q9VUN2	0.998	0.917	0.998	76.8	4	HIGH
A0A0A6YYJ7	0.999	0.878	0.999	90.4	5	HIGH
A0A0B4J1U7	0.999	0.922	0.999	91.1	5	HIGH
A0A0B4J262	0.999	0.859	0.999	90.3	5	HIGH
A0AAG2SUK6	0.999	0.939	0.999	92.3	3	HIGH
A1Z758	0.999	0.000	0.999	82.9	6	-
O15442	0.999	0.882	0.999	88.5	4	HIGH
O62526	0.985	0.999	0.999	90.4	4	HIGH
P0C7U1	0.999	0.997	0.999	86.6	3	HIGH
P11844	0.996	0.999	0.999	96.1	3	HIGH
Q2VIR3	0.999	0.992	0.999	85.1	9	HIGH
Q9VB31	0.943	0.999	0.999	94.4	5	HIGH
Q9VQL9	0.999	0.979	0.999	89.7	5	HIGH
A0A0B4J277	1.000	0.940	1.000	93.2	5	HIGH
A0A0B4J2H0	1.000	0.973	1.000	91.4	5	HIGH
A0A0J9YX75	1.000	0.936	1.000	91.8	5	HIGH
A0A0J9YXX1	1.000	0.967	1.000	93.3	5	HIGH
A0A0J9YXY3	1.000	0.934	1.000	90.7	5	HIGH
A0A0K0K1A5	1.000	0.940	1.000	91.9	5	HIGH
A0A8I5KQE6	1.000	0.861	1.000	78.9	7	HIGH
A0AAG2TV02	1.000	0.926	1.000	90.8	5	HIGH
P0DP08	1.000	0.985	1.000	91.7	5	HIGH
P53757	1.000	0.958	1.000	95.6	5	HIGH
Q24560	0.991	1.000	1.000	92.0	10	HIGH
Q8IZJ6	1.000	0.806	1.000	77.0	3	HIGH
Q9VG04	0.997	1.000	1.000	97.9	1	MEDIUM
Q9VQ00	0.997	1.000	1.000	90.7	3	HIGH
A0A075B767	0.994	1.001	1.001	95.2	4	HIGH
A0A075B7D0	1.001	0.929	1.001	91.1	5	HIGH
A0A0B4J1V7	1.001	0.925	1.001	90.4	5	HIGH
A0A0B4J279	1.001	0.916	1.001	92.8	5	HIGH
A0A0G2JMI3	1.001	0.952	1.001	91.8	5	HIGH
A0AAG2TU05	1.001	0.961	1.001	90.7	5	HIGH
P0DP06	1.001	0.957	1.001	91.2	5	HIGH
Q0E8G6	1.001	0.729	1.001	88.7	3	HIGH
Q0E8P0	1.001	0.941	1.001	94.5	6	HIGH
Q8NCJ5	1.001	0.835	1.001	81.1	6	HIGH
A0A075B6H7	1.002	0.943	1.002	90.8	6	HIGH
A0A075B6H8	1.002	0.967	1.002	91.4	5	HIGH
A0A075B6R2	1.002	0.970	1.002	91.3	5	HIGH
A0A075B7E8	1.002	0.966	1.002	90.5	5	HIGH
A0A087WT02	1.002	0.876	1.002	91.8	5	HIGH
A0A0B4J1V1	1.002	0.990	1.002	90.9	5	HIGH
A0A0B4J1Y9	1.002	0.956	1.002	91.1	5	HIGH
A0A0C4DH30	1.002	0.939	1.002	89.6	5	HIGH
A0A0C4DH55	1.002	0.949	1.002	89.0	6	HIGH
A0A0C4DH69	1.002	0.981	1.002	90.9	6	HIGH
A0A0C4DH90	1.002	0.933	1.002	90.0	6	HIGH
A0A1B0GX49	1.002	0.912	1.002	91.8	5	HIGH
O95013	0.924	1.002	1.002	90.1	4	HIGH
P0C7X4	1.002	1.000	1.002	75.8	6	HIGH
Q9BY60	1.002	0.993	1.002	94.8	2	HIGH
A0A075B6S4	1.003	0.967	1.003	90.2	6	HIGH
A0A0A0MT36	1.003	0.932	1.003	91.0	6	HIGH
A0A0B4J1V6	1.003	0.958	1.003	91.2	5	HIGH
A0A0C4DH31	1.003	0.996	1.003	91.4	5	HIGH
A0AAG2TVE0	1.003	0.974	1.003	91.3	5	HIGH
Q7KUN6	1.003	0.896	1.003	86.5	2	MEDIUM
A0A075B7F0	1.004	0.966	1.004	91.0	5	HIGH
A0A075B7F1	1.004	0.926	1.004	91.3	5	HIGH
A0A087WSY6	1.004	0.951	1.004	90.1	6	HIGH
A0A0B4J1X5	1.004	0.954	1.004	91.0	5	HIGH
A0A0B4J2A2	1.000	1.004	1.004	96.6	4	HIGH
A0A3B3IRV3	0.997	1.004	1.004	96.6	5	HIGH
A0A5F9Z9Y6	0.995	1.004	1.004	94.1	5	HIGH
P0CI67	1.004	0.000	1.004	84.5	3	HIGH
P0DP03	1.004	0.998	1.004	91.0	5	HIGH
P0DP09	1.004	0.977	1.004	90.6	6	HIGH
A0A0B4J2D9	1.005	0.985	1.005	90.3	6	HIGH
A0A0C4DH29	1.005	0.983	1.005	91.8	5	HIGH
A0A0C4DH72	1.005	0.942	1.005	90.1	6	HIGH
A0A0J9YY99	1.005	0.938	1.005	91.0	5	HIGH
Q08694	0.994	1.005	1.005	93.7	4	HIGH
Q9VAW7	1.005	0.944	1.005	90.4	2	HIGH
A0A0C4DH35	1.006	0.942	1.006	90.8	5	HIGH
A6NCE7	0.992	1.006	1.006	91.7	2	HIGH
A0AAG2SXZ4	1.004	1.008	1.008	97.1	5	HIGH
Q5VVH2	1.002	1.008	1.008	95.1	3	HIGH
