accession	family	scan_scope	status	missing_motifs	catalytic_CA_distance_A	experimental_catalytic_GO	known_pseudo
A0A0U1RPR8	kinase	domain	pseudo-candidate	HRD;DFG	-	no	-
A0A178VBH8	kinase	domain	pseudo-candidate	HRD	-	no	-
A0A178VE74	kinase	domain	pseudo-candidate	DFG	-	no	-
A0A1I9LMD5	kinase	domain	pseudo-candidate	HRD	-	no	-
A0A1I9LQ53	kinase	domain	pseudo-candidate	HRD;DFG	-	no	-
A0A1P8BA72	kinase	domain	pseudo-candidate	HRD	-	no	-
A1Z9X0	kinase	domain	pseudo-candidate	HRD	-	yes	-
B9DFG5	kinase	domain	pseudo-candidate	DFG	-	yes	-
C0LGE4	kinase	domain	pseudo-candidate	HRD	-	no	-
C0LGH8	kinase	domain	pseudo-candidate	HRD;DFG	-	no	-
C0LGI5	kinase	domain	pseudo-candidate	HRD	-	no	-
C0LGJ9	kinase	domain	pseudo-candidate	HRD;DFG	-	no	-
C0LGK4	kinase	domain	pseudo-candidate	DFG	-	no	-
C0LGP4	kinase	domain	pseudo-candidate	HRD	-	no	-
C0LGP9	kinase	domain	pseudo-candidate	HRD	-	no	-
C0LGQ9	kinase	domain	pseudo-candidate	HRD;DFG	-	yes	-
C0LGR9	kinase	domain	pseudo-candidate	HRD;DFG	-	no	-
C0LGS3	kinase	domain	pseudo-candidate	HRD	-	no	-
C0LGT6	kinase	domain	pseudo-candidate	HRD	-	yes	-
C0LGU0	kinase	domain	pseudo-candidate	HRD	-	no	-
D7SFH9	kinase	domain	pseudo-candidate	HRD	-	no	-
F4HSB4	kinase	domain	pseudo-candidate	DFG	-	no	-
F4HU55	kinase	domain	pseudo-candidate	HRD;DFG	-	no	-
F4HWU0	kinase	domain	pseudo-candidate	DFG	-	yes	-
F4HX16	kinase	domain	pseudo-candidate	HRD	-	no	-
F4HYK7	kinase	domain	pseudo-candidate	HRD	-	no	-
F4I313	kinase	domain	pseudo-candidate	HRD;DFG	-	no	-
F4I3M3	kinase	domain	pseudo-candidate	HRD;DFG	-	no	-
F4I4F2	kinase	domain	pseudo-candidate	HRD;DFG	-	yes	-
F4I5D4	kinase	domain	pseudo-candidate	HRD	-	no	-
F4I7Y4	kinase	domain	pseudo-candidate	HRD;DFG	-	no	-
F4II29	kinase	domain	pseudo-candidate	HRD;DFG	-	no	-
F4IS56	kinase	domain	pseudo-candidate	HRD;DFG	-	yes	-
F4IVP3	kinase	domain	pseudo-candidate	HRD;DFG	-	no	-
F4J0D2	kinase	domain	pseudo-candidate	HRD	-	no	-
F4J3H7	kinase	domain	pseudo-candidate	DFG	-	no	-
F4J982	kinase	domain	pseudo-candidate	DFG	-	yes	-
F4JEQ2	kinase	domain	pseudo-candidate	HRD	-	no	-
F4JPX3	kinase	domain	pseudo-candidate	HRD	-	no	-
F4JQT1	kinase	domain	pseudo-candidate	HRD	-	no	-
F4JVS7	kinase	domain	pseudo-candidate	HRD;DFG	-	yes	-
F4JY37	kinase	domain	pseudo-candidate	HRD	-	no	-
F4JZW1	kinase	domain	pseudo-candidate	HRD	-	yes	-
F4KA50	kinase	domain	pseudo-candidate	HRD	-	no	-
O00141	kinase	domain	pseudo-candidate	HRD	-	yes	-
O04567	kinase	domain	pseudo-candidate	HRD	-	no	-
O08644	kinase	domain	pseudo-candidate	HRD;DFG	-	no	-
O14936	kinase	domain	pseudo-candidate	DFG	-	yes	-
O15197	kinase	domain	pseudo-candidate	HRD;DFG	-	no	-
O22138	kinase	domain	pseudo-candidate	HRD;DFG	-	no	-
O22178	kinase	domain	pseudo-candidate	HRD	-	no	-
O22808	kinase	domain	pseudo-candidate	HRD;DFG	-	no	-
O22938	kinase	domain	pseudo-candidate	HRD;DFG	-	no	-
O35491	kinase	domain	pseudo-candidate	HRD	-	yes	-
O35492	kinase	domain	pseudo-candidate	HRD	-	yes	-
O35493	kinase	domain	pseudo-candidate	HRD	-	yes	-
O43293	kinase	domain	pseudo-candidate	HRD	-	yes	-
O43781	kinase	domain	pseudo-candidate	HRD	-	yes	-
O48788	kinase	domain	pseudo-candidate	HRD	-	no	-
O48814	kinase	domain	pseudo-candidate	HRD	-	yes	-
O48963	kinase	domain	pseudo-candidate	HRD;DFG	-	yes	-
O49339	kinase	domain	pseudo-candidate	DFG	-	no	-
O49654	kinase	domain	pseudo-candidate	HRD;DFG	-	no	-
O49839	kinase	domain	pseudo-candidate	HRD	-	no	-
O49840	kinase	domain	pseudo-candidate	HRD	-	no	-
O54781	kinase	domain	pseudo-candidate	HRD	-	yes	-
O54784	kinase	domain	pseudo-candidate	HRD	-	yes	-
O55047	kinase	domain	pseudo-candidate	HRD	-	no	-
O55222	kinase	domain	pseudo-candidate	HRD;DFG	-	no	-
O60674	kinase	domain	pseudo-candidate	HRD	-	yes	-
O64682	kinase	domain	pseudo-candidate	HRD;DFG	-	yes	-
O64741	kinase	domain	pseudo-candidate	HRD	-	yes	-
O64798	kinase	domain	pseudo-candidate	HRD;DFG	-	no	-
O64825	kinase	domain	pseudo-candidate	DFG	-	no	-
O64842	kinase	domain	pseudo-candidate	HRD	-	no	-
O65924	kinase	domain	pseudo-candidate	HRD	-	no	-
O70293	kinase	domain	pseudo-candidate	HRD	-	yes	-
O70551	kinase	domain	pseudo-candidate	HRD	-	yes	-
O70589	kinase	domain	pseudo-candidate	DFG	-	no	-
O75676	kinase	domain	pseudo-candidate	HRD	-	yes	-
O80719	kinase	domain	pseudo-candidate	DFG	-	yes	-
O80778	kinase	domain	pseudo-candidate	HRD	-	no	-
O80888	kinase	domain	pseudo-candidate	HRD	-	no	-
O81064	kinase	domain	pseudo-candidate	HRD	-	no	-
O82318	kinase	domain	pseudo-candidate	HRD;DFG	-	no	-
O94768	kinase	domain	pseudo-candidate	HRD	-	yes	-
P00536	kinase	domain	pseudo-candidate	HRD	-	no	-
P00540	kinase	domain	pseudo-candidate	HRD	-	no	-
P05129	kinase	domain	pseudo-candidate	HRD	-	yes	-
P05130	kinase	domain	pseudo-candidate	HRD	-	yes	-
P05132	kinase	domain	pseudo-candidate	HRD	-	yes	-
P05771	kinase	domain	pseudo-candidate	HRD	-	yes	-
P05986	kinase	domain	pseudo-candidate	HRD	-	yes	-
P06244	kinase	domain	pseudo-candidate	HRD	-	yes	-
P06245	kinase	domain	pseudo-candidate	HRD	-	yes	-
P0C605	kinase	domain	pseudo-candidate	HRD	-	yes	-
P12370	kinase	domain	pseudo-candidate	HRD	-	yes	-
P12688	kinase	domain	pseudo-candidate	HRD	-	yes	-
P13677	kinase	domain	pseudo-candidate	HRD	-	no	-
P13678	kinase	domain	pseudo-candidate	HRD	-	no	-
P16054	kinase	domain	pseudo-candidate	HRD	-	yes	-
P16066	kinase	domain	pseudo-candidate	HRD	-	no	-
P17252	kinase	domain	pseudo-candidate	HRD	-	yes	-
P17612	kinase	domain	pseudo-candidate	HRD	-	yes	-
P18293	kinase	domain	pseudo-candidate	HRD	-	no	-
P18653	kinase	domain	pseudo-candidate	HRD	-	no	-
P18654	kinase	domain	pseudo-candidate	HRD	-	yes	-
P18961	kinase	domain	pseudo-candidate	HRD	-	yes	-
P20444	kinase	domain	pseudo-candidate	HRD	-	yes	-
P20594	kinase	domain	pseudo-candidate	HRD	-	no	-
P21860	kinase	domain	pseudo-candidate	HRD	-	yes	ERBB3
P22518	kinase	domain	pseudo-candidate	HRD	-	yes	-
P22694	kinase	domain	pseudo-candidate	HRD	-	yes	-
P23291	kinase	domain	pseudo-candidate	HRD	-	yes	-
P23292	kinase	domain	pseudo-candidate	HRD	-	yes	-
P23298	kinase	domain	pseudo-candidate	HRD	-	no	-
P23443	kinase	domain	pseudo-candidate	HRD	-	yes	-
P23458	kinase	domain	pseudo-candidate	DFG	-	yes	-
P24583	kinase	domain	pseudo-candidate	HRD	-	yes	-
P24723	kinase	domain	pseudo-candidate	HRD	-	yes	-
P25092	kinase	domain	pseudo-candidate	HRD	-	no	-
P25098	kinase	domain	pseudo-candidate	HRD	-	yes	-
P27450	kinase	domain	pseudo-candidate	HRD	-	yes	-
P28867	kinase	domain	pseudo-candidate	DFG	-	yes	-
P29597	kinase	domain	pseudo-candidate	HRD;DFG	-	yes	-
P31749	kinase	domain	pseudo-candidate	HRD	-	yes	-
P31750	kinase	domain	pseudo-candidate	HRD	-	yes	-
P31751	kinase	domain	pseudo-candidate	HRD	-	yes	-
P32298	kinase	domain	pseudo-candidate	HRD	-	yes	-
P32350	kinase	domain	pseudo-candidate	HRD	-	yes	-
P32865	kinase	domain	pseudo-candidate	HRD	-	yes	-
P32866	kinase	domain	pseudo-candidate	HRD	-	yes	-
P33543	kinase	domain	pseudo-candidate	HRD;DFG	-	no	-
P34925	kinase	domain	pseudo-candidate	HRD;DFG	-	no	-
P34947	kinase	domain	pseudo-candidate	HRD	-	yes	-
P35626	kinase	domain	pseudo-candidate	HRD	-	yes	-
P36102	kinase	domain	pseudo-candidate	HRD;DFG	-	no	-
P38070	kinase	domain	pseudo-candidate	HRD	-	yes	-
P39962	kinase	domain	pseudo-candidate	HRD	-	yes	-
P41279	kinase	domain	pseudo-candidate	HRD	-	yes	-
P41743	kinase	domain	pseudo-candidate	HRD	-	yes	-
P43250	kinase	domain	pseudo-candidate	HRD	-	yes	-
P43293	kinase	domain	pseudo-candidate	HRD	-	no	-
P46573	kinase	domain	pseudo-candidate	HRD	-	no	-
P49336	kinase	domain	pseudo-candidate	DFG	-	yes	-
P49759	kinase	domain	pseudo-candidate	HRD	-	yes	-
P49760	kinase	domain	pseudo-candidate	HRD	-	yes	-
P49761	kinase	domain	pseudo-candidate	HRD	-	no	-
P51566	kinase	domain	pseudo-candidate	HRD	-	no	-
P51567	kinase	domain	pseudo-candidate	HRD	-	yes	-
P51568	kinase	domain	pseudo-candidate	HRD	-	yes	-
P51812	kinase	domain	pseudo-candidate	HRD	-	yes	-
P51817	kinase	domain	pseudo-candidate	HRD	-	yes	-
P51841	kinase	domain	pseudo-candidate	HRD	-	no	-
P52332	kinase	domain	pseudo-candidate	DFG	-	yes	-
P52333	kinase	domain	pseudo-candidate	HRD;DFG	-	yes	-
P52785	kinase	domain	pseudo-candidate	HRD;DFG	-	no	-
P53009	kinase	domain	pseudo-candidate	HRD;DFG	-	no	-
P57078	kinase	domain	pseudo-candidate	HRD	-	no	-
P63318	kinase	domain	pseudo-candidate	HRD	-	yes	-
P68181	kinase	domain	pseudo-candidate	HRD	-	yes	-
P68404	kinase	domain	pseudo-candidate	HRD	-	yes	-
P70268	kinase	domain	pseudo-candidate	HRD	-	yes	-
P78362	kinase	domain	pseudo-candidate	HRD	-	yes	-
P78368	kinase	domain	pseudo-candidate	HRD	-	yes	-
P83098	kinase	domain	pseudo-candidate	HRD;DFG	-	no	-
P83099	kinase	domain	pseudo-candidate	HRD	-	yes	-
P83103	kinase	domain	pseudo-candidate	DFG	-	yes	-
P93025	kinase	domain	pseudo-candidate	HRD;DFG	-	yes	-
P93749	kinase	domain	pseudo-candidate	DFG	-	yes	-
P93752	kinase	domain	pseudo-candidate	HRD	-	no	-
P93753	kinase	domain	pseudo-candidate	DFG	-	no	-
P93754	kinase	domain	pseudo-candidate	HRD	-	no	-
Q01887	kinase	domain	pseudo-candidate	DFG	-	no	-
Q02111	kinase	domain	pseudo-candidate	HRD	-	yes	-
Q02156	kinase	domain	pseudo-candidate	HRD	-	yes	-
Q02846	kinase	domain	pseudo-candidate	HRD;DFG	-	no	-
Q02956	kinase	domain	pseudo-candidate	HRD	-	yes	-
Q03042	kinase	domain	pseudo-candidate	HRD	-	yes	-
Q03785	kinase	domain	pseudo-candidate	HRD	-	yes	-
Q04759	kinase	domain	pseudo-candidate	HRD	-	yes	-
Q05513	kinase	domain	pseudo-candidate	HRD	-	yes	-
Q05655	kinase	domain	pseudo-candidate	DFG	-	yes	-
Q05823	kinase	domain	pseudo-candidate	HRD	-	no	-
Q05921	kinase	domain	pseudo-candidate	HRD	-	no	-
Q06098	kinase	domain	pseudo-candidate	DFG	-	no	-
Q06548	kinase	domain	pseudo-candidate	HRD	-	yes	-
Q06BH3	kinase	domain	pseudo-candidate	HRD;DFG	-	no	-
Q07553	kinase	domain	pseudo-candidate	HRD	-	no	-
Q0WR59	kinase	domain	pseudo-candidate	HRD;DFG	-	yes	-
Q0WRY5	kinase	domain	pseudo-candidate	HRD	-	yes	-
Q0WSK8	kinase	domain	pseudo-candidate	HRD;DFG	-	no	-
Q12196	kinase	domain	pseudo-candidate	DFG	-	yes	-
Q12505	kinase	domain	pseudo-candidate	HRD	-	yes	-
Q13237	kinase	domain	pseudo-candidate	HRD	-	yes	-
Q13308	kinase	domain	pseudo-candidate	HRD	-	no	PTK7
Q13418	kinase	domain	pseudo-candidate	HRD;DFG	-	no	ILK
Q13976	kinase	domain	pseudo-candidate	HRD	-	yes	-
Q15349	kinase	domain	pseudo-candidate	HRD	-	yes	-
Q15418	kinase	domain	pseudo-candidate	HRD	-	yes	-
Q15831	kinase	domain	pseudo-candidate	HRD	-	yes	-
Q15835	kinase	domain	pseudo-candidate	HRD	-	yes	-
Q16512	kinase	domain	pseudo-candidate	HRD	-	yes	-
Q16513	kinase	domain	pseudo-candidate	HRD	-	yes	-
Q1PDV6	kinase	domain	pseudo-candidate	HRD	-	yes	-
Q1PE89	kinase	domain	pseudo-candidate	HRD	-	no	-
Q24210	kinase	domain	pseudo-candidate	DFG	-	no	-
Q24592	kinase	domain	pseudo-candidate	HRD;DFG	-	yes	-
Q27324	kinase	domain	pseudo-candidate	HRD;DFG	-	no	-
Q39203	kinase	domain	pseudo-candidate	HRD	-	no	-
Q39238	kinase	domain	pseudo-candidate	HRD	-	yes	-
Q3E8J4	kinase	domain	pseudo-candidate	HRD	-	no	-
Q3E900	kinase	domain	pseudo-candidate	HRD	-	no	-
Q3E909	kinase	domain	pseudo-candidate	HRD	-	no	-
Q3E991	kinase	domain	pseudo-candidate	DFG	-	no	-
Q3ECH2	kinase	domain	pseudo-candidate	HRD	-	no	-
Q3TUA9	kinase	domain	pseudo-candidate	DFG	-	no	-
Q3U3Q1	kinase	domain	pseudo-candidate	HRD	-	no	-
Q3UHL1	kinase	domain	pseudo-candidate	HRD	-	no	-
Q3UUJ4	kinase	domain	pseudo-candidate	HRD;DFG	-	no	-
Q3UWA6	kinase	domain	pseudo-candidate	HRD	-	no	-
Q3UYH7	kinase	domain	pseudo-candidate	HRD	-	yes	-
Q3V129	kinase	domain	pseudo-candidate	HRD;DFG	-	no	-
Q504Y2	kinase	domain	pseudo-candidate	HRD	-	yes	-
Q5HZ38	kinase	domain	pseudo-candidate	DFG	-	yes	-
Q5JZY3	kinase	domain	pseudo-candidate	HRD;DFG	-	no	-
Q5RJI4	kinase	domain	pseudo-candidate	HRD	-	yes	-
Q5SDA5	kinase	domain	pseudo-candidate	HRD	-	no	-
Q5SUV5	kinase	domain	pseudo-candidate	HRD	-	no	-
Q5U4C9	kinase	domain	pseudo-candidate	HRD	-	no	-
Q5XF79	kinase	domain	pseudo-candidate	HRD	-	no	-
Q60823	kinase	domain	pseudo-candidate	HRD	-	yes	-
Q61410	kinase	domain	pseudo-candidate	HRD	-	yes	-
Q62074	kinase	domain	pseudo-candidate	HRD	-	yes	-
Q62120	kinase	domain	pseudo-candidate	HRD	-	yes	-
Q62137	kinase	domain	pseudo-candidate	HRD;DFG	-	yes	-
Q64FQ2	kinase	domain	pseudo-candidate	HRD;DFG	-	no	-
Q6AWJ9	kinase	domain	pseudo-candidate	DFG	-	yes	-
Q6J9G0	kinase	domain	pseudo-candidate	DFG	-	no	-
Q6P3W7	kinase	domain	pseudo-candidate	HRD;DFG	-	no	-
Q6P5Z2	kinase	domain	pseudo-candidate	HRD	-	no	-
Q6PHR2	kinase	domain	pseudo-candidate	HRD	-	yes	-
Q6R2J8	kinase	domain	pseudo-candidate	HRD;DFG	-	no	-
Q6R2K1	kinase	domain	pseudo-candidate	HRD	-	no	-
Q6R2K2	kinase	domain	pseudo-candidate	HRD	-	no	-
Q6R2K3	kinase	domain	pseudo-candidate	HRD;DFG	-	no	-
Q6TL19	kinase	domain	pseudo-candidate	HRD;DFG	-	no	-
Q6VVW5	kinase	domain	pseudo-candidate	HRD	-	no	-
Q7FK82	kinase	domain	pseudo-candidate	DFG	-	no	-
Q7RTN6	kinase	domain	pseudo-candidate	HRD;DFG	-	no	STRADA
Q7TNL3	kinase	domain	pseudo-candidate	DFG	-	no	-
Q7TPS0	kinase	domain	pseudo-candidate	HRD	-	no	-
Q7XJT7	kinase	domain	pseudo-candidate	HRD;DFG	-	no	-
Q7Z7A4	kinase	domain	pseudo-candidate	HRD	-	no	-
Q84JQ4	kinase	domain	pseudo-candidate	HRD	-	yes	-
Q86UE8	kinase	domain	pseudo-candidate	HRD	-	yes	-
Q86UX6	kinase	domain	pseudo-candidate	DFG	-	no	-
Q86YV6	kinase	domain	pseudo-candidate	HRD	-	no	-
Q8BGW6	kinase	domain	pseudo-candidate	DFG	-	no	-
Q8BKG3	kinase	domain	pseudo-candidate	HRD	-	no	-
Q8BSK8	kinase	domain	pseudo-candidate	HRD	-	yes	-
Q8BWW9	kinase	domain	pseudo-candidate	HRD	-	no	-
Q8BX57	kinase	domain	pseudo-candidate	HRD	-	no	-
Q8BYG9	kinase	domain	pseudo-candidate	HRD;DFG	-	no	-
Q8BZ25	kinase	domain	pseudo-candidate	HRD	-	no	-
Q8C4X2	kinase	domain	pseudo-candidate	HRD	-	no	-
Q8CFE4	kinase	domain	pseudo-candidate	HRD;DFG	-	no	-
Q8GXZ3	kinase	domain	pseudo-candidate	HRD	-	no	-
Q8GY82	kinase	domain	pseudo-candidate	DFG	-	yes	-
Q8H186	kinase	domain	pseudo-candidate	HRD	-	no	-
Q8H1G6	kinase	domain	pseudo-candidate	DFG	-	yes	-
Q8INB9	kinase	domain	pseudo-candidate	HRD	-	yes	-
Q8IV63	kinase	domain	pseudo-candidate	HRD;DFG	-	yes	VRK3
Q8K3G5	kinase	domain	pseudo-candidate	HRD;DFG	-	no	-
Q8K4K2	kinase	domain	pseudo-candidate	DFG	-	no	-
Q8K4K3	kinase	domain	pseudo-candidate	HRD;DFG	-	no	-
Q8K4K4	kinase	domain	pseudo-candidate	HRD	-	no	-
Q8K4T3	kinase	domain	pseudo-candidate	HRD;DFG	-	no	-
Q8L617	kinase	domain	pseudo-candidate	HRD	-	yes	-
Q8LFN2	kinase	domain	pseudo-candidate	HRD	-	no	-
Q8LGB6	kinase	domain	pseudo-candidate	HRD	-	no	-
Q8LPS5	kinase	domain	pseudo-candidate	HRD	-	no	-
Q8MLX0	kinase	domain	pseudo-candidate	HRD	-	no	-
Q8N2I9	kinase	domain	pseudo-candidate	DFG	-	no	-
Q8NB16	kinase	domain	pseudo-candidate	HRD;DFG	-	no	-
Q8NFD2	kinase	domain	pseudo-candidate	HRD	-	no	-
Q8QZV4	kinase	domain	pseudo-candidate	DFG	-	no	-
Q8R3L8	kinase	domain	pseudo-candidate	DFG	-	no	-
Q8RWX4	kinase	domain	pseudo-candidate	HRD;DFG	-	yes	-
Q8RWZ1	kinase	domain	pseudo-candidate	HRD;DFG	-	no	-
Q8RWZ5	kinase	domain	pseudo-candidate	HRD	-	yes	-
Q8S8S7	kinase	domain	pseudo-candidate	DFG	-	no	-
Q8S9D1	kinase	domain	pseudo-candidate	DFG	-	no	-
Q8TEA7	kinase	domain	pseudo-candidate	DFG	-	no	-
Q8VD65	kinase	domain	pseudo-candidate	DFG	-	no	-
Q8VDF3	kinase	domain	pseudo-candidate	HRD	-	no	-
Q8VEB1	kinase	domain	pseudo-candidate	HRD	-	no	-
Q8VZF4	kinase	domain	pseudo-candidate	HRD;DFG	-	no	-
Q8W4L3	kinase	domain	pseudo-candidate	HRD;DFG	-	no	-
Q8WTQ7	kinase	domain	pseudo-candidate	HRD	-	yes	-
Q8WU08	kinase	domain	pseudo-candidate	DFG	-	no	-
Q91V36	kinase	domain	pseudo-candidate	HRD;DFG	-	no	-
Q922R0	kinase	domain	pseudo-candidate	HRD	-	no	-
Q922Y0	kinase	domain	pseudo-candidate	HRD	-	yes	-
Q92519	kinase	domain	pseudo-candidate	HRD;DFG	-	no	-
Q92630	kinase	domain	pseudo-candidate	HRD	-	yes	-
Q93V58	kinase	domain	pseudo-candidate	DFG	-	yes	-
Q93Y06	kinase	domain	pseudo-candidate	HRD;DFG	-	no	-
Q944A7	kinase	domain	pseudo-candidate	HRD;DFG	-	yes	-
Q94533	kinase	domain	pseudo-candidate	HRD	-	yes	-
Q94A51	kinase	domain	pseudo-candidate	HRD	-	no	-
Q94BM7	kinase	domain	pseudo-candidate	beta3K;HRD;DFG	-	no	-
Q94C77	kinase	domain	pseudo-candidate	HRD	-	no	-
Q96BR1	kinase	domain	pseudo-candidate	HRD	-	yes	-
Q96C45	kinase	domain	pseudo-candidate	HRD;DFG	-	no	-
Q96KB5	kinase	domain	pseudo-candidate	DFG	-	no	-
Q96KG9	kinase	domain	pseudo-candidate	HRD;DFG	-	no	-
Q96QS6	kinase	domain	pseudo-candidate	HRD	-	no	-
Q96RU7	kinase	domain	pseudo-candidate	beta3K;DFG	-	no	TRIB3
Q96RU8	kinase	domain	pseudo-candidate	HRD	-	no	TRIB1
Q96SB4	kinase	domain	pseudo-candidate	HRD	-	yes	-
Q99570	kinase	domain	pseudo-candidate	DFG	-	no	-
Q99640	kinase	domain	pseudo-candidate	HRD	-	yes	-
Q99J45	kinase	domain	pseudo-candidate	HRD;DFG	-	no	-
Q99MK8	kinase	domain	pseudo-candidate	HRD	-	yes	-
Q99MW1	kinase	domain	pseudo-candidate	HRD;DFG	-	yes	-
Q9ASS4	kinase	domain	pseudo-candidate	HRD	-	yes	-
Q9BWU1	kinase	domain	pseudo-candidate	DFG	-	yes	-
Q9BXA7	kinase	domain	pseudo-candidate	DFG	-	yes	-
Q9BXU1	kinase	domain	pseudo-candidate	HRD;DFG	-	no	-
Q9C0K7	kinase	domain	pseudo-candidate	HRD;DFG	-	no	-
Q9C5S2	kinase	domain	pseudo-candidate	DFG	-	no	-
Q9C823	kinase	domain	pseudo-candidate	DFG	-	no	-
Q9C8M5	kinase	domain	pseudo-candidate	HRD;DFG	-	no	-
Q9C8M9	kinase	domain	pseudo-candidate	HRD;DFG	-	no	-
Q9C9E4	kinase	domain	pseudo-candidate	DFG	-	no	-
Q9C9H8	kinase	domain	pseudo-candidate	HRD;DFG	-	no	-
Q9C9N5	kinase	domain	pseudo-candidate	HRD	-	no	-
Q9C9Y8	kinase	domain	pseudo-candidate	HRD	-	no	-
Q9D0L4	kinase	domain	pseudo-candidate	HRD;DFG	-	no	-
Q9D2Y4	kinase	domain	pseudo-candidate	HRD;DFG	-	no	-
Q9DBQ7	kinase	domain	pseudo-candidate	HRD;DFG	-	no	-
Q9EQC5	kinase	domain	pseudo-candidate	HRD;DFG	-	no	-
Q9ERE3	kinase	domain	pseudo-candidate	HRD	-	yes	-
Q9ERK0	kinase	domain	pseudo-candidate	DFG	-	yes	-
Q9ESG9	kinase	domain	pseudo-candidate	HRD	-	no	-
Q9FE20	kinase	domain	pseudo-candidate	HRD	-	yes	-
Q9FF29	kinase	domain	pseudo-candidate	HRD	-	yes	-
Q9FG24	kinase	domain	pseudo-candidate	HRD;DFG	-	no	-
Q9FG74	kinase	domain	pseudo-candidate	HRD;DFG	-	yes	-
Q9FGG7	kinase	domain	pseudo-candidate	HRD;DFG	-	no	-
Q9FGN6	kinase	domain	pseudo-candidate	DFG	-	no	-
Q9FHA5	kinase	domain	pseudo-candidate	HRD	-	no	-
Q9FHD7	kinase	domain	pseudo-candidate	HRD;DFG	-	no	-
Q9FHK7	kinase	domain	pseudo-candidate	DFG	-	no	-
Q9FID5	kinase	domain	pseudo-candidate	HRD	-	no	-
Q9FID6	kinase	domain	pseudo-candidate	HRD	-	no	-
Q9FIL1	kinase	domain	pseudo-candidate	HRD;DFG	-	no	-
Q9FK10	kinase	domain	pseudo-candidate	HRD;DFG	-	no	-
Q9FK63	kinase	domain	pseudo-candidate	HRD	-	yes	-
Q9FL28	kinase	domain	pseudo-candidate	HRD	-	no	-
Q9FL63	kinase	domain	pseudo-candidate	HRD;DFG	-	no	-
Q9FLL2	kinase	domain	pseudo-candidate	DFG	-	no	-
Q9FM85	kinase	domain	pseudo-candidate	HRD	-	no	-
Q9FMD7	kinase	domain	pseudo-candidate	HRD;DFG	-	no	-
Q9FMI2	kinase	domain	pseudo-candidate	HRD;DFG	-	no	-
Q9FNL4	kinase	domain	pseudo-candidate	HRD	-	no	-
Q9FRI1	kinase	domain	pseudo-candidate	HRD	-	no	-
Q9FYC5	kinase	domain	pseudo-candidate	HRD	-	no	-
Q9H5K3	kinase	domain	pseudo-candidate	DFG	-	no	-
Q9HAZ1	kinase	domain	pseudo-candidate	HRD	-	no	-
Q9HBY8	kinase	domain	pseudo-candidate	HRD	-	yes	-
Q9HCP0	kinase	domain	pseudo-candidate	HRD	-	yes	-
Q9JJ78	kinase	domain	pseudo-candidate	DFG	-	yes	-
Q9JJX8	kinase	domain	pseudo-candidate	DFG	-	no	-
Q9LFD0	kinase	domain	pseudo-candidate	HRD;DFG	-	no	-
Q9LFL6	kinase	domain	pseudo-candidate	HRD;DFG	-	no	-
Q9LFL7	kinase	domain	pseudo-candidate	HRD;DFG	-	no	-
Q9LFP7	kinase	domain	pseudo-candidate	HRD	-	yes	-
Q9LJR3	kinase	domain	pseudo-candidate	HRD	-	no	-
Q9LJY0	kinase	domain	pseudo-candidate	HRD;DFG	-	no	-
Q9LMK8	kinase	domain	pseudo-candidate	HRD	-	yes	-
Q9LNK3	kinase	domain	pseudo-candidate	HRD;DFG	-	no	-
Q9LP77	kinase	domain	pseudo-candidate	HRD	-	no	-
Q9LPT1	kinase	domain	pseudo-candidate	HRD	-	no	-
Q9LQQ8	kinase	domain	pseudo-candidate	HRD	-	no	-
Q9LRT1	kinase	domain	pseudo-candidate	HRD	-	no	-
Q9LRY1	kinase	domain	pseudo-candidate	HRD	-	no	-
Q9LS26	kinase	domain	pseudo-candidate	HRD;DFG	-	no	-
Q9LSE1	kinase	domain	pseudo-candidate	HRD	-	yes	-
Q9LSF1	kinase	domain	pseudo-candidate	HRD;DFG	-	yes	-
Q9LSI9	kinase	domain	pseudo-candidate	HRD	-	no	-
Q9LT38	kinase	domain	pseudo-candidate	HRD;DFG	-	no	-
Q9LTC0	kinase	domain	pseudo-candidate	HRD	-	yes	-
Q9LU47	kinase	domain	pseudo-candidate	DFG	-	no	-
Q9LUK3	kinase	domain	pseudo-candidate	HRD	-	no	-
Q9LUL2	kinase	domain	pseudo-candidate	HRD;DFG	-	no	-
Q9LUL4	kinase	domain	pseudo-candidate	HRD;DFG	-	no	-
Q9LUT0	kinase	domain	pseudo-candidate	DFG	-	yes	-
Q9LV04	kinase	domain	pseudo-candidate	HRD;DFG	-	no	-
Q9LVI6	kinase	domain	pseudo-candidate	HRD	-	no	-
Q9LVM0	kinase	domain	pseudo-candidate	HRD	-	no	-
Q9LVN2	kinase	domain	pseudo-candidate	HRD	-	no	-
Q9LY03	kinase	domain	pseudo-candidate	HRD	-	no	-
Q9LYN6	kinase	domain	pseudo-candidate	HRD;DFG	-	no	-
Q9LYU7	kinase	domain	pseudo-candidate	HRD;DFG	-	no	-
Q9LZF8	kinase	domain	pseudo-candidate	HRD	-	no	-
Q9M1L7	kinase	domain	pseudo-candidate	DFG	-	yes	-
Q9M1Q2	kinase	domain	pseudo-candidate	DFG	-	yes	-
Q9M2R4	kinase	domain	pseudo-candidate	DFG	-	no	-
Q9M324	kinase	domain	pseudo-candidate	HRD;DFG	-	no	-
Q9M8T0	kinase	domain	pseudo-candidate	HRD	-	no	-
Q9M9S4	kinase	domain	pseudo-candidate	HRD;DFG	-	no	-
Q9NR20	kinase	domain	pseudo-candidate	HRD	-	no	-
Q9NSY0	kinase	domain	pseudo-candidate	HRD;DFG	-	no	-
Q9R117	kinase	domain	pseudo-candidate	HRD;DFG	-	no	-
Q9S9J9	kinase	domain	pseudo-candidate	HRD;DFG	-	no	-
Q9S9V0	kinase	domain	pseudo-candidate	HRD	-	no	-
Q9SCT4	kinase	domain	pseudo-candidate	HRD	-	no	-
Q9SD64	kinase	domain	pseudo-candidate	DFG	-	no	-
Q9SF12	kinase	domain	pseudo-candidate	HRD;DFG	-	no	-
Q9SF86	kinase	domain	pseudo-candidate	HRD	-	yes	-
Q9SFT7	kinase	domain	pseudo-candidate	HRD	-	yes	-
Q9SFX0	kinase	domain	pseudo-candidate	HRD	-	no	-
Q9SGI7	kinase	domain	pseudo-candidate	HRD	-	no	-
Q9SH71	kinase	domain	pseudo-candidate	HRD;DFG	-	no	-
Q9SHU6	kinase	domain	pseudo-candidate	HRD;DFG	-	no	-
Q9SIB6	kinase	domain	pseudo-candidate	HRD	-	no	-
Q9SII6	kinase	domain	pseudo-candidate	HRD	-	no	-
Q9SJQ1	kinase	domain	pseudo-candidate	HRD	-	no	-
Q9SL76	kinase	domain	pseudo-candidate	HRD;DFG	-	no	-
Q9SN80	kinase	domain	pseudo-candidate	DFG	-	no	-
Q9SND6	kinase	domain	pseudo-candidate	HRD	-	yes	-
Q9SRH7	kinase	domain	pseudo-candidate	HRD	-	no	-
Q9SUA3	kinase	domain	pseudo-candidate	HRD;DFG	-	no	-
Q9SUQ3	kinase	domain	pseudo-candidate	HRD	-	no	-
Q9SV69	kinase	domain	pseudo-candidate	HRD;DFG	-	yes	-
Q9SVD4	kinase	domain	pseudo-candidate	HRD;DFG	-	no	-
Q9SVY5	kinase	domain	pseudo-candidate	DFG	-	no	-
Q9SVZ0	kinase	domain	pseudo-candidate	HRD;DFG	-	no	-
Q9SX57	kinase	domain	pseudo-candidate	DFG	-	no	-
Q9SY91	kinase	domain	pseudo-candidate	HRD	-	no	-
Q9SYB9	kinase	domain	pseudo-candidate	HRD;DFG	-	yes	-
Q9T033	kinase	domain	pseudo-candidate	DFG	-	no	-
Q9UBS0	kinase	domain	pseudo-candidate	HRD	-	yes	-
Q9UEE5	kinase	domain	pseudo-candidate	HRD	-	yes	-
Q9UHY1	kinase	domain	pseudo-candidate	HRD;DFG	-	no	-
Q9UIK4	kinase	domain	pseudo-candidate	HRD	-	yes	-
Q9UK32	kinase	domain	pseudo-candidate	HRD	-	no	-
Q9UKI8	kinase	domain	pseudo-candidate	HRD	-	yes	-
Q9UPE1	kinase	domain	pseudo-candidate	HRD	-	no	-
Q9V400	kinase	domain	pseudo-candidate	HRD;DFG	-	no	-
Q9V422	kinase	domain	pseudo-candidate	HRD;DFG	-	no	-
Q9VAR0	kinase	domain	pseudo-candidate	HRD;DFG	-	no	-
Q9VCL7	kinase	domain	pseudo-candidate	DFG	-	no	-
Q9VHF6	kinase	domain	pseudo-candidate	HRD	-	no	-
Q9VHH2	kinase	domain	pseudo-candidate	DFG	-	no	-
Q9VT57	kinase	domain	pseudo-candidate	DFG	-	yes	-
Q9VU79	kinase	domain	pseudo-candidate	HRD	-	no	-
Q9VWQ2	kinase	domain	pseudo-candidate	HRD	-	yes	-
Q9W133	kinase	domain	pseudo-candidate	HRD;DFG	-	no	-
Q9W4F8	kinase	domain	pseudo-candidate	HRD;DFG	-	no	-
Q9WTK7	kinase	domain	pseudo-candidate	HRD	-	yes	-
Q9WUA6	kinase	domain	pseudo-candidate	HRD	-	yes	-
Q9WUT3	kinase	domain	pseudo-candidate	HRD	-	yes	-
Q9WVC6	kinase	domain	pseudo-candidate	HRD	-	yes	-
Q9WVL4	kinase	domain	pseudo-candidate	HRD	-	yes	-
Q9XEE4	kinase	domain	pseudo-candidate	HRD	-	yes	-
Q9XID3	kinase	domain	pseudo-candidate	HRD	-	no	-
Q9Y243	kinase	domain	pseudo-candidate	HRD	-	yes	-
Q9Y463	kinase	domain	pseudo-candidate	HRD	-	yes	-
Q9Y616	kinase	domain	pseudo-candidate	HRD;DFG	-	yes	-
Q9Y6M4	kinase	domain	pseudo-candidate	HRD	-	yes	-
Q9Z0G2	kinase	domain	pseudo-candidate	HRD	-	yes	-
Q9Z188	kinase	domain	pseudo-candidate	HRD	-	yes	-
Q9Z1M4	kinase	domain	pseudo-candidate	HRD	-	yes	-
Q9Z2B9	kinase	domain	pseudo-candidate	HRD	-	no	-
Q9ZUF4	kinase	domain	pseudo-candidate	HRD	-	yes	-
Q9ZUI0	kinase	domain	pseudo-candidate	DFG	-	no	-
Q9ZVP5	kinase	domain	pseudo-candidate	HRD	-	yes	-
Q9ZW09	kinase	domain	pseudo-candidate	HRD	-	no	-
Q9ZW11	kinase	domain	pseudo-candidate	HRD	-	no	-
Q9ZW72	kinase	domain	pseudo-candidate	DFG	-	no	-
A0A087WRH8	kinase	domain	active-like	-	8.0	no	-
A0A0B4K7J3	kinase	domain	active-like	-	8.0	yes	-
A0A140LJ87	kinase	domain	active-like	-	8.1	no	-
A0A1I9LTT1	kinase	domain	active-like	-	30.9	no	-
A0A1P8ASB9	kinase	domain	active-like	-	7.8	yes	-
A0A1P8ASI5	kinase	domain	active-like	-	7.7	no	-
A0A1P8AVQ6	kinase	domain	active-like	-	7.7	yes	-
A0A1P8AWS5	kinase	domain	active-like	-	7.9	no	-
A0A1P8AZS4	kinase	domain	active-like	-	7.7	no	-
A0A1P8BAU6	kinase	domain	active-like	-	7.9	no	-
A0A1P8BD07	kinase	domain	active-like	-	19.0	no	-
A0A1P8BGL4	kinase	domain	active-like	-	8.1	no	-
A0A1R7T3H1	kinase	domain	active-like	-	8.0	no	-
A0A3B2WD63	kinase	domain	active-like	-	8.4	no	-
A1Z7L8	kinase	domain	active-like	-	8.1	yes	-
A1Z840	kinase	domain	active-like	-	7.8	no	-
A8R7E6	kinase	domain	active-like	-	7.7	yes	-
B5X4Z9	kinase	domain	active-like	-	7.9	no	-
C0HKC9	kinase	domain	active-like	-	8.1	no	-
C0LGD6	kinase	domain	active-like	-	7.5	no	-
C0LGD7	kinase	domain	active-like	-	7.9	no	-
C0LGD8	kinase	domain	active-like	-	7.8	no	-
C0LGD9	kinase	domain	active-like	-	7.6	no	-
C0LGE0	kinase	domain	active-like	-	7.8	yes	-
C0LGF4	kinase	domain	active-like	-	7.8	no	-
C0LGF5	kinase	domain	active-like	-	7.6	no	-
C0LGG3	kinase	domain	active-like	-	7.6	no	-
C0LGG4	kinase	domain	active-like	-	7.7	no	-
C0LGG6	kinase	domain	active-like	-	7.8	no	-
C0LGG7	kinase	domain	active-like	-	7.8	no	-
C0LGG8	kinase	domain	active-like	-	7.9	no	-
C0LGG9	kinase	domain	active-like	-	8.0	no	-
C0LGH2	kinase	domain	active-like	-	7.8	no	-
C0LGH3	kinase	domain	active-like	-	7.6	no	-
C0LGI2	kinase	domain	active-like	-	7.7	no	-
C0LGJ1	kinase	domain	active-like	-	7.9	no	-
C0LGK9	kinase	domain	active-like	-	7.8	no	-
C0LGL4	kinase	domain	active-like	-	7.7	no	-
C0LGL9	kinase	domain	active-like	-	7.8	no	-
C0LGN2	kinase	domain	active-like	-	7.8	no	-
C0LGP2	kinase	domain	active-like	-	20.5	no	-
C0LGQ5	kinase	domain	active-like	-	7.4	no	-
C0LGQ7	kinase	domain	active-like	-	7.7	no	-
C0LGR3	kinase	domain	active-like	-	7.6	no	-
C0LGR6	kinase	domain	active-like	-	7.9	no	-
C0LGS2	kinase	domain	active-like	-	8.1	no	-
C0LGT1	kinase	domain	active-like	-	7.9	no	-
C0LGT5	kinase	domain	active-like	-	26.0	no	-
C0LGU1	kinase	domain	active-like	-	7.6	no	-
C0LGU5	kinase	domain	active-like	-	7.8	no	-
C0LGV0	kinase	domain	active-like	-	7.7	no	-
C0LGV1	kinase	domain	active-like	-	7.9	no	-
C0LGW2	kinase	domain	active-like	-	7.7	no	-
C0LGW6	kinase	domain	active-like	-	7.7	no	-
C0LGX1	kinase	domain	active-like	-	7.8	no	-
C0LGX3	kinase	domain	active-like	-	7.9	no	-
F4HQ17	kinase	domain	active-like	-	7.9	no	-
F4I065	kinase	domain	active-like	-	7.8	no	-
F4I0Z0	kinase	domain	active-like	-	8.0	no	-
F4I2K0	kinase	domain	active-like	-	8.4	yes	-
F4I2N7	kinase	domain	active-like	-	7.8	yes	-
F4I3K4	kinase	domain	active-like	-	7.6	no	-
F4I3V3	kinase	domain	active-like	-	7.8	no	-
F4I6E4	kinase	domain	active-like	-	8.2	no	-
F4IB63	kinase	domain	active-like	-	7.7	no	-
F4IB81	kinase	domain	active-like	-	7.9	no	-
F4IK85	kinase	domain	active-like	-	18.9	no	-
F4ISN5	kinase	domain	active-like	-	8.1	yes	-
F4IVI0	kinase	domain	active-like	-	7.8	no	-
F4J5Y7	kinase	domain	active-like	-	7.9	no	-
F4JI10	kinase	domain	active-like	-	23.8	no	-
F4JRQ4	kinase	domain	active-like	-	8.2	no	-
F4JTP5	kinase	domain	active-like	-	7.9	yes	-
F4JWD4	kinase	domain	active-like	-	7.7	no	-
F4JZT9	kinase	domain	active-like	-	19.1	no	-
F4K6B8	kinase	domain	active-like	-	7.7	no	-
F4KFD4	kinase	domain	active-like	-	8.4	yes	-
F4KI00	kinase	domain	active-like	-	7.9	yes	-
F4KIL1	kinase	domain	active-like	-	8.7	no	-
J3KMT3	kinase	domain	active-like	-	8.0	no	-
J3QK59	kinase	domain	active-like	-	8.0	no	-
O00238	kinase	domain	active-like	-	8.0	yes	-
O00311	kinase	domain	active-like	-	8.1	yes	-
O00506	kinase	domain	active-like	-	7.4	yes	-
O08605	kinase	domain	active-like	-	5.9	yes	-
O09110	kinase	domain	active-like	-	8.0	yes	-
O09127	kinase	domain	active-like	-	8.1	yes	-
O14733	kinase	domain	active-like	-	7.8	yes	-
O14757	kinase	domain	active-like	-	8.2	yes	-
O14920	kinase	domain	active-like	-	8.2	yes	-
O14965	kinase	domain	active-like	-	8.1	yes	-
O15075	kinase	domain	active-like	-	7.8	no	-
O15111	kinase	domain	active-like	-	8.2	yes	-
O15146	kinase	domain	active-like	-	8.3	yes	-
O15264	kinase	domain	active-like	-	8.0	yes	-
O15530	kinase	domain	active-like	-	7.8	yes	-
O17432	kinase	domain	active-like	-	7.6	yes	-
O18645	kinase	domain	active-like	-	8.2	yes	-
O22187	kinase	domain	active-like	-	7.7	no	-
O22476	kinase	domain	active-like	-	7.8	yes	-
O22558	kinase	domain	active-like	-	7.9	yes	-
O22764	kinase	domain	active-like	-	7.9	yes	-
O22833	kinase	domain	active-like	-	7.7	no	-
O22932	kinase	domain	active-like	-	8.3	yes	-
O22971	kinase	domain	active-like	-	8.3	no	-
O23145	kinase	domain	active-like	-	8.0	yes	-
O23236	kinase	domain	active-like	-	7.9	no	-
O23334	kinase	domain	active-like	-	7.9	no	-
O35099	kinase	domain	active-like	-	8.7	yes	-
O35280	kinase	domain	active-like	-	8.2	yes	-
O35495	kinase	domain	active-like	-	8.0	yes	-
O35942	kinase	domain	active-like	-	7.8	yes	-
O43353	kinase	domain	active-like	-	26.0	yes	-
O46308	kinase	domain	active-like	-	7.5	yes	-
O48837	kinase	domain	active-like	-	8.0	no	-
O49318	kinase	domain	active-like	-	7.8	no	-
O49545	kinase	domain	active-like	-	7.8	yes	-
O49564	kinase	domain	active-like	-	7.8	no	-
O49717	kinase	domain	active-like	-	8.4	no	-
O54785	kinase	domain	active-like	-	7.8	yes	-
O54833	kinase	domain	active-like	-	8.0	yes	-
O54863	kinase	domain	active-like	-	8.2	yes	-
O54949	kinase	domain	active-like	-	7.9	yes	-
O54992	kinase	domain	active-like	-	7.9	yes	-
O55098	kinase	domain	active-like	-	7.6	no	-
O61267	kinase	domain	active-like	-	7.8	yes	-
O61443	kinase	domain	active-like	-	8.1	yes	-
O61444	kinase	domain	active-like	-	7.5	no	-
O61661	kinase	domain	active-like	-	8.1	yes	-
O62602	kinase	domain	active-like	-	8.1	yes	-
O62618	kinase	domain	active-like	-	8.1	yes	-
O64483	kinase	domain	active-like	-	7.7	no	-
O64556	kinase	domain	active-like	-	7.7	no	-
O64573	kinase	domain	active-like	-	8.3	no	-
O64629	kinase	domain	active-like	-	8.2	yes	-
O64770	kinase	domain	active-like	-	19.3	no	-
O64771	kinase	domain	active-like	-	19.2	no	-
O64776	kinase	domain	active-like	-	19.4	no	-
O64777	kinase	domain	active-like	-	19.4	no	-
O64780	kinase	domain	active-like	-	19.1	no	-
O64781	kinase	domain	active-like	-	19.2	no	-
O64782	kinase	domain	active-like	-	19.3	yes	-
O64794	kinase	domain	active-like	-	7.8	no	-
O64812	kinase	domain	active-like	-	8.4	no	-
O64816	kinase	domain	active-like	-	7.9	no	-
O64817	kinase	domain	active-like	-	8.0	no	-
O65405	kinase	domain	active-like	-	7.7	no	-
O65440	kinase	domain	active-like	-	7.9	no	-
O65472	kinase	domain	active-like	-	7.9	no	-
O65476	kinase	domain	active-like	-	7.8	no	-
O65479	kinase	domain	active-like	-	7.9	no	-
O65554	kinase	domain	active-like	-	8.4	no	-
O70126	kinase	domain	active-like	-	8.3	yes	-
O75116	kinase	domain	active-like	-	8.6	yes	-
O75460	kinase	domain	active-like	-	8.4	yes	-
O75716	kinase	domain	active-like	-	7.9	yes	-
O75914	kinase	domain	active-like	-	8.1	yes	-
O76324	kinase	domain	active-like	-	8.2	yes	-
O80345	kinase	domain	active-like	-	7.7	no	-
O80396	kinase	domain	active-like	-	7.3	yes	-
O80397	kinase	domain	active-like	-	7.7	yes	-
O80623	kinase	domain	active-like	-	7.6	no	-
O80673	kinase	domain	active-like	-	8.4	yes	-
O80902	kinase	domain	active-like	-	8.1	no	-
O80939	kinase	domain	active-like	-	7.6	no	-
O80963	kinase	domain	active-like	-	22.4	yes	-
O81069	kinase	domain	active-like	-	7.8	no	-
O81291	kinase	domain	active-like	-	7.7	no	-
O81292	kinase	domain	active-like	-	7.7	no	-
O81833	kinase	domain	active-like	-	7.7	no	-
O81905	kinase	domain	active-like	-	7.7	no	-
O88351	kinase	domain	active-like	-	8.2	yes	-
O88445	kinase	domain	active-like	-	8.2	yes	-
O88643	kinase	domain	active-like	-	7.9	yes	-
O88697	kinase	domain	active-like	-	7.9	yes	-
O94804	kinase	domain	active-like	-	8.0	yes	-
O94921	kinase	domain	active-like	-	8.0	yes	-
O95382	kinase	domain	active-like	-	8.4	yes	-
O95747	kinase	domain	active-like	-	7.4	yes	-
O96013	kinase	domain	active-like	-	7.7	yes	-
O96017	kinase	domain	active-like	-	7.8	yes	-
O97143	kinase	domain	active-like	-	8.0	yes	-
P00528	kinase	domain	active-like	-	7.7	yes	-
P00533	kinase	domain	active-like	-	7.7	yes	-
P00546	kinase	domain	active-like	-	7.8	yes	-
P04626	kinase	domain	active-like	-	7.9	yes	-
P04627	kinase	domain	active-like	-	17.9	no	-
P04629	kinase	domain	active-like	-	10.6	yes	-
P05480	kinase	domain	active-like	-	7.7	yes	-
P05532	kinase	domain	active-like	-	7.7	yes	-
P05622	kinase	domain	active-like	-	7.8	yes	-
P06213	kinase	domain	active-like	-	10.3	yes	-
P06239	kinase	domain	active-like	-	7.8	yes	-
P06240	kinase	domain	active-like	-	7.8	yes	-
P06241	kinase	domain	active-like	-	7.7	yes	-
P06242	kinase	domain	active-like	-	7.7	yes	-
P06243	kinase	domain	active-like	-	8.0	yes	-
P06493	kinase	domain	active-like	-	7.9	yes	-
P06782	kinase	domain	active-like	-	8.2	yes	-
P06803	kinase	domain	active-like	-	8.0	yes	-
P07332	kinase	domain	active-like	-	7.7	yes	-
P07333	kinase	domain	active-like	-	16.4	yes	-
P07934	kinase	domain	active-like	-	8.1	yes	-
P07947	kinase	domain	active-like	-	7.8	yes	-
P07948	kinase	domain	active-like	-	7.8	yes	-
P07949	kinase	domain	active-like	-	8.0	yes	-
P08069	kinase	domain	active-like	-	8.3	yes	-
P08103	kinase	domain	active-like	-	7.8	no	-
P08181	kinase	domain	active-like	-	8.0	yes	-
P08414	kinase	domain	active-like	-	7.7	no	-
P08458	kinase	domain	active-like	-	7.8	yes	-
P08581	kinase	domain	active-like	-	10.8	no	-
P08630	kinase	domain	active-like	-	7.8	yes	-
P08631	kinase	domain	active-like	-	7.8	yes	-
P08923	kinase	domain	active-like	-	8.5	no	-
P09581	kinase	domain	active-like	-	17.2	yes	-
P09619	kinase	domain	active-like	-	7.6	yes	-
P09769	kinase	domain	active-like	-	7.8	yes	-
P0C263	kinase	domain	active-like	-	11.4	no	-
P0C264	kinase	domain	active-like	-	8.0	no	-
P0C5E2	kinase	domain	active-like	-	7.9	no	-
P0C5K0	kinase	domain	active-like	-	7.9	no	-
P0C5K1	kinase	domain	active-like	-	11.6	no	-
P10398	kinase	domain	active-like	-	18.0	yes	-
P10721	kinase	domain	active-like	-	7.5	yes	-
P11309	kinase	domain	active-like	-	8.0	yes	-
P11362	kinase	domain	active-like	-	8.5	yes	-
P11440	kinase	domain	active-like	-	8.2	yes	-
P11798	kinase	domain	active-like	-	8.4	yes	-
P11801	kinase	domain	active-like	-	7.9	yes	-
P11802	kinase	domain	active-like	-	7.9	yes	-
P12931	kinase	domain	active-like	-	7.7	yes	-
P14234	kinase	domain	active-like	-	7.8	yes	-
P14616	kinase	domain	active-like	-	8.7	yes	-
P14681	kinase	domain	active-like	-	7.7	yes	-
P15208	kinase	domain	active-like	-	10.5	yes	-
P15209	kinase	domain	active-like	-	10.9	yes	-
P15735	kinase	domain	active-like	-	8.1	yes	-
P15790	kinase	domain	active-like	-	8.0	yes	-
P16056	kinase	domain	active-like	-	10.8	yes	-
P16092	kinase	domain	active-like	-	8.1	yes	-
P16234	kinase	domain	active-like	-	7.8	yes	-
P16277	kinase	domain	active-like	-	7.9	no	-
P16591	kinase	domain	active-like	-	7.8	yes	-
P16879	kinase	domain	active-like	-	7.8	yes	-
P16892	kinase	domain	active-like	-	7.8	yes	-
P17157	kinase	domain	active-like	-	8.2	yes	-
P17948	kinase	domain	active-like	-	7.9	yes	-
P18431	kinase	domain	active-like	-	8.1	yes	-
P18475	kinase	domain	active-like	-	7.9	yes	-
P19454	kinase	domain	active-like	-	7.9	yes	-
P19525	kinase	domain	active-like	-	7.8	yes	-
P19784	kinase	domain	active-like	-	8.0	yes	-
P21709	kinase	domain	active-like	-	7.9	yes	-
P21802	kinase	domain	active-like	-	8.3	yes	-
P21803	kinase	domain	active-like	-	8.2	no	-
P21965	kinase	domain	active-like	-	8.2	yes	-
P22204	kinase	domain	active-like	-	8.8	yes	-
P22209	kinase	domain	active-like	-	7.6	yes	-
P22216	kinase	domain	active-like	-	7.9	yes	-
P22455	kinase	domain	active-like	-	7.9	yes	-
P22517	kinase	domain	active-like	-	7.9	yes	-
P22607	kinase	domain	active-like	-	8.0	yes	-
P22612	kinase	domain	active-like	-	7.9	no	-
P23572	kinase	domain	active-like	-	8.1	yes	-
P23573	kinase	domain	active-like	-	8.1	no	-
P24100	kinase	domain	active-like	-	7.7	yes	-
P24604	kinase	domain	active-like	-	7.9	no	-
P24719	kinase	domain	active-like	-	7.4	yes	-
P24941	kinase	domain	active-like	-	7.9	yes	-
P25390	kinase	domain	active-like	-	21.6	yes	-
P25859	kinase	domain	active-like	-	8.3	yes	-
P25911	kinase	domain	active-like	-	7.8	yes	-
P26618	kinase	domain	active-like	-	7.7	yes	-
P27037	kinase	domain	active-like	-	8.0	yes	-
P27038	kinase	domain	active-like	-	8.0	yes	-
P27040	kinase	domain	active-like	-	8.0	yes	-
P27361	kinase	domain	active-like	-	8.0	yes	-
P27466	kinase	domain	active-like	-	8.0	yes	-
P27636	kinase	domain	active-like	-	7.9	yes	-
P28482	kinase	domain	active-like	-	7.8	yes	-
P28652	kinase	domain	active-like	-	8.3	yes	-
P28708	kinase	domain	active-like	-	7.8	yes	-
P29295	kinase	domain	active-like	-	8.1	yes	-
P29317	kinase	domain	active-like	-	8.1	yes	-
P29319	kinase	domain	active-like	-	8.1	yes	-
P29320	kinase	domain	active-like	-	8.0	yes	-
P29323	kinase	domain	active-like	-	8.2	no	-
P29376	kinase	domain	active-like	-	8.5	yes	-
P30285	kinase	domain	active-like	-	7.8	yes	-
P30530	kinase	domain	active-like	-	10.7	yes	-
P31938	kinase	domain	active-like	-	7.4	yes	-
P32328	kinase	domain	active-like	-	9.5	yes	-
P32361	kinase	domain	active-like	-	8.2	yes	-
P32485	kinase	domain	active-like	-	7.9	yes	-
P32562	kinase	domain	active-like	-	8.1	yes	-
P34152	kinase	domain	active-like	-	8.5	yes	-
P35546	kinase	domain	active-like	-	7.9	yes	-
P35590	kinase	domain	active-like	-	11.2	no	-
P35916	kinase	domain	active-like	-	8.1	yes	-
P35917	kinase	domain	active-like	-	8.0	yes	-
P35918	kinase	domain	active-like	-	8.2	yes	-
P35968	kinase	domain	active-like	-	8.0	yes	-
P35969	kinase	domain	active-like	-	7.9	yes	-
P35991	kinase	domain	active-like	-	8.1	yes	-
P36507	kinase	domain	active-like	-	7.3	yes	-
P36888	kinase	domain	active-like	-	7.8	no	-
P36894	kinase	domain	active-like	-	8.0	yes	-
P36895	kinase	domain	active-like	-	8.0	yes	-
P36896	kinase	domain	active-like	-	8.0	yes	-
P36897	kinase	domain	active-like	-	8.0	yes	-
P36898	kinase	domain	active-like	-	8.0	yes	-
P37023	kinase	domain	active-like	-	8.1	yes	-
P37172	kinase	domain	active-like	-	8.0	yes	-
P37173	kinase	domain	active-like	-	8.1	yes	-
P38147	kinase	domain	active-like	-	7.8	yes	-
P38615	kinase	domain	active-like	-	8.1	yes	-
P38991	kinase	domain	active-like	-	8.2	yes	-
P39009	kinase	domain	active-like	-	7.7	yes	-
P39073	kinase	domain	active-like	-	8.3	yes	-
P39688	kinase	domain	active-like	-	7.8	yes	-
P40417	kinase	domain	active-like	-	7.9	yes	-
P41240	kinase	domain	active-like	-	7.9	yes	-
P41241	kinase	domain	active-like	-	8.0	no	-
P41242	kinase	domain	active-like	-	8.0	no	-
P41808	kinase	domain	active-like	-	7.7	yes	-
P42158	kinase	domain	active-like	-	8.3	no	-
P42679	kinase	domain	active-like	-	7.9	no	-
P42680	kinase	domain	active-like	-	7.9	yes	-
P42681	kinase	domain	active-like	-	8.0	yes	-
P42682	kinase	domain	active-like	-	7.9	no	-
P42685	kinase	domain	active-like	-	7.8	yes	-
P42818	kinase	domain	active-like	-	8.3	yes	-
P43288	kinase	domain	active-like	-	8.1	yes	-
P43289	kinase	domain	active-like	-	8.0	yes	-
P43291	kinase	domain	active-like	-	8.1	yes	-
P43292	kinase	domain	active-like	-	7.9	no	-
P43298	kinase	domain	active-like	-	8.1	yes	-
P43403	kinase	domain	active-like	-	7.6	yes	-
P43404	kinase	domain	active-like	-	7.4	yes	-
P43405	kinase	domain	active-like	-	7.4	yes	-
P43568	kinase	domain	active-like	-	7.8	yes	-
P45983	kinase	domain	active-like	-	8.6	yes	-
P45984	kinase	domain	active-like	-	8.1	yes	-
P45985	kinase	domain	active-like	-	7.7	no	-
P46734	kinase	domain	active-like	-	8.1	yes	-
P47735	kinase	domain	active-like	-	20.6	yes	-
P47809	kinase	domain	active-like	-	7.7	yes	-
P47811	kinase	domain	active-like	-	8.2	yes	-
P48025	kinase	domain	active-like	-	7.4	yes	-
P48609	kinase	domain	active-like	-	7.8	yes	-
P48729	kinase	domain	active-like	-	8.3	yes	-
P48730	kinase	domain	active-like	-	8.3	yes	-
P49071	kinase	domain	active-like	-	7.7	yes	-
P49137	kinase	domain	active-like	-	7.8	yes	-
P49138	kinase	domain	active-like	-	7.8	yes	-
P49615	kinase	domain	active-like	-	7.9	yes	-
P49674	kinase	domain	active-like	-	8.2	yes	-
P49840	kinase	domain	active-like	-	8.1	yes	-
P49841	kinase	domain	active-like	-	8.1	yes	-
P50613	kinase	domain	active-like	-	7.4	yes	-
P50750	kinase	domain	active-like	-	7.6	yes	-
P50873	kinase	domain	active-like	-	8.1	no	-
P51451	kinase	domain	active-like	-	7.9	yes	-
P51813	kinase	domain	active-like	-	8.0	yes	-
P51955	kinase	domain	active-like	-	7.8	yes	-
P52304	kinase	domain	active-like	-	8.1	yes	-
P52564	kinase	domain	active-like	-	8.0	yes	-
P53233	kinase	domain	active-like	-	8.2	yes	-
P53323	kinase	domain	active-like	-	7.9	yes	-
P53350	kinase	domain	active-like	-	8.1	yes	-
P53351	kinase	domain	active-like	-	8.1	yes	-
P53667	kinase	domain	active-like	-	7.9	yes	-
P53668	kinase	domain	active-like	-	7.9	no	-
P53671	kinase	domain	active-like	-	7.8	yes	-
P53778	kinase	domain	active-like	-	8.2	yes	-
P53779	kinase	domain	active-like	-	8.1	no	-
P54265	kinase	domain	active-like	-	8.1	yes	-
P54367	kinase	domain	active-like	-	8.1	yes	-
P54646	kinase	domain	active-like	-	8.6	yes	-
P54753	kinase	domain	active-like	-	8.2	yes	-
P54754	kinase	domain	active-like	-	8.2	no	-
P54756	kinase	domain	active-like	-	8.2	yes	-
P54760	kinase	domain	active-like	-	8.2	yes	-
P54761	kinase	domain	active-like	-	8.1	no	-
P54762	kinase	domain	active-like	-	8.1	yes	-
P54763	kinase	domain	active-like	-	8.0	yes	-
P54764	kinase	domain	active-like	-	8.0	yes	-
P55144	kinase	domain	active-like	-	10.7	no	-
P58750	kinase	domain	active-like	-	8.2	no	-
P58801	kinase	domain	active-like	-	26.1	yes	-
P63085	kinase	domain	active-like	-	8.0	yes	-
P68400	kinase	domain	active-like	-	8.0	yes	-
P70218	kinase	domain	active-like	-	7.8	yes	-
P70236	kinase	domain	active-like	-	8.1	yes	-
P70335	kinase	domain	active-like	-	8.7	no	-
P70336	kinase	domain	active-like	-	8.6	yes	-
P70424	kinase	domain	active-like	-	7.8	yes	-
P70451	kinase	domain	active-like	-	7.7	yes	-
P83100	kinase	domain	active-like	-	7.9	yes	-
P83101	kinase	domain	active-like	-	8.3	no	-
P92208	kinase	domain	active-like	-	8.1	yes	-
P92937	kinase	domain	active-like	-	8.1	no	-
P92958	kinase	domain	active-like	-	8.1	yes	-
P93050	kinase	domain	active-like	-	7.7	no	-
P93759	kinase	domain	active-like	-	8.2	no	-
P97343	kinase	domain	active-like	-	7.6	no	-
P97377	kinase	domain	active-like	-	8.2	yes	-
P97477	kinase	domain	active-like	-	8.1	yes	-
P97504	kinase	domain	active-like	-	7.9	no	-
Q00168	kinase	domain	active-like	-	8.2	yes	-
Q00342	kinase	domain	active-like	-	7.9	yes	-
Q00526	kinase	domain	active-like	-	7.9	no	-
Q00532	kinase	domain	active-like	-	7.7	no	-
Q00534	kinase	domain	active-like	-	7.7	yes	-
Q00535	kinase	domain	active-like	-	7.9	yes	-
Q00536	kinase	domain	active-like	-	7.9	yes	-
Q00772	kinase	domain	active-like	-	7.9	yes	-
Q00993	kinase	domain	active-like	-	10.7	no	-
Q01279	kinase	domain	active-like	-	7.6	yes	-
Q02750	kinase	domain	active-like	-	7.4	yes	-
Q02763	kinase	domain	active-like	-	10.5	yes	-
Q02858	kinase	domain	active-like	-	10.4	yes	-
Q03137	kinase	domain	active-like	-	8.2	yes	-
Q03142	kinase	domain	active-like	-	8.0	no	-
Q03145	kinase	domain	active-like	-	8.2	yes	-
Q03146	kinase	domain	active-like	-	8.1	no	-
Q03147	kinase	domain	active-like	-	7.4	yes	-
Q03526	kinase	domain	active-like	-	7.9	no	-
Q03957	kinase	domain	active-like	-	7.7	yes	-
Q03963	kinase	domain	active-like	-	7.9	yes	-
Q04735	kinase	domain	active-like	-	7.9	yes	-
Q04736	kinase	domain	active-like	-	7.7	yes	-
Q04771	kinase	domain	active-like	-	8.1	yes	-
Q04899	kinase	domain	active-like	-	8.1	no	-
Q04912	kinase	domain	active-like	-	10.6	no	-
Q05397	kinase	domain	active-like	-	8.5	yes	-
Q05652	kinase	domain	active-like	-	8.0	yes	-
Q06187	kinase	domain	active-like	-	8.0	yes	-
Q06418	kinase	domain	active-like	-	10.6	yes	-
Q06806	kinase	domain	active-like	-	10.4	no	-
Q06850	kinase	domain	active-like	-	8.6	yes	-
Q07002	kinase	domain	active-like	-	8.0	no	-
Q07407	kinase	domain	active-like	-	8.0	yes	-
Q07832	kinase	domain	active-like	-	8.1	yes	-
Q08345	kinase	domain	active-like	-	8.2	yes	-
Q08466	kinase	domain	active-like	-	8.0	no	-
Q08467	kinase	domain	active-like	-	8.0	yes	-
Q08881	kinase	domain	active-like	-	7.9	yes	-
Q09013	kinase	domain	active-like	-	8.0	yes	-
Q09147	kinase	domain	active-like	-	7.9	yes	-
Q0KHQ5	kinase	domain	active-like	-	8.1	yes	-
Q0PW40	kinase	domain	active-like	-	7.8	no	-
Q0WVM4	kinase	domain	active-like	-	7.9	yes	-
Q12003	kinase	domain	active-like	-	8.3	no	-
Q12222	kinase	domain	active-like	-	8.0	yes	-
Q12469	kinase	domain	active-like	-	8.0	yes	-
Q12851	kinase	domain	active-like	-	8.3	yes	-
Q12866	kinase	domain	active-like	-	7.9	no	-
Q13043	kinase	domain	active-like	-	7.6	yes	-
Q13131	kinase	domain	active-like	-	8.0	yes	-
Q13153	kinase	domain	active-like	-	8.0	yes	-
Q13163	kinase	domain	active-like	-	7.2	no	-
Q13177	kinase	domain	active-like	-	8.0	yes	-
Q13188	kinase	domain	active-like	-	7.5	yes	-
Q13464	kinase	domain	active-like	-	8.7	yes	-
Q13470	kinase	domain	active-like	-	8.1	yes	-
Q13554	kinase	domain	active-like	-	8.4	yes	-
Q13555	kinase	domain	active-like	-	8.4	no	-
Q13557	kinase	domain	active-like	-	8.5	yes	-
Q13705	kinase	domain	active-like	-	7.9	yes	-
Q13882	kinase	domain	active-like	-	7.8	yes	-
Q14012	kinase	domain	active-like	-	8.2	yes	-
Q14164	kinase	domain	active-like	-	8.0	yes	-
Q14289	kinase	domain	active-like	-	8.1	yes	-
Q15131	kinase	domain	active-like	-	7.7	yes	-
Q15208	kinase	domain	active-like	-	8.2	yes	-
Q15303	kinase	domain	active-like	-	8.0	yes	-
Q15375	kinase	domain	active-like	-	8.2	no	-
Q15759	kinase	domain	active-like	-	8.0	yes	-
Q16288	kinase	domain	active-like	-	10.8	no	-
Q16539	kinase	domain	active-like	-	8.3	yes	-
Q16566	kinase	domain	active-like	-	7.8	yes	-
Q16620	kinase	domain	active-like	-	10.9	yes	-
Q16644	kinase	domain	active-like	-	7.8	yes	-
Q16671	kinase	domain	active-like	-	8.1	yes	-
Q16816	kinase	domain	active-like	-	8.1	yes	-
Q16832	kinase	domain	active-like	-	8.4	yes	-
Q1EG27	kinase	domain	active-like	-	8.0	yes	-
Q1PE17	kinase	domain	active-like	-	8.2	no	-
Q1PFH8	kinase	domain	active-like	-	8.5	no	-
Q24145	kinase	domain	active-like	-	8.1	no	-
Q24216	kinase	domain	active-like	-	8.0	yes	-
Q24324	kinase	domain	active-like	-	7.3	yes	-
Q24468	kinase	domain	active-like	-	8.2	yes	-
Q24488	kinase	domain	active-like	-	8.2	no	-
Q2MHE4	kinase	domain	active-like	-	7.9	yes	-
Q2NL51	kinase	domain	active-like	-	8.1	yes	-
Q2QAV0	kinase	domain	active-like	-	8.0	no	-
Q2V338	kinase	domain	active-like	-	8.1	no	-
Q2V419	kinase	domain	active-like	-	8.3	no	-
Q2V452	kinase	domain	active-like	-	8.4	no	-
Q38868	kinase	domain	active-like	-	8.4	no	-
Q38869	kinase	domain	active-like	-	8.4	yes	-
Q38871	kinase	domain	active-like	-	8.4	no	-
Q38872	kinase	domain	active-like	-	8.2	yes	-
Q38873	kinase	domain	active-like	-	8.2	no	-
Q38997	kinase	domain	active-like	-	8.1	yes	-
Q39010	kinase	domain	active-like	-	8.1	no	-
Q39011	kinase	domain	active-like	-	8.1	yes	-
Q39012	kinase	domain	active-like	-	8.1	yes	-
Q39016	kinase	domain	active-like	-	8.5	yes	-
Q39021	kinase	domain	active-like	-	7.9	yes	-
Q39022	kinase	domain	active-like	-	7.8	yes	-
Q39023	kinase	domain	active-like	-	7.8	yes	-
Q39024	kinase	domain	active-like	-	7.8	yes	-
Q39026	kinase	domain	active-like	-	7.9	yes	-
Q39027	kinase	domain	active-like	-	7.9	no	-
Q39030	kinase	domain	active-like	-	8.3	no	-
Q39050	kinase	domain	active-like	-	8.3	yes	-
Q39086	kinase	domain	active-like	-	7.7	yes	-
Q39191	kinase	domain	active-like	-	7.7	no	-
Q39192	kinase	domain	active-like	-	7.5	yes	-
Q39193	kinase	domain	active-like	-	7.4	yes	-
Q3E8W4	kinase	domain	active-like	-	7.8	no	-
Q3E9C0	kinase	domain	active-like	-	8.5	yes	-
Q3E9X6	kinase	domain	active-like	-	7.8	no	-
Q3EDL4	kinase	domain	active-like	-	23.7	yes	-
Q3TZA2	kinase	domain	active-like	-	7.6	no	-
Q3UFB7	kinase	domain	active-like	-	10.7	no	-
Q3UMM4	kinase	domain	active-like	-	7.6	yes	-
Q3UMW7	kinase	domain	active-like	-	7.7	no	-
Q3V3A1	kinase	domain	active-like	-	8.1	no	-
Q42371	kinase	domain	active-like	-	7.6	yes	-
Q42396	kinase	domain	active-like	-	8.2	no	-
Q42438	kinase	domain	active-like	-	8.2	no	-
Q42479	kinase	domain	active-like	-	8.2	yes	-
Q4FZD7	kinase	domain	active-like	-	8.3	no	-
Q4V3C8	kinase	domain	active-like	-	7.8	no	-
Q59H18	kinase	domain	active-like	-	8.1	yes	TNNI3K
Q5EG47	kinase	domain	active-like	-	8.1	yes	-
Q5F2E8	kinase	domain	active-like	-	8.0	no	-
Q5GIG6	kinase	domain	active-like	-	7.9	no	-
Q5MAI5	kinase	domain	active-like	-	7.6	no	-
Q5SYL1	kinase	domain	active-like	-	7.9	no	-
Q5XF24	kinase	domain	active-like	-	8.3	no	-
Q60629	kinase	domain	active-like	-	8.1	yes	-
Q60680	kinase	domain	active-like	-	8.2	yes	-
Q60737	kinase	domain	active-like	-	8.0	no	-
Q60750	kinase	domain	active-like	-	7.9	yes	-
Q60751	kinase	domain	active-like	-	8.5	yes	-
Q60805	kinase	domain	active-like	-	8.1	no	-
Q60806	kinase	domain	active-like	-	14.2	yes	-
Q61006	kinase	domain	active-like	-	8.3	yes	-
Q61036	kinase	domain	active-like	-	8.0	yes	-
Q61161	kinase	domain	active-like	-	8.3	yes	-
Q61241	kinase	domain	active-like	-	8.2	yes	-
Q61271	kinase	domain	active-like	-	8.0	yes	-
Q61288	kinase	domain	active-like	-	8.0	no	-
Q61526	kinase	domain	active-like	-	7.5	no	-
Q61527	kinase	domain	active-like	-	7.8	yes	-
Q61772	kinase	domain	active-like	-	8.3	yes	-
Q61831	kinase	domain	active-like	-	8.4	yes	-
Q61846	kinase	domain	active-like	-	8.0	yes	-
Q61851	kinase	domain	active-like	-	8.0	yes	-
Q62070	kinase	domain	active-like	-	8.0	yes	-
Q62073	kinase	domain	active-like	-	8.1	yes	-
Q62190	kinase	domain	active-like	-	10.7	no	-
Q62312	kinase	domain	active-like	-	8.0	yes	-
Q62371	kinase	domain	active-like	-	7.6	yes	-
Q63844	kinase	domain	active-like	-	7.9	yes	-
Q63932	kinase	domain	active-like	-	7.3	yes	-
Q64261	kinase	domain	active-like	-	7.9	no	-
Q64434	kinase	domain	active-like	-	7.8	no	-
Q64729	kinase	domain	active-like	-	8.0	yes	-
Q66GN2	kinase	domain	active-like	-	7.7	no	-
Q683C9	kinase	domain	active-like	-	8.3	yes	-
Q69ZM6	kinase	domain	active-like	-	8.1	yes	-
Q6A1A2	kinase	domain	active-like	-	7.8	no	-
Q6NLQ6	kinase	domain	active-like	-	8.3	yes	-
Q6P9R2	kinase	domain	active-like	-	7.6	yes	-
Q6PHZ2	kinase	domain	active-like	-	8.4	yes	-
Q6SA08	kinase	domain	active-like	-	8.1	yes	-
Q6VNS1	kinase	domain	active-like	-	9.9	no	-
Q6XAT2	kinase	domain	active-like	-	7.7	no	-
Q6XUX1	kinase	domain	active-like	-	11.7	no	-
Q6XUX3	kinase	domain	active-like	-	11.7	no	-
Q6ZN16	kinase	domain	active-like	-	8.5	yes	-
Q76MJ5	kinase	domain	active-like	-	7.8	yes	-
Q7FK55	kinase	domain	active-like	-	7.7	no	-
Q7KT06	kinase	domain	active-like	-	8.3	no	-
Q7L7X3	kinase	domain	active-like	-	7.8	no	-
Q7TSE6	kinase	domain	active-like	-	8.1	no	-
Q7X8C5	kinase	domain	active-like	-	7.8	yes	-
Q7XJR9	kinase	domain	active-like	-	8.6	yes	-
Q80X41	kinase	domain	active-like	-	8.3	yes	-
Q84M93	kinase	domain	active-like	-	7.9	yes	-
Q84M95	kinase	domain	active-like	-	7.7	no	-
Q84TI6	kinase	domain	active-like	-	25.8	yes	-
Q84VQ3	kinase	domain	active-like	-	8.6	no	-
Q86SG6	kinase	domain	active-like	-	7.1	no	-
Q86V86	kinase	domain	active-like	-	8.1	yes	-
Q86Y07	kinase	domain	active-like	-	8.2	yes	-
Q8BHI9	kinase	domain	active-like	-	8.2	no	-
Q8BK63	kinase	domain	active-like	-	8.3	yes	-
Q8BN21	kinase	domain	active-like	-	8.3	yes	-
Q8BRK8	kinase	domain	active-like	-	8.2	yes	-
Q8BTW9	kinase	domain	active-like	-	7.7	yes	-
Q8BW96	kinase	domain	active-like	-	8.3	no	-
Q8BYC6	kinase	domain	active-like	-	7.7	no	-
Q8BZ03	kinase	domain	active-like	-	12.0	yes	-
Q8CBF3	kinase	domain	active-like	-	8.1	no	-
Q8CDB0	kinase	domain	active-like	-	5.7	yes	-
Q8CIN4	kinase	domain	active-like	-	7.9	yes	-
Q8GUH1	kinase	domain	active-like	-	8.0	no	-
Q8GWJ7	kinase	domain	active-like	-	7.9	no	-
Q8GXQ3	kinase	domain	active-like	-	7.9	no	-
Q8GYA4	kinase	domain	active-like	-	7.8	no	-
Q8GYF5	kinase	domain	active-like	-	7.7	no	-
Q8GYQ5	kinase	domain	active-like	-	7.9	yes	-
Q8GZ99	kinase	domain	active-like	-	8.1	yes	-
Q8H199	kinase	domain	active-like	-	7.8	no	-
Q8H1D6	kinase	domain	active-like	-	8.0	no	-
Q8IU85	kinase	domain	active-like	-	8.0	yes	-
Q8IVH8	kinase	domain	active-like	-	8.4	yes	-
Q8IW41	kinase	domain	active-like	-	7.9	yes	-
Q8IY84	kinase	domain	active-like	-	8.2	yes	-
Q8IZL9	kinase	domain	active-like	-	7.8	no	-
Q8K0D0	kinase	domain	active-like	-	8.1	no	-
Q8K1R7	kinase	domain	active-like	-	7.5	no	-
Q8K1Y2	kinase	domain	active-like	-	12.1	no	-
Q8K348	kinase	domain	active-like	-	8.1	no	-
Q8K592	kinase	domain	active-like	-	8.0	no	-
Q8L710	kinase	domain	active-like	-	7.7	yes	-
Q8L7G3	kinase	domain	active-like	-	7.7	yes	-
Q8LF80	kinase	domain	active-like	-	8.1	yes	-
Q8LG64	kinase	domain	active-like	-	8.1	yes	-
Q8LPI7	kinase	domain	active-like	-	8.3	yes	-
Q8LPJ1	kinase	domain	active-like	-	8.5	yes	-
Q8LST2	kinase	domain	active-like	-	8.0	no	-
Q8N165	kinase	domain	active-like	-	8.1	no	-
Q8N5S9	kinase	domain	active-like	-	8.0	no	-
Q8NER5	kinase	domain	active-like	-	8.1	yes	-
Q8NEV1	kinase	domain	active-like	-	7.6	yes	-
Q8QZR7	kinase	domain	active-like	-	8.0	no	-
Q8R4K2	kinase	domain	active-like	-	7.9	no	-
Q8RWC9	kinase	domain	active-like	-	8.0	no	-
Q8RWG1	kinase	domain	active-like	-	7.8	yes	-
Q8RWL2	kinase	domain	active-like	-	8.4	no	-
Q8RWL6	kinase	domain	active-like	-	7.9	yes	-
Q8RX80	kinase	domain	active-like	-	7.8	no	-
Q8RXC8	kinase	domain	active-like	-	7.8	no	-
Q8RXG3	kinase	domain	active-like	-	7.7	yes	-
Q8RY17	kinase	domain	active-like	-	7.9	no	-
Q8RY65	kinase	domain	active-like	-	7.9	yes	-
Q8RY67	kinase	domain	active-like	-	19.5	no	-
Q8S9L6	kinase	domain	active-like	-	7.9	no	-
Q8TAS1	kinase	domain	active-like	-	7.6	yes	-
Q8TD19	kinase	domain	active-like	-	7.5	yes	-
Q8TDX7	kinase	domain	active-like	-	7.3	yes	-
Q8VYA3	kinase	domain	active-like	-	7.9	no	-
Q8VYG0	kinase	domain	active-like	-	7.7	yes	-
Q8VYK9	kinase	domain	active-like	-	8.2	no	-
Q8VYT3	kinase	domain	active-like	-	7.8	yes	-
Q8VYY5	kinase	domain	active-like	-	8.1	no	-
Q8VZD5	kinase	domain	active-like	-	8.0	yes	-
Q8VZG8	kinase	domain	active-like	-	7.8	no	-
Q8VZJ9	kinase	domain	active-like	-	7.7	no	-
Q8W1D5	kinase	domain	active-like	-	8.3	no	-
Q8W490	kinase	domain	active-like	-	8.1	no	-
Q8W4G6	kinase	domain	active-like	-	7.8	no	-
Q8W4I7	kinase	domain	active-like	-	8.1	yes	-
Q8W4P1	kinase	domain	active-like	-	8.0	no	-
Q8W4S5	kinase	domain	active-like	-	7.6	no	-
Q8WXR4	kinase	domain	active-like	-	8.1	no	-
Q91VJ4	kinase	domain	active-like	-	8.1	no	-
Q91Y86	kinase	domain	active-like	-	8.3	yes	-
Q91YA2	kinase	domain	active-like	-	8.0	yes	-
Q91YS8	kinase	domain	active-like	-	8.1	no	-
Q91ZR4	kinase	domain	active-like	-	7.4	no	-
Q923T9	kinase	domain	active-like	-	8.5	yes	-
Q925K9	kinase	domain	active-like	-	8.1	yes	-
Q92772	kinase	domain	active-like	-	7.6	no	-
Q93VD3	kinase	domain	active-like	-	8.2	yes	-
Q93VK0	kinase	domain	active-like	-	7.9	yes	-
Q93YN1	kinase	domain	active-like	-	7.9	yes	-
Q93Z18	kinase	domain	active-like	-	8.3	yes	-
Q93Z30	kinase	domain	active-like	-	7.9	yes	-
Q93ZS4	kinase	domain	active-like	-	7.7	yes	-
Q940A2	kinase	domain	active-like	-	8.3	no	-
Q940H6	kinase	domain	active-like	-	7.3	yes	-
Q944Q0	kinase	domain	active-like	-	8.1	yes	-
Q94A06	kinase	domain	active-like	-	7.6	yes	-
Q94AG2	kinase	domain	active-like	-	7.8	yes	-
Q94BU1	kinase	domain	active-like	-	7.8	no	-
Q94C95	kinase	domain	active-like	-	8.2	no	-
Q94CG0	kinase	domain	active-like	-	8.3	no	-
Q94F62	kinase	domain	active-like	-	7.8	yes	-
Q96285	kinase	domain	active-like	-	7.7	yes	-
Q96287	kinase	domain	active-like	-	8.1	yes	-
Q96GD4	kinase	domain	active-like	-	8.4	yes	-
Q96LW2	kinase	domain	active-like	-	8.1	no	-
Q96PF2	kinase	domain	active-like	-	8.2	yes	-
Q96PN8	kinase	domain	active-like	-	8.0	yes	-
Q96Q40	kinase	domain	active-like	-	8.0	yes	-
Q96S44	kinase	domain	active-like	-	7.8	yes	-
Q99683	kinase	domain	active-like	-	8.7	yes	-
Q99986	kinase	domain	active-like	-	8.4	yes	-
Q99J95	kinase	domain	active-like	-	7.6	yes	-
Q99JP0	kinase	domain	active-like	-	8.0	no	-
Q99ML2	kinase	domain	active-like	-	8.1	yes	-
Q99MQ3	kinase	domain	active-like	-	7.9	yes	-
Q99PW4	kinase	domain	active-like	-	7.8	no	-
Q9ASQ5	kinase	domain	active-like	-	7.9	no	-
Q9ASQ6	kinase	domain	active-like	-	7.8	no	-
Q9BXA6	kinase	domain	active-like	-	8.0	yes	-
Q9BXM7	kinase	domain	active-like	-	8.0	yes	-
Q9C562	kinase	domain	active-like	-	8.4	no	-
Q9C5S8	kinase	domain	active-like	-	7.8	no	-
Q9C5S9	kinase	domain	active-like	-	7.8	yes	-
Q9C6K9	kinase	domain	active-like	-	7.6	no	-
Q9C6P3	kinase	domain	active-like	-	8.6	no	-
Q9C7S5	kinase	domain	active-like	-	7.9	yes	-
Q9C7T7	kinase	domain	active-like	-	8.0	no	-
Q9C8I6	kinase	domain	active-like	-	7.7	no	-
Q9C958	kinase	domain	active-like	-	8.2	yes	-
Q9C9L5	kinase	domain	active-like	-	7.8	no	-
Q9C9M7	kinase	domain	active-like	-	7.4	yes	-
Q9C9U2	kinase	domain	active-like	-	7.6	no	-
Q9CAI5	kinase	domain	active-like	-	8.3	no	-
Q9CAL2	kinase	domain	active-like	-	7.6	no	-
Q9CAL3	kinase	domain	active-like	-	7.8	yes	-
Q9D2E1	kinase	domain	active-like	-	8.0	yes	-
Q9D411	kinase	domain	active-like	-	7.9	yes	-
Q9DB30	kinase	domain	active-like	-	7.9	yes	-
Q9DC28	kinase	domain	active-like	-	8.3	yes	-
Q9EQY0	kinase	domain	active-like	-	8.3	yes	-
Q9ES70	kinase	domain	active-like	-	7.5	yes	-
Q9ES74	kinase	domain	active-like	-	7.3	no	-
Q9FFH8	kinase	domain	active-like	-	8.4	no	-
Q9FFP9	kinase	domain	active-like	-	8.0	no	-
Q9FG33	kinase	domain	active-like	-	7.6	no	-
Q9FGB1	kinase	domain	active-like	-	8.0	yes	-
Q9FGL5	kinase	domain	active-like	-	7.8	no	-
Q9FHG4	kinase	domain	active-like	-	7.7	no	-
Q9FHX3	kinase	domain	active-like	-	7.8	no	-
Q9FID8	kinase	domain	active-like	-	7.8	no	-
Q9FID9	kinase	domain	active-like	-	7.9	no	-
Q9FIH3	kinase	domain	active-like	-	7.9	no	-
Q9FII5	kinase	domain	active-like	-	7.6	no	-
Q9FIJ6	kinase	domain	active-like	-	7.7	yes	-
Q9FIL7	kinase	domain	active-like	-	20.9	yes	-
Q9FIM9	kinase	domain	active-like	-	8.3	yes	-
Q9FIU5	kinase	domain	active-like	-	7.8	yes	-
Q9FIZ3	kinase	domain	active-like	-	7.7	no	-
Q9FJ54	kinase	domain	active-like	-	8.2	no	-
Q9FJ55	kinase	domain	active-like	-	8.2	no	-
Q9FJI4	kinase	domain	active-like	-	7.7	no	-
Q9FJV0	kinase	domain	active-like	-	7.8	yes	-
Q9FK52	kinase	domain	active-like	-	8.0	yes	-
Q9FKG5	kinase	domain	active-like	-	19.5	no	-
Q9FKW4	kinase	domain	active-like	-	8.5	yes	-
Q9FLJ8	kinase	domain	active-like	-	7.9	yes	-
Q9FLW0	kinase	domain	active-like	-	7.9	no	-
Q9FMP5	kinase	domain	active-like	-	8.2	yes	-
Q9FN37	kinase	domain	active-like	-	7.7	no	-
Q9FN92	kinase	domain	active-like	-	7.8	no	-
Q9FN93	kinase	domain	active-like	-	7.7	no	-
Q9FN94	kinase	domain	active-like	-	7.7	no	-
Q9FRS6	kinase	domain	active-like	-	8.1	no	-
Q9FVS6	kinase	domain	active-like	-	8.1	no	-
Q9FX43	kinase	domain	active-like	-	8.0	yes	-
Q9FX86	kinase	domain	active-like	-	8.3	no	-
Q9FXF2	kinase	domain	active-like	-	7.9	yes	-
Q9FYK0	kinase	domain	active-like	-	8.3	no	-
Q9FZ59	kinase	domain	active-like	-	7.8	no	-
Q9FZB1	kinase	domain	active-like	-	7.7	no	-
Q9H2K8	kinase	domain	active-like	-	7.8	yes	-
Q9H3Y6	kinase	domain	active-like	-	7.8	yes	-
Q9H4B4	kinase	domain	active-like	-	14.3	yes	-
Q9HBH9	kinase	domain	active-like	-	5.4	yes	-
Q9HC98	kinase	domain	active-like	-	7.5	yes	-
Q9JHU3	kinase	domain	active-like	-	7.9	no	-
Q9JI10	kinase	domain	active-like	-	7.6	no	-
Q9JI11	kinase	domain	active-like	-	7.6	no	-
Q9JLM8	kinase	domain	active-like	-	7.9	yes	-
Q9JMK2	kinase	domain	active-like	-	8.3	yes	-
Q9LDI3	kinase	domain	active-like	-	8.5	yes	-
Q9LDT0	kinase	domain	active-like	-	7.8	no	-
Q9LEA3	kinase	domain	active-like	-	7.8	no	-
Q9LEU7	kinase	domain	active-like	-	8.3	no	-
Q9LFG1	kinase	domain	active-like	-	7.7	no	-
Q9LFH9	kinase	domain	active-like	-	7.8	no	-
Q9LFS4	kinase	domain	active-like	-	7.8	yes	-
Q9LFT8	kinase	domain	active-like	-	7.8	no	-
Q9LFV3	kinase	domain	active-like	-	7.8	no	-
Q9LHP4	kinase	domain	active-like	-	7.9	no	-
Q9LID3	kinase	domain	active-like	-	8.3	yes	-
Q9LIG2	kinase	domain	active-like	-	7.7	no	-
Q9LJF3	kinase	domain	active-like	-	7.8	no	-
Q9LJL9	kinase	domain	active-like	-	8.2	yes	-
Q9LJM4	kinase	domain	active-like	-	7.8	no	-
Q9LK35	kinase	domain	active-like	-	7.9	yes	-
Q9LK43	kinase	domain	active-like	-	8.1	yes	-
Q9LMM5	kinase	domain	active-like	-	7.9	no	-
Q9LMN6	kinase	domain	active-like	-	7.7	no	-
Q9LMN7	kinase	domain	active-like	-	7.7	no	-
Q9LMN8	kinase	domain	active-like	-	7.7	no	-
Q9LMP1	kinase	domain	active-like	-	7.7	no	-
Q9LMT0	kinase	domain	active-like	-	7.3	no	-
Q9LMT9	kinase	domain	active-like	-	8.0	no	-
Q9LN59	kinase	domain	active-like	-	7.7	no	-
Q9LPQ3	kinase	domain	active-like	-	8.0	no	-
Q9LPZ3	kinase	domain	active-like	-	7.7	no	-
Q9LPZ9	kinase	domain	active-like	-	19.3	yes	-
Q9LQM8	kinase	domain	active-like	-	8.1	no	-
Q9LQQ9	kinase	domain	active-like	-	8.0	no	-
Q9LRN0	kinase	domain	active-like	-	7.8	yes	-
Q9LRP3	kinase	domain	active-like	-	20.4	no	-
Q9LSC2	kinase	domain	active-like	-	7.4	no	-
Q9LSL5	kinase	domain	active-like	-	7.6	yes	-
Q9LSR8	kinase	domain	active-like	-	7.8	yes	-
Q9LSR9	kinase	domain	active-like	-	7.7	no	-
Q9LSS0	kinase	domain	active-like	-	7.8	no	-
Q9LSV3	kinase	domain	active-like	-	7.8	no	-
Q9LSX4	kinase	domain	active-like	-	8.4	no	-
Q9LT35	kinase	domain	active-like	-	7.9	no	-
Q9LT56	kinase	domain	active-like	-	8.6	no	-
Q9LT87	kinase	domain	active-like	-	7.8	no	-
Q9LT96	kinase	domain	active-like	-	8.0	no	-
Q9LUI6	kinase	domain	active-like	-	7.9	no	-
Q9LV37	kinase	domain	active-like	-	7.8	no	-
Q9LVG6	kinase	domain	active-like	-	7.8	no	-
Q9LVP0	kinase	domain	active-like	-	7.7	no	-
Q9LVQ9	kinase	domain	active-like	-	8.2	no	-
Q9LW62	kinase	domain	active-like	-	8.3	no	-
Q9LW66	kinase	domain	active-like	-	8.3	yes	-
Q9LW83	kinase	domain	active-like	-	7.8	no	-
Q9LX29	kinase	domain	active-like	-	7.9	yes	-
Q9LX30	kinase	domain	active-like	-	8.2	yes	-
Q9LX66	kinase	domain	active-like	-	8.0	yes	-
Q9LXA5	kinase	domain	active-like	-	7.6	no	-
Q9LY50	kinase	domain	active-like	-	7.8	no	-
Q9LYN8	kinase	domain	active-like	-	7.8	no	-
Q9LYQ8	kinase	domain	active-like	-	8.3	no	-
Q9LYS5	kinase	domain	active-like	-	7.9	yes	-
Q9LYX1	kinase	domain	active-like	-	7.6	no	-
Q9LZT8	kinase	domain	active-like	-	7.7	no	-
Q9LZU4	kinase	domain	active-like	-	7.8	no	-
Q9LZV4	kinase	domain	active-like	-	7.8	yes	-
Q9LZV7	kinase	domain	active-like	-	24.0	no	-
Q9LZW4	kinase	domain	active-like	-	8.2	no	-
Q9M020	kinase	domain	active-like	-	8.0	no	-
Q9M021	kinase	domain	active-like	-	7.7	no	-
Q9M077	kinase	domain	active-like	-	8.2	yes	-
Q9M085	kinase	domain	active-like	-	7.6	no	-
Q9M0D8	kinase	domain	active-like	-	8.0	no	-
Q9M0G7	kinase	domain	active-like	-	7.8	yes	-
Q9M0X5	kinase	domain	active-like	-	19.3	no	-
Q9M101	kinase	domain	active-like	-	8.5	yes	-
Q9M1G4	kinase	domain	active-like	-	7.8	no	-
Q9M1Z5	kinase	domain	active-like	-	8.0	yes	-
Q9M2S4	kinase	domain	active-like	-	7.7	no	-
Q9M2Z1	kinase	domain	active-like	-	7.8	no	-
Q9M345	kinase	domain	active-like	-	7.7	no	-
Q9M3D7	kinase	domain	active-like	-	7.7	no	-
Q9M3D8	kinase	domain	active-like	-	7.8	yes	-
Q9M3E5	kinase	domain	active-like	-	22.7	no	-
Q9M8J5	kinase	domain	active-like	-	8.1	no	-
Q9M9C5	kinase	domain	active-like	-	7.6	no	-
Q9M9E0	kinase	domain	active-like	-	7.6	no	-
Q9M9E9	kinase	domain	active-like	-	5.9	no	-
Q9M9V8	kinase	domain	active-like	-	8.2	yes	-
Q9MA15	kinase	domain	active-like	-	8.4	yes	-
Q9MAM1	kinase	domain	active-like	-	8.4	no	-
Q9NBK5	kinase	domain	active-like	-	8.1	yes	-
Q9NRP7	kinase	domain	active-like	-	8.2	yes	-
Q9NWZ3	kinase	domain	active-like	-	7.9	yes	-
Q9NYY3	kinase	domain	active-like	-	8.0	yes	-
Q9P1W9	kinase	domain	active-like	-	8.1	yes	-
Q9P289	kinase	domain	active-like	-	7.8	yes	-
Q9QVP9	kinase	domain	active-like	-	8.2	yes	-
Q9QYK9	kinase	domain	active-like	-	8.0	no	-
Q9QYZ3	kinase	domain	active-like	-	8.2	yes	-
Q9QYZ4	kinase	domain	active-like	-	8.1	yes	-
Q9QYZ6	kinase	domain	active-like	-	8.1	no	-
Q9R0T8	kinase	domain	active-like	-	7.9	yes	-
Q9S7D9	kinase	domain	active-like	-	7.7	yes	-
Q9S7I6	kinase	domain	active-like	-	7.8	no	-
Q9S7U9	kinase	domain	active-like	-	7.8	yes	-
Q9S972	kinase	domain	active-like	-	7.7	yes	-
Q9S9M1	kinase	domain	active-like	-	7.9	no	-
Q9S9M2	kinase	domain	active-like	-	7.8	no	-
Q9SA25	kinase	domain	active-like	-	7.8	no	-
Q9SA72	kinase	domain	active-like	-	8.0	no	-
Q9SCQ4	kinase	domain	active-like	-	8.3	no	-
Q9SCS2	kinase	domain	active-like	-	8.3	no	-
Q9SCU5	kinase	domain	active-like	-	8.2	no	-
Q9SCZ4	kinase	domain	active-like	-	7.8	yes	-
Q9SEZ7	kinase	domain	active-like	-	8.0	no	-
Q9SGP2	kinase	domain	active-like	-	24.4	no	-
Q9SHI2	kinase	domain	active-like	-	8.0	no	-
Q9SI22	kinase	domain	active-like	-	14.6	no	-
Q9SIQ7	kinase	domain	active-like	-	8.1	yes	-
Q9SIT1	kinase	domain	active-like	-	8.1	no	-
Q9SJG2	kinase	domain	active-like	-	7.9	no	-
Q9SJT0	kinase	domain	active-like	-	7.8	no	-
Q9SKB2	kinase	domain	active-like	-	7.8	yes	-
Q9SKG5	kinase	domain	active-like	-	7.7	yes	-
Q9SMQ4	kinase	domain	active-like	-	14.2	no	-
Q9SN43	kinase	domain	active-like	-	8.3	no	-
Q9SN97	kinase	domain	active-like	-	7.7	no	-
Q9SNA0	kinase	domain	active-like	-	7.7	no	-
Q9SNA3	kinase	domain	active-like	-	20.2	no	-
Q9SPK4	kinase	domain	active-like	-	8.0	yes	-
Q9SQR8	kinase	domain	active-like	-	8.0	yes	-
Q9SR05	kinase	domain	active-like	-	7.9	no	-
Q9SR87	kinase	domain	active-like	-	7.7	no	-
Q9SSA4	kinase	domain	active-like	-	8.0	yes	-
Q9SSF8	kinase	domain	active-like	-	8.2	no	-
Q9SSL9	kinase	domain	active-like	-	7.8	no	-
Q9STV4	kinase	domain	active-like	-	8.5	yes	-
Q9SUL7	kinase	domain	active-like	-	16.7	no	-
Q9SV83	kinase	domain	active-like	-	8.1	no	-
Q9SXB3	kinase	domain	active-like	-	19.2	no	-
Q9SXB5	kinase	domain	active-like	-	19.3	no	-
Q9SXB8	kinase	domain	active-like	-	19.3	yes	-
Q9SY95	kinase	domain	active-like	-	19.3	no	-
Q9SYQ8	kinase	domain	active-like	-	7.8	yes	-
Q9SYS3	kinase	domain	active-like	-	7.6	no	-
Q9SYS7	kinase	domain	active-like	-	7.6	no	-
Q9SZD5	kinase	domain	active-like	-	7.6	no	-
Q9SZM3	kinase	domain	active-like	-	8.0	no	-
Q9T020	kinase	domain	active-like	-	7.9	no	-
Q9T0J1	kinase	domain	active-like	-	7.8	no	-
Q9UBE8	kinase	domain	active-like	-	7.9	yes	-
Q9UEW8	kinase	domain	active-like	-	7.4	yes	-
Q9UF33	kinase	domain	active-like	-	8.1	no	-
Q9UHD2	kinase	domain	active-like	-	8.2	yes	-
Q9UQ07	kinase	domain	active-like	-	7.9	yes	-
Q9UQB9	kinase	domain	active-like	-	8.3	yes	-
Q9UQM7	kinase	domain	active-like	-	8.1	yes	-
Q9V3Y8	kinase	domain	active-like	-	8.1	yes	-
Q9V4E5	kinase	domain	active-like	-	8.0	no	-
Q9V6K3	kinase	domain	active-like	-	8.3	yes	-
Q9V9J3	kinase	domain	active-like	-	7.8	yes	-
Q9VCV0	kinase	domain	active-like	-	8.0	no	-
Q9VD82	kinase	domain	active-like	-	7.8	no	-
Q9VDS9	kinase	domain	active-like	-	8.4	yes	-
Q9VE58	kinase	domain	active-like	-	7.9	yes	-
Q9VEZ5	kinase	domain	active-like	-	8.1	yes	-
Q9VGF9	kinase	domain	active-like	-	8.2	yes	-
Q9VI84	kinase	domain	active-like	-	8.3	no	-
Q9VJ90	kinase	domain	active-like	-	7.8	no	-
Q9VJC2	kinase	domain	active-like	-	8.2	yes	-
Q9VKN7	kinase	domain	active-like	-	7.8	yes	-
Q9VM90	kinase	domain	active-like	-	8.0	yes	-
Q9VMT1	kinase	domain	active-like	-	8.1	yes	-
Q9VQE3	kinase	domain	active-like	-	8.2	yes	-
Q9VRJ6	kinase	domain	active-like	-	7.8	no	-
Q9VXE3	kinase	domain	active-like	-	8.7	yes	-
Q9VYN5	kinase	domain	active-like	-	7.9	no	-
Q9WTL4	kinase	domain	active-like	-	8.5	no	-
Q9WTR2	kinase	domain	active-like	-	8.6	yes	-
Q9WTU6	kinase	domain	active-like	-	8.3	yes	-
Q9WUI1	kinase	domain	active-like	-	8.2	yes	-
Q9WUN2	kinase	domain	active-like	-	8.1	yes	-
Q9WV60	kinase	domain	active-like	-	8.2	yes	-
Q9WVS4	kinase	domain	active-like	-	8.1	yes	-
Q9WVS7	kinase	domain	active-like	-	7.4	yes	-
Q9XEC6	kinase	domain	active-like	-	7.7	yes	-
Q9XF67	kinase	domain	active-like	-	7.7	yes	-
Q9XI87	kinase	domain	active-like	-	8.1	yes	-
Q9XIC7	kinase	domain	active-like	-	7.7	no	-
Q9XIW0	kinase	domain	active-like	-	8.3	no	-
Q9Y2H1	kinase	domain	active-like	-	8.0	yes	-
Q9Y4K4	kinase	domain	active-like	-	7.8	yes	-
Q9Y6E0	kinase	domain	active-like	-	7.8	yes	-
Q9Z1B7	kinase	domain	active-like	-	8.2	yes	-
Q9Z1W9	kinase	domain	active-like	-	7.4	yes	-
Q9Z265	kinase	domain	active-like	-	7.8	yes	-
Q9Z2A0	kinase	domain	active-like	-	7.9	yes	-
Q9Z2E3	kinase	domain	active-like	-	8.0	no	-
Q9Z2W1	kinase	domain	active-like	-	7.4	no	-
Q9ZP16	kinase	domain	active-like	-	7.9	no	-
Q9ZPS9	kinase	domain	active-like	-	7.8	yes	-
Q9ZQ31	kinase	domain	active-like	-	7.6	yes	-
Q9ZQR3	kinase	domain	active-like	-	7.9	no	-
Q9ZR79	kinase	domain	active-like	-	7.6	no	-
Q9ZRF9	kinase	domain	active-like	-	7.6	yes	-
Q9ZSA2	kinase	domain	active-like	-	8.4	yes	-
Q9ZSA3	kinase	domain	active-like	-	8.4	no	-
Q9ZSA4	kinase	domain	active-like	-	8.2	no	-
Q9ZT07	kinase	domain	active-like	-	7.7	no	-
Q9ZU46	kinase	domain	active-like	-	7.9	yes	-
Q9ZUP4	kinase	domain	active-like	-	8.2	no	-
Q9ZUZ2	kinase	domain	active-like	-	8.5	yes	-
Q9ZVM9	kinase	domain	active-like	-	7.9	no	-
Q9ZVR7	kinase	domain	active-like	-	7.8	yes	-
Q9ZWB3	kinase	domain	active-like	-	8.3	yes	-
Q9ZWC8	kinase	domain	active-like	-	7.9	no	-
A0A0B4K7A9	protease	domain	pseudo-candidate	triadSer	-	no	-
A0A0B4K7P3	protease	domain	pseudo-candidate	triadHis;triadSer	-	no	-
A0A0B4LG43	protease	domain	pseudo-candidate	triadHis;triadSer	-	no	-
A0A286YDY8	protease	domain	pseudo-candidate	triadSer	-	no	-
A1Z7C5	protease	domain	pseudo-candidate	triadSer	-	no	-
A1Z7D1	protease	domain	pseudo-candidate	triadSer	-	no	-
A1Z7D2	protease	domain	pseudo-candidate	triadSer	-	no	-
A1Z7H7	protease	domain	pseudo-candidate	triadHis;triadSer	-	no	-
A1Z7H8	protease	domain	pseudo-candidate	triadHis;triadSer	-	no	-
A1Z8J7	protease	domain	pseudo-candidate	triadHis;triadSer	-	no	-
A1ZA41	protease	domain	pseudo-candidate	triadHis;triadSer	-	no	-
A1ZA42	protease	domain	pseudo-candidate	triadSer	-	no	-
A1ZA51	protease	domain	pseudo-candidate	triadHis;triadSer	-	no	-
A4D1T9	protease	domain	pseudo-candidate	triadHis;triadSer	-	no	-
A8JR43	protease	domain	pseudo-candidate	triadHis	-	no	-
A8JRF1	protease	domain	pseudo-candidate	triadHis;triadSer	-	no	-
B7Z091	protease	domain	pseudo-candidate	triadSer	-	no	-
B7Z0L3	protease	domain	pseudo-candidate	triadHis;triadSer	-	no	-
E5RG02	protease	domain	pseudo-candidate	triadSer	-	no	-
O00187	protease	domain	pseudo-candidate	triadHis	-	yes	-
O43240	protease	domain	pseudo-candidate	triadSer	-	no	-
O95084	protease	domain	pseudo-candidate	triadSer	-	no	-
P00736	protease	domain	pseudo-candidate	triadHis	-	yes	-
P00738	protease	domain	pseudo-candidate	triadHis;triadSer	-	no	-
P00739	protease	domain	pseudo-candidate	triadHis;triadSer	-	no	-
P00757	protease	domain	pseudo-candidate	triadSer	-	no	-
P06869	protease	domain	pseudo-candidate	triadHis	-	yes	-
P08882	protease	domain	pseudo-candidate	triadSer	-	no	-
P09871	protease	domain	pseudo-candidate	triadHis	-	yes	-
P14210	protease	domain	pseudo-candidate	triadHis;triadSer	-	no	-
P20160	protease	domain	pseudo-candidate	triadHis;triadSer	-	no	-
P22891	protease	domain	pseudo-candidate	triadHis;triadSer	-	no	-
P26927	protease	domain	pseudo-candidate	triadHis;triadSer	-	no	-
P26928	protease	domain	pseudo-candidate	triadHis;triadSer	-	no	-
P35030	protease	domain	pseudo-candidate	triadSer	-	yes	-
P36368	protease	domain	pseudo-candidate	triadSer	-	no	-
P42279	protease	domain	pseudo-candidate	triadHis	-	no	-
Q08048	protease	domain	pseudo-candidate	triadHis;triadSer	-	no	-
Q0KI07	protease	domain	pseudo-candidate	triadHis;triadSer	-	no	-
Q14B24	protease	domain	pseudo-candidate	triadSer	-	no	-
Q14BX2	protease	domain	pseudo-candidate	triadHis	-	no	-
Q3UZ09	protease	domain	pseudo-candidate	triadHis	-	no	-
Q61646	protease	domain	pseudo-candidate	triadHis;triadSer	-	no	-
Q6UWY2	protease	domain	pseudo-candidate	triadSer	-	yes	-
Q6UXH9	protease	domain	pseudo-candidate	triadHis;triadSer	-	no	-
Q76HL1	protease	domain	pseudo-candidate	triadSer	-	no	-
Q7KSK1	protease	domain	pseudo-candidate	triadSer	-	no	-
Q7KT71	protease	domain	pseudo-candidate	triadHis;triadSer	-	no	-
Q7KT73	protease	domain	pseudo-candidate	triadHis;triadSer	-	no	-
Q7RTY3	protease	domain	pseudo-candidate	triadSer	-	no	-
Q7Z5A4	protease	domain	pseudo-candidate	triadSer	-	no	-
Q86B58	protease	domain	pseudo-candidate	triadSer	-	no	-
Q86T26	protease	domain	pseudo-candidate	triadSer	-	yes	-
Q8C0F9	protease	domain	pseudo-candidate	triadSer	-	no	-
Q8CG14	protease	domain	pseudo-candidate	triadHis	-	no	-
Q8ING0	protease	domain	pseudo-candidate	triadSer	-	no	-
Q8IQ79	protease	domain	pseudo-candidate	triadHis;triadSer	-	no	-
Q8IQ89	protease	domain	pseudo-candidate	triadHis	-	no	-
Q8K4I7	protease	domain	pseudo-candidate	triadSer	-	no	-
Q8MLS8	protease	domain	pseudo-candidate	triadHis;triadSer	-	no	-
Q8N3Z0	protease	domain	pseudo-candidate	triadSer	-	no	-
Q9CQW3	protease	domain	pseudo-candidate	triadHis;triadSer	-	no	-
Q9D6X6	protease	domain	pseudo-candidate	triadSer	-	no	-
Q9DAA4	protease	domain	pseudo-candidate	triadHis;triadSer	-	no	-
Q9H2R5	protease	domain	pseudo-candidate	triadSer	-	no	-
Q9I7I1	protease	domain	pseudo-candidate	triadSer	-	no	-
Q9I7I3	protease	domain	pseudo-candidate	triadHis;triadSer	-	no	-
Q9NRR2	protease	domain	pseudo-candidate	triadSer	-	no	-
Q9NZP8	protease	domain	pseudo-candidate	triadHis	-	no	-
Q9UI38	protease	domain	pseudo-candidate	triadHis;triadSer	-	no	-
Q9V3J7	protease	domain	pseudo-candidate	triadHis;triadSer	-	no	-
Q9VAT6	protease	domain	pseudo-candidate	triadHis;triadSer	-	no	-
Q9VAT7	protease	domain	pseudo-candidate	triadHis;triadSer	-	no	-
Q9VAT8	protease	domain	pseudo-candidate	triadHis;triadSer	-	no	-
Q9VAX6	protease	domain	pseudo-candidate	triadSer	-	no	-
Q9VB66	protease	domain	pseudo-candidate	triadSer	-	no	-
Q9VBG5	protease	domain	pseudo-candidate	triadHis;triadSer	-	no	-
Q9VEA0	protease	domain	pseudo-candidate	triadSer	-	no	-
Q9VER6	protease	domain	pseudo-candidate	triadSer	-	no	-
Q9VFM0	protease	domain	pseudo-candidate	triadSer	-	no	-
Q9VGA5	protease	domain	pseudo-candidate	triadSer	-	no	-
Q9VJD7	protease	domain	pseudo-candidate	triadHis;triadSer	-	no	-
Q9VJR8	protease	domain	pseudo-candidate	triadSer	-	no	-
Q9VJZ8	protease	domain	pseudo-candidate	triadHis;triadSer	-	no	-
Q9VKA8	protease	domain	pseudo-candidate	triadSer	-	no	-
Q9VKA9	protease	domain	pseudo-candidate	triadSer	-	no	-
Q9VL01	protease	domain	pseudo-candidate	triadSer	-	no	-
Q9VMX9	protease	domain	pseudo-candidate	triadHis	-	no	-
Q9VP95	protease	domain	pseudo-candidate	triadSer	-	no	-
Q9VQ75	protease	domain	pseudo-candidate	triadHis;triadSer	-	no	-
Q9VQA3	protease	domain	pseudo-candidate	triadHis;triadSer	-	no	-
Q9VQA4	protease	domain	pseudo-candidate	triadHis;triadSer	-	no	-
Q9VQH9	protease	domain	pseudo-candidate	triadHis;triadSer	-	no	-
Q9VRS9	protease	domain	pseudo-candidate	triadHis	-	no	-
Q9VRU0	protease	domain	pseudo-candidate	triadSer	-	no	-
Q9VS71	protease	domain	pseudo-candidate	triadHis;triadSer	-	no	-
Q9VS86	protease	domain	pseudo-candidate	triadSer	-	no	-
Q9VS87	protease	domain	pseudo-candidate	triadHis	-	no	-
Q9VSJ1	protease	domain	pseudo-candidate	triadHis	-	no	-
Q9VSJ2	protease	domain	pseudo-candidate	triadHis	-	no	-
Q9VSV4	protease	domain	pseudo-candidate	triadHis;triadSer	-	no	-
Q9VXC8	protease	domain	pseudo-candidate	triadHis;triadSer	-	no	-
Q9VZI5	protease	domain	pseudo-candidate	triadHis;triadSer	-	no	-
Q9W0Z7	protease	domain	pseudo-candidate	triadSer	-	no	-
Q9W174	protease	domain	pseudo-candidate	triadSer	-	no	-
Q9W454	protease	domain	pseudo-candidate	triadHis	-	no	-
A0A0B4K687	protease	domain	active-like	-	12.1	no	-
A0A0B4K875	protease	domain	active-like	-	12.1	no	-
A0A126GUP6	protease	domain	active-like	-	12.3	yes	-
A1Z824	protease	domain	active-like	-	12.1	no	-
A1Z8J8	protease	domain	active-like	-	11.9	no	-
A1ZAT2	protease	domain	active-like	-	12.3	no	-
C0HKA2	protease	domain	active-like	-	12.0	no	-
C0HKA3	protease	domain	active-like	-	12.0	no	-
C0HKF7	protease	domain	active-like	-	12.0	no	-
C0HKF8	protease	domain	active-like	-	12.0	no	-
E1JH19	protease	domain	active-like	-	12.0	no	-
E9Q409	protease	domain	active-like	-	12.0	yes	-
F2YMG0	protease	domain	active-like	-	12.1	yes	-
F6R7E8	protease	domain	active-like	-	12.1	no	-
M9MS20	protease	domain	active-like	-	12.1	no	-
O08762	protease	domain	active-like	-	12.1	yes	-
O15393	protease	domain	active-like	-	12.0	yes	-
O35205	protease	domain	active-like	-	12.0	no	-
O35453	protease	domain	active-like	-	11.9	no	-
O60235	protease	domain	active-like	-	11.9	no	-
O60259	protease	domain	active-like	-	12.1	yes	-
O70169	protease	domain	active-like	-	12.0	no	-
P00734	protease	domain	active-like	-	12.3	yes	-
P00740	protease	domain	active-like	-	12.2	yes	-
P00742	protease	domain	active-like	-	12.2	yes	-
P00746	protease	domain	active-like	-	12.0	yes	-
P00747	protease	domain	active-like	-	12.2	yes	-
P00748	protease	domain	active-like	-	12.0	yes	-
P00749	protease	domain	active-like	-	12.0	yes	-
P00750	protease	domain	active-like	-	12.0	yes	-
P00751	protease	domain	active-like	-	12.0	yes	-
P00755	protease	domain	active-like	-	11.7	no	-
P00756	protease	domain	active-like	-	12.0	no	-
P03951	protease	domain	active-like	-	12.0	no	-
P03952	protease	domain	active-like	-	12.0	no	-
P03953	protease	domain	active-like	-	11.9	no	-
P04070	protease	domain	active-like	-	12.1	yes	-
P04071	protease	domain	active-like	-	11.9	no	-
P04186	protease	domain	active-like	-	12.2	no	-
P04187	protease	domain	active-like	-	11.9	yes	-
P04814	protease	domain	active-like	-	12.0	no	-
P05049	protease	domain	active-like	-	12.1	yes	-
P05156	protease	domain	active-like	-	12.1	no	-
P05208	protease	domain	active-like	-	12.0	no	-
P05981	protease	domain	active-like	-	11.9	yes	-
P06681	protease	domain	active-like	-	12.1	yes	-
P06870	protease	domain	active-like	-	12.0	no	-
P07146	protease	domain	active-like	-	12.0	yes	-
P07288	protease	domain	active-like	-	12.0	yes	-
P07477	protease	domain	active-like	-	12.0	no	-
P07478	protease	domain	active-like	-	12.0	yes	-
P08217	protease	domain	active-like	-	12.0	yes	-
P08218	protease	domain	active-like	-	11.9	no	-
P08246	protease	domain	active-like	-	12.0	yes	-
P08311	protease	domain	active-like	-	12.0	yes	-
P08709	protease	domain	active-like	-	12.2	yes	-
P08861	protease	domain	active-like	-	12.0	no	-
P08883	protease	domain	active-like	-	12.2	yes	-
P08884	protease	domain	active-like	-	12.1	no	-
P09093	protease	domain	active-like	-	12.0	no	-
P0CW18	protease	domain	active-like	-	12.2	no	-
P10144	protease	domain	active-like	-	11.9	yes	-
P10323	protease	domain	active-like	-	12.0	yes	-
P11032	protease	domain	active-like	-	11.9	yes	-
P11033	protease	domain	active-like	-	11.9	yes	-
P11034	protease	domain	active-like	-	11.9	no	-
P11214	protease	domain	active-like	-	12.0	yes	-
P12544	protease	domain	active-like	-	11.8	yes	-
P13366	protease	domain	active-like	-	12.0	no	-
P13582	protease	domain	active-like	-	12.1	yes	-
P15945	protease	domain	active-like	-	11.9	yes	-
P15946	protease	domain	active-like	-	11.9	no	-
P15948	protease	domain	active-like	-	11.9	no	-
P15949	protease	domain	active-like	-	11.9	no	-
P16294	protease	domain	active-like	-	12.2	no	-
P17207	protease	domain	active-like	-	12.0	no	-
P17538	protease	domain	active-like	-	12.0	no	-
P19221	protease	domain	active-like	-	12.0	yes	-
P20151	protease	domain	active-like	-	11.9	yes	-
P20231	protease	domain	active-like	-	11.9	no	-
P20718	protease	domain	active-like	-	11.9	no	-
P20918	protease	domain	active-like	-	11.9	no	-
P21180	protease	domain	active-like	-	11.9	no	-
P21812	protease	domain	active-like	-	12.0	yes	-
P21844	protease	domain	active-like	-	12.0	no	-
P21845	protease	domain	active-like	-	11.9	no	-
P23578	protease	domain	active-like	-	12.0	no	-
P23946	protease	domain	active-like	-	12.0	yes	-
P24158	protease	domain	active-like	-	12.1	yes	-
P28293	protease	domain	active-like	-	12.1	no	-
P33587	protease	domain	active-like	-	12.1	no	-
P35004	protease	domain	active-like	-	12.0	no	-
P35005	protease	domain	active-like	-	12.0	no	-
P36369	protease	domain	active-like	-	11.9	no	-
P40313	protease	domain	active-like	-	12.0	yes	-
P42278	protease	domain	active-like	-	12.1	no	-
P42280	protease	domain	active-like	-	12.0	no	-
P43430	protease	domain	active-like	-	11.9	no	-
P48740	protease	domain	active-like	-	11.8	yes	-
P49862	protease	domain	active-like	-	11.9	no	-
P49863	protease	domain	active-like	-	12.1	yes	-
P51124	protease	domain	active-like	-	12.2	yes	-
P52905	protease	domain	active-like	-	12.2	no	-
P56677	protease	domain	active-like	-	12.1	yes	-
P56730	protease	domain	active-like	-	12.0	no	-
P57727	protease	domain	active-like	-	12.1	no	-
P69525	protease	domain	active-like	-	12.1	yes	-
P70375	protease	domain	active-like	-	12.3	no	-
P98064	protease	domain	active-like	-	12.1	yes	-
P98073	protease	domain	active-like	-	12.0	no	-
Q02844	protease	domain	active-like	-	11.9	no	-
Q04756	protease	domain	active-like	-	12.3	no	-
Q14520	protease	domain	active-like	-	12.5	no	-
Q15661	protease	domain	active-like	-	12.0	no	-
Q16651	protease	domain	active-like	-	12.1	no	-
Q1JRP2	protease	domain	active-like	-	12.0	yes	-
Q2L4Q9	protease	domain	active-like	-	12.2	no	-
Q3SYP2	protease	domain	active-like	-	11.9	yes	-
Q3UP87	protease	domain	active-like	-	12.2	yes	-
Q3UQ41	protease	domain	active-like	-	12.0	no	-
Q3V0Q7	protease	domain	active-like	-	12.1	no	-
Q402U7	protease	domain	active-like	-	12.0	no	-
Q5K4E3	protease	domain	active-like	-	12.0	yes	-
Q5S248	protease	domain	active-like	-	12.0	yes	-
Q5U405	protease	domain	active-like	-	11.9	no	-
Q61096	protease	domain	active-like	-	12.1	no	-
Q61129	protease	domain	active-like	-	12.2	no	-
Q61754	protease	domain	active-like	-	11.8	no	-
Q61759	protease	domain	active-like	-	11.9	no	-
Q61955	protease	domain	active-like	-	12.1	yes	-
Q6UWB4	protease	domain	active-like	-	12.3	no	-
Q6ZWK6	protease	domain	active-like	-	12.1	no	-
Q792Y9	protease	domain	active-like	-	12.0	no	-
Q792Z0	protease	domain	active-like	-	12.1	yes	-
Q792Z1	protease	domain	active-like	-	12.0	no	-
Q7KVM8	protease	domain	active-like	-	12.0	no	-
Q7M761	protease	domain	active-like	-	12.1	no	-
Q7RTY5	protease	domain	active-like	-	12.1	no	-
Q7RTY9	protease	domain	active-like	-	12.1	no	-
Q7RTZ1	protease	domain	active-like	-	12.1	yes	-
Q80WM7	protease	domain	active-like	-	12.0	yes	-
Q80YC5	protease	domain	active-like	-	12.1	no	-
Q86WS5	protease	domain	active-like	-	12.0	no	-
Q8BHM9	protease	domain	active-like	-	12.0	no	-
Q8BIK6	protease	domain	active-like	-	12.1	yes	-
Q8BJR6	protease	domain	active-like	-	12.1	no	-
Q8CGR5	protease	domain	active-like	-	12.0	no	-
Q8CGR6	protease	domain	active-like	-	12.0	no	-
Q8IPY7	protease	domain	active-like	-	11.9	no	-
Q8IQ51	protease	domain	active-like	-	12.0	no	-
Q8IRE2	protease	domain	active-like	-	12.1	no	-
Q8IRK5	protease	domain	active-like	-	12.1	no	-
Q8IU80	protease	domain	active-like	-	12.0	no	-
Q8K0D2	protease	domain	active-like	-	12.5	no	-
Q8K1T0	protease	domain	active-like	-	12.0	no	-
Q8NF86	protease	domain	active-like	-	12.1	no	-
Q8NHM4	protease	domain	active-like	-	12.0	no	-
Q8VCA5	protease	domain	active-like	-	12.0	no	-
Q8VHK8	protease	domain	active-like	-	12.0	no	-
Q8VIF2	protease	domain	active-like	-	12.0	no	-
Q91VE3	protease	domain	active-like	-	11.9	no	-
Q91X79	protease	domain	active-like	-	11.9	yes	-
Q91Y47	protease	domain	active-like	-	11.9	no	-
Q920S2	protease	domain	active-like	-	12.0	no	-
Q924N9	protease	domain	active-like	-	12.0	yes	-
Q92876	protease	domain	active-like	-	11.9	yes	-
Q99895	protease	domain	active-like	-	11.9	no	-
Q99MS4	protease	domain	active-like	-	12.0	yes	-
Q9BYE2	protease	domain	active-like	-	12.0	no	-
Q9BZJ3	protease	domain	active-like	-	12.0	no	-
Q9CQ52	protease	domain	active-like	-	12.0	no	-
Q9CR35	protease	domain	active-like	-	12.0	yes	-
Q9D9M0	protease	domain	active-like	-	12.1	no	-
Q9DBI0	protease	domain	active-like	-	12.0	no	-
Q9ER04	protease	domain	active-like	-	12.1	no	-
Q9ESD1	protease	domain	active-like	-	12.0	no	-
Q9GZN4	protease	domain	active-like	-	12.1	yes	-
Q9H3S3	protease	domain	active-like	-	12.1	no	-
Q9I7V4	protease	domain	active-like	-	12.1	no	-
Q9JHJ7	protease	domain	active-like	-	11.9	yes	-
Q9JIQ8	protease	domain	active-like	-	12.0	no	-
Q9JM71	protease	domain	active-like	-	11.9	yes	-
Q9NRS4	protease	domain	active-like	-	11.9	yes	-
Q9P0G3	protease	domain	active-like	-	21.8	yes	-
Q9QUK9	protease	domain	active-like	-	12.1	yes	-
Q9QYN3	protease	domain	active-like	-	12.1	no	-
Q9QYZ9	protease	domain	active-like	-	12.0	no	-
Q9R098	protease	domain	active-like	-	12.2	no	-
Q9R0T7	protease	domain	active-like	-	12.0	yes	-
Q9UBX7	protease	domain	active-like	-	12.1	no	-
Q9UKR0	protease	domain	active-like	-	12.1	yes	-
Q9UKR3	protease	domain	active-like	-	12.1	no	-
Q9UL52	protease	domain	active-like	-	12.0	no	-
Q9V3Z2	protease	domain	active-like	-	12.4	no	-
Q9VA44	protease	domain	active-like	-	12.2	no	-
Q9VA66	protease	domain	active-like	-	12.0	no	-
Q9VA67	protease	domain	active-like	-	11.9	no	-
Q9VAQ3	protease	domain	active-like	-	12.2	no	-
Q9VB68	protease	domain	active-like	-	12.2	no	-
Q9VCJ0	protease	domain	active-like	-	12.1	no	-
Q9VCJ8	protease	domain	active-like	-	12.0	yes	-
Q9VEM6	protease	domain	active-like	-	12.0	no	-
Q9VEM7	protease	domain	active-like	-	12.1	no	-
Q9VEM8	protease	domain	active-like	-	12.2	no	-
Q9VEM9	protease	domain	active-like	-	12.1	no	-
Q9VEN0	protease	domain	active-like	-	12.0	no	-
Q9VHF7	protease	domain	active-like	-	12.0	no	-
Q9VMX7	protease	domain	active-like	-	12.0	no	-
Q9VMX8	protease	domain	active-like	-	11.9	no	-
Q9VPN7	protease	domain	active-like	-	12.0	no	-
Q9VPN8	protease	domain	active-like	-	12.0	no	-
Q9VQ97	protease	domain	active-like	-	12.0	no	-
Q9VQ98	protease	domain	active-like	-	12.1	no	-
Q9VQA0	protease	domain	active-like	-	11.9	no	-
Q9VR15	protease	domain	active-like	-	12.2	no	-
Q9VRD0	protease	domain	active-like	-	12.1	no	-
Q9VRS3	protease	domain	active-like	-	11.9	no	-
Q9VRS4	protease	domain	active-like	-	11.9	no	-
Q9VRS6	protease	domain	active-like	-	11.9	no	-
Q9VRS7	protease	domain	active-like	-	11.9	no	-
Q9VRT2	protease	domain	active-like	-	12.1	no	-
Q9VT23	protease	domain	active-like	-	11.9	no	-
Q9VT24	protease	domain	active-like	-	11.9	no	-
Q9VT25	protease	domain	active-like	-	11.8	no	-
Q9VTV2	protease	domain	active-like	-	12.2	no	-
Q9VUG2	protease	domain	active-like	-	12.1	no	-
Q9VW19	protease	domain	active-like	-	12.2	no	-
Q9VWU1	protease	domain	active-like	-	12.0	yes	-
Q9VXC9	protease	domain	active-like	-	11.9	no	-
Q9VXP8	protease	domain	active-like	-	12.0	no	-
Q9VZH5	protease	domain	active-like	-	12.2	no	-
Q9W2C8	protease	domain	active-like	-	12.1	no	-
Q9W314	protease	domain	active-like	-	12.3	no	-
Q9W5U8	protease	domain	active-like	-	12.1	no	-
Q9Y337	protease	domain	active-like	-	12.1	yes	-
Q9Y5K2	protease	domain	active-like	-	12.1	no	-
Q9Y5Y6	protease	domain	active-like	-	12.2	yes	-
Q9Y6M0	protease	domain	active-like	-	12.0	no	-
Q9Z0M1	protease	domain	active-like	-	12.1	no	-
Q9Z1R9	protease	domain	active-like	-	12.0	no	-
