accession	variant	significance	site_pLDDT	in_druggable_pocket
A0A0U1RRI6	K57R	benign	78.9	no
A0A0U1RRI6	L58W	benign	76.6	no
A0A3B3IU63	K123E	benign	61.7	no
A0PJX2	E98D	benign	94.0	no
A0PJX2	G102R	benign	92.5	no
A0PJX2	R173Q	benign	93.2	no
A0PJX2	R96Q	benign	96.0	no
A0PJX2	S187R	benign	98.2	no
A0PJX2	T50A	benign	90.5	no
A0PJX8	A118T	benign	81.4	no
A0PJX8	P5L	benign	49.4	no
A0PJX8	R185H	benign	76.3	no
A1L157	G138R	benign	80.9	no
A1L157	R173Q	benign	86.4	no
A1L157	R86Q	benign	87.2	no
A2A368	V75I	benign	42.5	no
A2RUU4	E34D	benign	85.6	no
A4D1F6	C436S	benign	90.2	no
A4D1F6	I351M	benign	98.0	no
A4D1F6	K28E	benign	30.7	no
A4D1F6	Q464K	benign	91.8	no
A4D1F6	R750C	benign	86.4	yes
A6H8M9	A351T	benign	91.7	no
A6H8M9	G285S	benign	92.1	no
A6H8M9	I223T	benign	87.7	no
A6H8M9	I518T	benign	93.3	no
A6H8M9	L360F	benign	91.9	no
A6H8M9	P13L	benign	36.1	yes
A6H8M9	R261Q	benign	87.6	no
A6H8M9	R288Q	benign	94.9	no
A6H8M9	R297H	benign	65.2	no
A6H8M9	R379H	benign	68.2	no
A6H8M9	R565H	benign	74.3	no
A6H8M9	R621H	benign	84.5	no
A6H8M9	R652W	benign	61.9	no
A6H8M9	T468M	benign	92.3	no
A6H8M9	T636I	benign	78.2	no
A6H8M9	T669M	benign	35.5	no
A6H8M9	Y560H	benign	81.0	no
A6NC86	H28R	benign	97.6	no
A6NC86	T130I	benign	94.4	no
A6NCL2	D86N	benign	88.1	no
A6NCL2	V109I	benign	83.6	no
A6ND91	A131T	benign	95.2	no
A6ND91	R67H	benign	97.1	no
A6NDA9	A483V	benign	62.1	no
A6NDA9	D548E	benign	27.1	no
A6NDA9	R181Q	benign	63.9	no
A6NDA9	R265Q	benign	91.1	no
A6NDA9	R498C	benign	26.5	no
A6NDA9	T546M	benign	27.9	no
A6NDA9	V44I	benign	80.8	no
A6NDI0	A247G	benign	91.9	no
A6NDI0	I14T	benign	92.2	no
A6NDI0	M1V	benign	46.3	no
A6NDI0	N234K	benign	94.4	no
A6NDI0	R211Q	benign	98.1	no
A6NDI0	V345F	benign	91.6	no
A6NDK9	G63C	benign	29.2	no
A6NDK9	N616D	benign	44.7	no
A6NDK9	N660D	benign	30.0	no
A6NDK9	R382Q	benign	93.6	no
A6NDK9	V556I	benign	32.9	no
A6NE02	G164E	benign	73.2	no
A6NE02	G178S	benign	93.0	no
A6NE02	H232Q	benign	98.2	no
A6NE02	M18I	benign	47.8	yes
A6NE02	Q420H	benign	67.7	no
A6NET4	E88K	benign	85.8	no
A6NFE3	K122R	benign	83.1	no
A6NFY4	A86T	benign	66.0	no
A6NFY4	E321K	benign	73.6	no
A6NFY4	F80L	benign	82.8	no
A6NFY4	V187I	benign	91.4	yes
A6NFY4	V369I	benign	87.5	no
A6NGE4	A31V	benign	26.0	no
A6NGE4	D129E	benign	59.3	no
A6NGE4	I39T	benign	33.5	no
A6NGE4	M107I	benign	24.9	no
A6NGE4	Q561H	benign	29.4	no
A6NGE4	R187C	benign	95.2	no
A6NGE4	S153P	benign	75.0	no
A6NGE4	T126A	benign	47.0	no
A6NGE4	V396I	benign	97.9	no
A6NH57	R35Q	benign	90.2	no
A6NH57	R98W	benign	93.9	no
A6NH57	T94M	benign	98.1	no
A6NHC0	A196T	benign	92.2	no
A6NHC0	I74V	benign	96.6	no
A6NHC0	Q256R	benign	94.3	no
A6NHC0	R310Q	benign	93.1	no
A6NHC0	R390H	benign	92.1	no
A6NHC0	V89I	benign	90.9	no
A6NI03	R195L	benign	96.3	no
A6NI56	A125V	benign	47.2	no
A6NI56	A358T	benign	93.8	no
A6NI56	A594V	benign	37.5	no
A6NI56	A632V	benign	73.3	no
A6NI56	G204S	benign	97.0	no
A6NI56	G248S	benign	96.4	no
A6NI56	G32E	benign	33.3	no
A6NI56	G401R	benign	93.6	no
A6NI56	G644R	benign	40.9	no
A6NI56	P54L	benign	43.2	no
A6NI56	P585L	benign	41.3	no
A6NI56	P601L	benign	42.4	yes
A6NI56	P9S	benign	40.3	no
A6NI56	Q122R	benign	70.5	no
A6NI56	R102Q	benign	91.1	no
A6NI56	R126Q	benign	45.6	no
A6NI56	R287Q	benign	92.0	no
A6NI56	R295Q	benign	75.2	no
A6NI56	R347H	benign	91.2	no
A6NI56	R352Q	benign	92.8	no
A6NI56	R375Q	benign	95.6	no
A6NI56	R386Q	benign	96.2	no
A6NI56	R390Q	benign	96.3	no
A6NI56	R586W	benign	40.1	no
A6NI56	R602Q	benign	36.9	yes
A6NI56	R641Q	benign	50.2	no
A6NI56	R95H	benign	92.1	no
A6NI56	V547I	benign	85.0	no
A6NJW4	R218Q	benign	49.8	no
A6NL08	H129R	benign	94.8	no
A6NL08	K225R	benign	95.1	no
A6NL08	M159I	benign	95.9	no
A6NL08	R221W	benign	96.6	no
A6NL08	R62Q	benign	95.6	no
A6NL26	R84Q	benign	93.3	no
A6NM03	A83V	benign	89.9	no
A6NM03	I143L	benign	97.4	no
A6NM03	I33V	benign	94.1	no
A6NM03	R4W	benign	36.6	no
A6NM03	S109G	benign	94.2	yes
A6NM10	A41V	benign	79.4	no
A6NM36	V231L	benign	97.5	no
A6NM45	I107T	benign	71.3	no
A6NM45	N184H	benign	97.2	no
A6NM45	V153I	benign	84.3	no
A6NML5	R10W	benign	94.9	no
A6NMS3	A148T	benign	98.3	no
A6NMS3	G260R	benign	67.4	no
A6NMS3	H175D	benign	84.9	no
A6NMS3	I91M	benign	93.8	no
A6NMS3	R54H	benign	87.0	no
A6NMS3	T117A	benign	97.2	no
A6NMS3	V225I	benign	92.1	no
A6NMZ2	R141W	benign	89.8	no
A6NNF4	S145P	benign	38.7	no
A6NNN8	A147G	benign	74.6	no
A6NNN8	A362V	benign	93.7	no
A6NNN8	A428V	benign	85.6	no
A6NNN8	C107G	benign	94.1	no
A6NNN8	E233G	pathogenic	89.7	no
A6NNN8	E233K	pathogenic	89.7	no
A6NNN8	F227Y	benign	90.2	no
A6NNN8	F435L	benign	66.9	no
A6NNN8	G331R	benign	54.6	no
A6NNN8	G343R	benign	65.8	no
A6NNN8	G412R	pathogenic	94.1	no
A6NNN8	I32S	pathogenic	89.4	no
A6NNN8	M321L	benign	87.2	no
A6NNN8	M321L	benign	87.2	no
A6NNN8	M395V	benign	87.5	no
A6NNN8	P311L	pathogenic	89.8	no
A6NNN8	P57L	benign	90.3	no
A6NNN8	S220T	benign	81.4	no
A6NNN8	S248C	benign	93.8	no
A6NNN8	S305P	pathogenic	91.9	no
A6NNN8	T356N	benign	94.8	no
A6NNN8	T427M	benign	86.1	no
A6NNN8	T5I	benign	35.5	no
A6NNN8	V221D	benign	87.4	no
A6NNN8	V236D	pathogenic	92.9	no
A6NNN8	V270I	benign	94.6	no
A6NNN8	V372I	benign	91.6	no
A6NNN8	V431I	benign	78.9	no
A6NNN8	W333C	benign	41.9	no
A6NP11	K130E	benign	22.6	no
A6NP11	K211N	benign	70.5	no
A6NP11	K409T	benign	94.0	no
A6NP11	R199H	benign	78.1	no
A6NP11	R274C	benign	49.9	no
A6NP11	V345I	benign	88.1	no
A8MQ14	C225Y	benign	67.9	no
A8MQ14	I269T	benign	71.3	no
A8MQ14	R162Q	benign	28.1	no
A8MQ14	R405H	benign	76.6	no
A8MQ14	R692Q	benign	79.2	no
A8MQ14	R888Q	benign	86.1	no
A8MQ14	R926Q	benign	87.0	no
A8MQ14	V655I	benign	77.9	no
A8MT33	E204G	benign	43.4	no
A8MT33	G213R	benign	43.9	no
A8MT33	L8V	benign	43.1	no
A8MT33	R70G	benign	98.4	no
A8MV23	E108K	benign	84.9	no
A8MV23	F259L	benign	97.1	no
A8MV23	L352S	benign	91.6	no
A8MV23	P2L	benign	36.6	no
A8MV23	R290K	benign	97.2	no
A8MV23	T228M	benign	93.9	no
A8MV23	T268I	benign	91.4	no
A8MXK1	F19L	benign	76.0	no
A8MXK1	R125H	benign	84.9	no
A8MXY4	E673G	benign	69.4	no
A8MXY4	I240F	benign	76.1	no
A8MXY4	M863I	benign	35.4	no
A8MXY4	N31D	benign	72.3	no
A8MXY4	Q451K	benign	78.1	no
A8MXY4	Q612K	benign	85.4	no
A8MXY4	R112Q	benign	30.6	no
A8MXY4	R436H	benign	82.7	no
A8MXY4	S459G	benign	80.1	no
A8MXY4	Y163H	benign	41.2	no
B0FP48	I211V	benign	97.4	no
B0FP48	R192Q	benign	60.2	no
B0FP48	T250N	benign	57.1	no
B0FP48	T64M	benign	96.2	no
B2RXF0	V264L	benign	85.6	no
B4DX44	R27C	benign	82.4	no
B4DX44	S375G	benign	87.6	no
B4DX44	T314K	benign	91.8	no
B5MCN3	E212D	benign	91.5	no
B5MCN3	I352S	benign	95.6	no
B5MCN3	M346L	benign	87.1	no
B5MCN3	R133Q	benign	96.1	no
B5MCN3	R45W	benign	95.3	no
B5MCN3	V239M	benign	98.3	no
C9J202	A22T	benign	86.2	no
C9J202	D147G	benign	85.7	no
C9J202	D151H	benign	72.6	no
C9J202	Q94H	benign	56.4	no
C9J202	R168G	benign	57.9	no
C9J202	R29W	benign	94.0	no
C9J202	R44C	benign	87.8	no
C9J202	R60W	benign	95.9	no
C9J202	R69H	benign	93.1	no
C9JN71	K258T	benign	86.2	no
C9JN71	Y102H	benign	31.9	no
C9JQI7	A625E	benign	89.6	no
C9JQI7	C14Y	benign	28.4	no
C9JQI7	V328I	benign	93.4	no
C9JQI7	V328L	benign	93.4	no
C9JXX5	A42P	benign	69.9	no
E7ERA6	G156S	benign	74.9	no
E7ERA6	I21T	benign	47.5	no
E7ERA6	R153H	benign	61.2	no
E7ERA6	R175Q	benign	42.2	no
F5H094	F36L	benign	97.1	no
F5H094	G256A	benign	95.9	no
F5H094	H169Y	benign	80.9	no
F5H094	H4R	benign	31.8	no
F5H094	L226V	benign	95.4	no
F5H094	L420V	benign	97.2	no
F5H094	M233I	benign	94.7	no
F5H094	Q422H	benign	95.6	no
F5H094	S112A	benign	96.1	no
O60330	F770L	benign	31.4	no
O60330	L710V	benign	90.2	no
O60330	S618A	benign	91.8	no
O60330	S684P	benign	42.8	no
O60330	T436I	benign	92.3	no
O60811	A128T	benign	31.2	no
O60811	C138R	benign	27.7	no
O60811	C375R	benign	95.6	no
O60811	F125S	benign	40.4	no
O60811	F150L	benign	91.1	no
O60811	F316Y	benign	92.1	no
O60811	I335L	benign	90.8	no
O60811	M28V	benign	76.8	no
O60811	N187S	benign	92.1	no
O60811	P117S	benign	46.3	yes
O60811	R115I	benign	54.7	no
O60811	S314Y	benign	89.8	no
O60811	T141A	benign	32.3	no
O60811	T141M	benign	32.3	no
O60813	A371T	benign	93.2	no
O60813	C168Y	benign	91.2	no
O60813	F127L	benign	32.9	no
O60813	G423D	benign	90.2	no
O60813	H446D	benign	86.0	no
O60813	I365V	benign	95.6	no
O60813	K443R	benign	87.8	no
O60813	M244V	benign	90.9	no
O60813	P97L	benign	71.4	no
O60813	R146Q	benign	54.2	no
O60813	R195H	benign	90.6	no
O60813	S292R	benign	95.2	no
O60813	S331R	benign	97.5	no
O60813	S431R	benign	91.5	no
O60813	T227A	benign	94.6	no
O60813	W430R	benign	89.2	no
O75346	K173E	benign	82.1	no
O75346	T164I	benign	37.5	no
O75346	V119M	benign	23.4	no
O75373	P521S	benign	87.5	no
O75373	R221I	benign	86.2	no
O75373	R83Q	benign	30.1	no
O75820	P8L	benign	37.8	no
O76000	A197S	benign	85.4	no
O76000	C311Y	benign	53.1	no
O76000	F28S	benign	89.7	no
O76000	G154S	benign	95.7	no
O76000	I151T	benign	96.2	yes
O76000	L150F	benign	97.5	no
O76000	M166L	benign	84.3	no
O76000	Q235K	benign	86.4	no
O76000	R168C	benign	81.6	no
O95006	A197V	benign	90.1	no
O95006	A198T	benign	89.9	no
O95006	A91S	benign	91.2	no
O95006	F308L	benign	79.2	no
O95006	G316A	benign	65.7	no
O95006	H123Y	benign	95.4	no
O95006	R220Q	benign	96.2	no
O95006	T255A	benign	83.9	yes
O95013	R89H	benign	91.0	no
O95013	V219I	benign	89.9	no
O95025	G271D	benign	49.3	no
O95025	I676T	benign	87.6	no
O95025	K701Q	benign	38.4	no
O95025	L38S	benign	42.7	no
O95025	P580S	pathogenic	88.9	no
O95025	P615T	benign	87.2	no
O95025	S65P	benign	67.3	no
O95025	T222A	benign	79.4	no
O95025	T246A	benign	98.3	no
O95025	Y321N	benign	93.0	no
O95157	E39K	benign	43.6	no
O95157	I78V	benign	43.3	no
O95221	A253T	benign	89.6	no
O95221	F156S	benign	87.9	no
O95221	L43I	benign	96.8	no
O95302	E320K	benign	97.4	no
O95473	A222T	benign	47.8	no
O95473	G95S	benign	76.2	no
O95473	I58V	benign	89.2	no
O95473	P132L	benign	75.6	no
P0C025	G233R	benign	57.0	no
P0C025	M271T	benign	86.3	no
P0C025	T35P	benign	75.2	no
P0C263	R198H	benign	97.8	no
P0C672	I93L	benign	96.4	no
P0C672	M248T	benign	78.8	no
P0C7T3	I271T	benign	82.7	no
P0C7T3	Q134R	benign	93.0	no
P0C7T3	V151I	benign	97.3	no
P0C7T3	V185M	benign	86.1	yes
P0C7T8	D59A	benign	68.6	no
P0C7T8	H153Y	benign	91.2	no
P0C7T8	R94Q	benign	87.1	no
P0C7V8	D444E	benign	90.5	no
P0C7V8	H194R	benign	89.2	no
P0C7V8	M629L	benign	24.5	no
P0C7V8	T373S	benign	97.9	no
P0CG33	A213T	benign	98.1	no
P0CG33	A514V	benign	38.4	no
P0CG33	A542V	benign	35.6	no
P0CG33	C177S	benign	97.5	no
P0CG33	D692N	benign	39.9	no
P0CG33	G648D	benign	33.7	no
P0CG33	H168R	benign	98.3	no
P0CG33	N114S	benign	96.1	no
P0CG33	R188K	benign	90.1	no
P0CG33	R193S	benign	91.9	no
P0CG33	T518M	benign	33.7	no
P0CG33	T531M	benign	37.3	no
P0CG33	V556I	benign	29.6	no
P0CG33	V680A	benign	35.9	no
P0DQD5	R239Q	benign	94.1	no
P11844	C130Y	benign	97.3	no
P11844	N18I	benign	98.1	no
P11844	Q77R	benign	98.4	no
P11844	R27Q	benign	95.8	no
P16415	K60R	benign	31.6	no
P17017	R323Q	benign	84.2	no
P17017	R367Q	benign	87.1	no
P27539	A118V	benign	47.3	no
P27539	A318T	pathogenic	82.9	no
P27539	C124F	pathogenic	80.8	no
P27539	L26P	benign	41.3	no
P27539	M364I	pathogenic	86.4	no
P27539	M364T	pathogenic	86.4	no
P27539	Q50R	benign	68.1	no
P27539	S134W	pathogenic	88.8	no
P27539	V130I	benign	91.6	no
P55344	A87T	benign	83.0	no
P55344	F105V	pathogenic	97.9	no
P55344	G154E	pathogenic	97.8	no
P55344	R130C	pathogenic	84.8	no
P58173	A109S	benign	93.8	no
P58173	I174V	benign	89.5	no
P58173	R128Q	benign	94.7	no
P58173	S266R	benign	57.2	no
P58173	V256I	benign	65.6	no
P58173	V258M	benign	55.4	no
P58181	N256S	benign	82.6	no
P58181	R293Q	benign	70.4	no
P59095	A205T	benign	90.4	no
P59095	P150A	benign	98.7	no
P59095	V103M	benign	91.1	no
P62502	G58E	benign	90.6	no
P62502	G77R	benign	76.5	no
P62502	G79E	benign	81.0	no
P62502	M53T	benign	50.2	no
P62502	R91Q	benign	85.1	no
Q08AF3	I829V	benign	84.0	no
Q08AF3	K59R	benign	95.5	no
Q08AF3	Q423R	benign	93.6	no
Q08AF3	R326K	benign	95.1	no
Q08AF3	R45Q	benign	95.9	no
Q08AF3	V277I	benign	95.9	no
Q08AF3	Y703H	benign	91.4	no
Q0P6D2	M150L	benign	88.6	no
Q0P6D2	N265S	benign	97.9	no
Q0P6D2	P10R	benign	38.9	no
Q0P6D2	Q68R	benign	98.6	no
Q0P6D2	R15G	benign	42.0	no
Q0P6D2	R393Q	benign	69.6	no
Q0P6D2	S129G	benign	64.8	no
Q0P6D2	V367I	benign	87.7	no
Q0P6D2	V399M	benign	94.4	yes
Q0VDG4	R209Q	benign	97.6	no
Q0VDG4	R51H	benign	94.9	no
Q13106	E87K	benign	24.6	no
Q13106	K411R	benign	92.6	no
Q14588	N162S	benign	61.9	no
Q14588	R332H	benign	89.3	no
Q14588	R363Q	benign	88.9	no
Q14588	S120N	benign	23.7	no
Q15622	E111D	benign	95.9	no
Q15622	F110L	benign	97.9	no
Q15622	I199M	benign	90.4	no
Q15622	S116T	benign	97.8	no
Q15622	V203A	benign	90.0	no
Q15622	Y102C	benign	97.5	no
Q17R55	C353F	benign	66.5	no
Q17R55	E173K	benign	89.4	no
Q17R55	G61S	benign	64.7	no
Q17R55	I118V	benign	97.9	no
Q17R55	K285R	benign	97.9	no
Q17R55	K297N	benign	96.1	no
Q17R55	R153H	benign	94.7	no
Q17R55	R166C	benign	96.2	no
Q17R55	R246H	benign	97.3	no
Q17R55	V243I	benign	96.5	no
Q2VIR3	G280D	benign	90.9	yes
Q30KQ7	A63V	benign	90.3	no
Q30KQ7	N57D	benign	87.4	no
Q30KQ7	P44T	benign	93.6	no
Q3KPI0	T21I	benign	53.5	no
Q3MIS6	A28V	benign	78.2	no
Q3MIS6	D78N	benign	25.8	no
Q3MIS6	E406K	benign	87.1	no
Q3MIS6	H207R	benign	42.0	no
Q3MIS6	H484R	benign	92.2	no
Q3MIS6	N507Y	benign	91.9	no
Q3MIS6	Q588H	benign	75.3	no
Q3MIS6	S216N	benign	82.2	no
Q3MIS6	V139I	benign	22.7	no
Q3ZCT8	S293N	benign	77.9	no
Q3ZCT8	Y75H	benign	90.1	no
Q3ZCX4	R17H	benign	32.1	no
Q3ZCX4	S180L	benign	26.1	no
Q495N2	I444V	benign	96.4	no
Q495N2	V417I	benign	93.2	no
Q4AC99	A87T	benign	42.1	no
Q4AC99	E472K	benign	96.8	no
Q4AC99	H297Q	benign	89.6	no
Q4AC99	R516C	benign	95.1	no
Q4AC99	S426G	benign	95.1	no
Q4G1C9	H99R	benign	97.3	no
Q4G1C9	M120I	benign	98.4	no
Q4L235	A321V	benign	87.1	no
Q4L235	F669L	benign	24.1	no
Q4L235	I61V	benign	96.2	no
Q4L235	I951V	benign	95.1	no
Q4L235	L186V	benign	88.2	no
Q4L235	P987S	benign	79.9	no
Q4L235	R17K	benign	97.7	no
Q4L235	R223L	benign	97.9	no
Q4L235	S1018A	benign	92.6	no
Q4V339	M292I	benign	89.2	no
Q52M93	A769T	benign	64.6	no
Q52M93	D35N	benign	77.9	no
Q52M93	N189S	benign	83.5	no
Q52M93	P152H	benign	49.3	no
Q52M93	R93H	benign	28.4	no
Q52M93	S12L	benign	37.2	no
Q52M93	S293T	benign	82.4	no
Q52M93	T427A	benign	81.4	no
Q5GAN4	V39I	benign	83.0	no
Q5JTN6	E245G	benign	89.1	no
Q5JTN6	L142H	benign	94.0	no
Q5JTN6	R304C	benign	39.6	no
Q5JTN6	R51Q	benign	88.2	no
Q5JTN6	R99Q	benign	98.1	no
Q5JWF8	A142T	benign	98.2	no
Q5JWF8	A76T	benign	90.9	no
Q5JWF8	F15L	benign	93.8	no
Q5JWF8	I77V	benign	92.9	no
Q5JWF8	M207T	benign	96.6	no
Q5JWF8	V108L	benign	77.9	no
Q5JXA9	A293T	benign	62.7	no
Q5JXA9	R89H	benign	85.5	no
Q5JXA9	S141L	benign	73.8	no
Q5JXA9	S6L	benign	44.4	no
Q5JXA9	T313A	benign	65.5	no
Q5JXA9	V232I	benign	95.4	no
Q5JXM2	V265I	benign	98.1	no
Q5R387	A103V	benign	70.2	no
Q5R387	G41R	benign	73.1	no
Q5R387	S65F	benign	40.0	no
Q5SZD4	L232P	benign	95.3	no
Q5SZI1	P218L	benign	51.8	no
Q5SZI1	T98A	benign	54.5	no
Q5T2N8	A91V	benign	71.6	no
Q5T2N8	C352G	benign	93.6	no
Q5T2N8	F272C	benign	94.1	no
Q5T2N8	G399R	benign	73.9	no
Q5T2N8	H172N	benign	95.6	no
Q5T2N8	I163T	benign	93.6	no
Q5T2N8	I50N	benign	74.7	no
Q5T2N8	K354E	benign	94.3	yes
Q5T2N8	R122Q	benign	67.4	no
Q5T2N8	R338K	benign	93.1	no
Q5T6L9	A596V	benign	95.2	no
Q5T6L9	E276K	benign	97.6	no
Q5T6L9	E2V	benign	41.2	no
Q5T6L9	E541K	benign	97.4	no
Q5T6L9	H371R	benign	94.9	no
Q5T6L9	H81Y	benign	96.2	no
Q5T6L9	I122V	benign	97.1	no
Q5T6L9	I368V	benign	95.3	no
Q5T6L9	I377N	pathogenic	94.7	yes
Q5T6L9	I581V	benign	89.1	no
Q5T6L9	I92V	benign	95.9	no
Q5T6L9	L530P	benign	94.9	no
Q5T6L9	M482I	benign	90.1	no
Q5T6L9	M490K	benign	72.4	no
Q5T6L9	N646S	benign	89.4	no
Q5T6L9	P351L	benign	96.3	no
Q5T6L9	Q89K	benign	96.6	no
Q5T6L9	R494G	benign	52.6	no
Q5T6L9	R502H	benign	54.2	no
Q5T6L9	R544H	benign	97.4	no
Q5T6L9	R93Q	benign	95.9	no
Q5T6L9	S540G	benign	98.0	no
Q5T6L9	S540G	benign	98.0	no
Q5T6L9	T483M	benign	85.2	no
Q5T6L9	T505A	benign	71.1	no
Q5T6L9	T86N	benign	96.0	no
Q5T6L9	V534A	benign	96.1	no
Q5T6L9	V620L	benign	96.8	no
Q5T9Z0	P236S	benign	46.7	no
Q5T9Z0	V45I	benign	90.1	no
Q5TC63	D288E	benign	97.3	no
Q5TC63	E102D	benign	91.3	no
Q5TC63	K323R	benign	97.7	no
Q5TC63	N170S	benign	98.2	no
Q5TDP6	C118F	benign	95.6	no
Q5TDP6	D442G	benign	39.2	no
Q5TDP6	N26S	benign	25.4	no
Q5TDP6	P452T	benign	66.9	no
Q5TDP6	T48M	benign	21.8	no
Q5TDP6	V40I	benign	20.7	no
Q5TDP6	Y208C	benign	93.2	no
Q5TIA1	A21T	benign	50.5	no
Q5TIA1	A394T	benign	96.9	no
Q5TIA1	A825T	benign	65.2	no
Q5TIA1	D1258Y	pathogenic	74.1	no
Q5TIA1	E17D	benign	38.2	no
Q5TIA1	E657Q	benign	91.0	no
Q5TIA1	F529I	pathogenic	74.5	no
Q5TIA1	G265E	benign	44.8	no
Q5TIA1	G768D	benign	83.8	no
Q5TIA1	I516V	benign	93.4	no
Q5TIA1	K1049E	benign	54.2	no
Q5TIA1	N272S	benign	38.4	no
Q5TIA1	P33S	benign	82.2	no
Q5TIA1	R1183Q	benign	80.8	no
Q5TIA1	R132H	benign	84.9	no
Q5TIA1	S1250F	benign	31.4	no
Q5TIA1	S853T	benign	82.1	no
Q5TIA1	T757A	benign	89.1	no
Q5TIA1	T81M	benign	83.8	no
Q5TIA1	T949A	benign	82.6	no
Q5TIA1	V57L	benign	83.1	no
Q5TIA1	Y632C	benign	95.2	no
Q5TIA1	Y812C	benign	57.8	no
Q5TYX0	C109S	benign	54.7	no
Q5TYX0	C124F	benign	28.5	no
Q5TYX0	G123E	benign	34.3	no
Q5TYX0	I320V	benign	92.7	no
Q5TYX0	K129M	benign	34.5	no
Q5TYX0	K132R	benign	30.3	no
Q5TYX0	L126P	benign	31.8	no
Q5TYX0	L17V	benign	73.2	no
Q5TYX0	M41L	benign	85.3	yes
Q5TYX0	R48C	benign	86.9	no
Q5TYX0	V151I	benign	92.1	no
Q5UAW9	K305E	benign	38.2	no
Q5UAW9	M222V	benign	50.0	no
Q5UAW9	Q2P	benign	38.3	no
Q5VSG8	D79A	benign	47.1	no
Q5VSG8	R100S	benign	92.3	no
Q5VTA0	C301S	benign	88.6	no
Q5VTA0	C439R	benign	95.1	no
Q5VTA0	E352K	benign	98.2	no
Q5VTA0	H302D	benign	82.6	no
Q5VTA0	I455V	benign	63.6	no
Q5VTA0	N183S	benign	89.4	no
Q5VTA0	Q360R	benign	89.2	no
Q5VTA0	R169G	benign	88.1	no
Q5VTA0	T141M	benign	34.6	no
Q5VUY0	E373K	benign	95.2	no
Q5VUY0	S136C	benign	97.7	no
Q5VVB8	M38L	benign	88.3	no
Q5VVB8	V37M	benign	88.4	no
Q5VVH2	G11V	benign	95.4	no
Q5VVW2	P521S	benign	92.2	no
Q5VVW2	Q290R	pathogenic	88.7	no
Q5VVW2	S979G	benign	36.8	no
Q5VVW2	Y754C	benign	92.2	no
Q5VW00	M424I	benign	77.2	no
Q5VW38	N169S	benign	29.5	no
Q5VZ03	G74D	benign	94.1	no
Q5VZ03	P46Q	benign	94.2	no
Q5VZ66	P260L	benign	34.1	no
Q5W064	V350A	benign	98.1	no
Q5XG92	A125V	benign	92.4	no
Q5XG92	A15V	benign	53.5	no
Q5XG92	C515R	benign	97.4	no
Q5XG92	F175L	benign	98.6	no
Q5XG92	G44E	benign	89.4	no
Q5XG92	L526V	benign	98.6	no
Q5XG92	N351S	benign	97.6	no
Q5XG92	N355S	benign	93.6	no
Q5XG92	P514S	benign	96.5	no
Q5XG92	P72L	benign	96.4	no
Q5XG92	R368Q	benign	91.9	no
Q5XG92	R518C	benign	98.3	no
Q5XG92	R533S	benign	97.0	no
Q5XG92	T433A	benign	98.2	no
Q5XG92	T532A	benign	95.9	no
Q63ZE4	A265V	benign	93.4	no
Q63ZE4	I511V	benign	94.8	no
Q63ZE4	L180F	benign	95.4	no
Q63ZE4	V388L	benign	95.7	no
Q658N2	A202V	benign	86.2	no
Q658N2	M87V	benign	31.7	no
Q658N2	P238L	benign	49.9	no
Q658N2	R303Q	benign	83.9	no
Q68CR1	A465V	benign	72.9	no
Q68CR1	F267L	benign	92.9	no
Q68CR1	I548V	benign	80.3	no
Q68CR1	L21P	benign	25.1	no
Q68CR1	N303S	benign	91.0	no
Q68CR1	P1128L	benign	35.4	no
Q68CR1	Q107R	benign	85.3	no
Q68CR1	R233Q	benign	74.2	no
Q68CR1	R271Q	benign	86.0	no
Q68CR1	R424H	benign	90.6	no
Q68CR1	S531L	benign	89.5	no
Q68CR1	T1101P	benign	25.9	no
Q68CR1	T1103A	benign	29.1	no
Q68CR1	T562M	benign	97.2	no
Q68CR1	T657A	benign	87.6	no
Q68CR1	V558I	benign	95.7	no
Q68CR1	V96I	benign	87.1	no
Q68CR1	W1054C	benign	83.8	no
Q68DY1	M77I	benign	29.3	no
Q68DY1	R479K	benign	88.3	no
Q68DY1	Y326S	benign	85.6	no
Q6DCA0	A82P	benign	39.8	no
Q6DCA0	S57G	benign	33.2	no
Q6IE38	R33H	benign	85.4	no
Q6IEZ7	A76V	benign	96.8	no
Q6IEZ7	F154S	benign	97.4	no
Q6IEZ7	K13R	benign	57.0	no
Q6IF42	A23E	benign	88.6	no
Q6IF42	E270Q	benign	79.6	no
Q6IF42	M272I	benign	83.2	no
Q6IF42	Q87K	benign	75.2	no
Q6IF42	S52C	benign	88.8	no
Q6IF42	T146M	benign	98.2	no
Q6IF63	A129V	benign	94.9	yes
Q6IF63	I258V	benign	91.7	yes
Q6IF63	R268H	benign	77.6	yes
Q6IF63	R95Q	benign	94.8	no
Q6IF63	V35A	benign	91.9	no
Q6IFG1	L261F	benign	76.3	no
Q6IFG1	L47V	benign	90.9	no
Q6IFG1	R264C	benign	76.2	yes
Q6IFG1	V39I	benign	92.4	no
Q6IFN5	D191A	benign	88.1	no
Q6IFN5	S134T	benign	97.9	no
Q6IFN5	S289G	benign	78.8	yes
Q6MZZ7	A240V	benign	88.4	no
Q6MZZ7	D407N	benign	78.0	no
Q6MZZ7	E279K	benign	60.2	no
Q6MZZ7	E332Q	benign	87.2	yes
Q6MZZ7	M447V	benign	89.4	no
Q6MZZ7	N59S	benign	87.1	no
Q6MZZ7	R156H	benign	90.7	no
Q6MZZ7	R33Q	benign	96.5	no
Q6MZZ7	R353K	benign	78.9	no
Q6MZZ7	R443C	benign	83.0	no
Q6MZZ7	T34M	benign	97.2	no
Q6NT32	A161T	benign	98.6	no
Q6NT32	A287D	benign	97.4	no
Q6NT32	A455T	benign	96.9	no
Q6NT32	D82N	benign	92.6	no
Q6NT32	E211K	benign	98.4	no
Q6NT32	I236V	benign	98.6	no
Q6NT32	K298E	benign	94.2	no
Q6NVV3	S98N	benign	84.7	no
Q6NXP6	I209T	benign	95.5	no
Q6NXP6	I66T	benign	38.2	no
Q6NXP6	L119F	benign	96.8	no
Q6NXP6	N233K	benign	95.4	no
Q6NXP6	S105N	benign	96.6	no
Q6NXP6	V208I	benign	95.4	no
Q6P2M8	A38S	benign	91.5	no
Q6P2M8	R266Q	benign	98.3	no
Q6P2M8	R289Q	benign	87.2	no
Q6P3V2	A769T	benign	69.1	no
Q6P3V2	K134E	benign	49.0	no
Q6P3V2	N525S	benign	91.7	no
Q6P3V2	Q94H	benign	28.8	no
Q6P3V2	S112T	benign	20.2	no
Q6P3X8	I520V	benign	98.3	no
Q6PIV7	A189T	benign	79.1	no
Q6PIV7	F53L	benign	84.8	no
Q6PIV7	H51R	benign	84.3	no
Q6PIV7	K197E	benign	85.6	no
Q6PIV7	Q168R	benign	84.9	no
Q6PIV7	R260Q	benign	90.8	no
Q6PIV7	R48Q	benign	85.1	no
Q6PP77	R430Q	benign	31.5	no
Q6PP77	T413A	benign	62.9	no
Q6PP77	V448I	benign	36.6	no
Q6Q6R5	V174I	benign	90.1	no
Q6T423	A41T	benign	93.7	no
Q6T423	F174L	benign	94.6	no
Q6T423	G187D	benign	95.2	no
Q6T423	I463V	benign	73.4	no
Q6T423	I59V	benign	53.9	no
Q6T423	K87M	benign	90.6	no
Q6T423	K97E	benign	78.3	no
Q6T423	L181F	benign	96.2	no
Q6T423	L524P	benign	75.1	no
Q6T423	R494P	benign	87.1	no
Q6T423	S360N	benign	95.8	no
Q6T423	S404N	benign	86.3	no
Q6T423	T389I	benign	94.6	no
Q6T423	T453A	benign	88.1	no
Q6T423	Y32H	benign	94.1	no
Q6UDR6	E88Q	benign	95.0	no
Q6UDR6	R87C	benign	96.1	no
Q6UWF9	T133A	benign	97.8	no
Q6UWF9	V153L	benign	98.5	no
Q6UWL2	A646T	benign	52.5	no
Q6UWL2	E590K	benign	83.1	no
Q6UWL2	G260S	benign	85.9	no
Q6UWL2	Q201E	benign	90.6	no
Q6UWL2	R203H	benign	89.9	no
Q6UWL2	R246Q	benign	85.4	no
Q6UWL2	R263H	benign	90.1	no
Q6UWL2	R319G	benign	58.6	no
Q6UWL2	T175I	benign	88.1	no
Q6UWL2	V370M	benign	86.3	no
Q6UWL2	V38I	benign	72.1	no
Q6UWQ5	A17T	benign	61.2	no
Q6UWQ5	R85H	benign	90.4	no
Q6UWU2	H634R	benign	35.3	no
Q6UWU2	R10P	benign	42.2	no
Q6UWU2	R230Q	benign	95.0	no
Q6UWU2	R393H	benign	93.4	no
Q6UWU2	V475L	benign	98.7	no
Q6UWY5	E385D	benign	87.6	no
Q6UWY5	I112V	benign	53.8	no
Q6UX27	P26L	benign	91.0	no
Q6UX27	V59M	benign	98.6	no
Q6UXD7	A167T	benign	91.6	no
Q6UXD7	L61F	benign	85.5	no
Q6UXD7	P193L	benign	90.6	no
Q6UXD7	P456S	benign	43.5	no
Q6UXD7	R96C	benign	90.9	no
Q6UXD7	V175I	benign	94.2	yes
Q6UXD7	V56I	benign	86.6	no
Q6UXH9	M401T	benign	84.8	no
Q6UXH9	M514V	benign	93.9	no
Q6UXH9	R190S	benign	90.0	no
Q6UXH9	R270H	benign	87.6	no
Q6UXV1	L192F	benign	93.9	no
Q6UXV1	P183L	benign	54.9	no
Q6UXV1	V172M	benign	56.6	no
Q6UXV1	V206L	benign	96.6	no
Q6UY09	A189V	benign	95.9	no
Q6UY09	I60T	benign	42.5	no
Q6UY09	R332Q	benign	94.8	no
Q6UY09	R386H	benign	95.3	no
Q6UY18	Q77R	benign	83.2	no
Q6UY18	V518M	benign	35.2	no
Q6UYE1	R77G	benign	45.6	no
Q6XE38	F71L	benign	92.5	no
Q6ZNQ3	V247I	benign	78.5	no
Q6ZNQ3	V299I	benign	73.7	no
Q6ZRR5	V93I	benign	97.5	no
Q6ZSI9	A478G	benign	94.2	no
Q6ZSI9	C287R	benign	92.3	no
Q6ZSI9	E400D	benign	34.9	no
Q6ZSI9	G190S	benign	94.8	no
Q6ZSI9	G22R	benign	52.8	no
Q6ZSI9	G351R	benign	50.0	no
Q6ZSI9	G351W	benign	50.0	no
Q6ZSI9	H469R	benign	66.1	no
Q6ZSI9	H469Y	benign	66.1	no
Q6ZSI9	N567S	benign	92.9	no
Q6ZSI9	R326Q	benign	92.8	no
Q6ZSI9	R437C	benign	91.2	no
Q6ZSI9	R667C	benign	86.6	no
Q6ZSI9	T334A	benign	94.1	no
Q6ZSI9	V211M	benign	91.7	no
Q6ZSI9	V356I	benign	89.4	no
Q6ZST4	A75V	benign	91.0	no
Q6ZST4	E55K	benign	94.8	no
Q6ZST4	G45R	benign	83.8	no
Q6ZST4	M89T	benign	93.7	no
Q6ZTA4	V196A	benign	37.8	no
Q6ZTZ1	G22S	benign	37.8	no
Q6ZTZ1	G6R	benign	49.5	no
Q6ZTZ1	G6R	benign	49.5	no
Q6ZUA9	A512V	benign	79.4	no
Q6ZUA9	G1137R	benign	85.1	no
Q6ZUA9	G154R	benign	79.2	no
Q6ZUA9	G861S	benign	43.2	no
Q6ZUA9	K1026E	benign	88.7	no
Q6ZUA9	K668R	benign	61.9	no
Q6ZUA9	L673S	benign	43.0	no
Q6ZUA9	R202Q	benign	85.1	no
Q6ZUA9	R50C	benign	27.0	no
Q6ZUA9	R651H	benign	87.6	no
Q6ZUA9	R783C	benign	84.3	no
Q6ZUA9	T539M	benign	29.1	no
Q6ZUA9	V1123I	benign	83.7	no
Q6ZUA9	V531M	benign	30.2	no
Q6ZUA9	V765I	benign	88.2	no
Q6ZUK4	Q199E	benign	85.7	no
Q6ZUK4	S319P	benign	82.6	no
Q6ZUK4	V261I	benign	93.8	no
Q6ZV89	R335H	benign	96.0	no
Q6ZVW7	A298T	benign	90.5	no
Q6ZVW7	G316S	benign	87.1	no
Q6ZVW7	R124Q	benign	67.1	no
Q6ZVX9	A19T	benign	39.0	no
Q6ZWI9	D125N	benign	53.9	no
Q6ZWI9	V13I	benign	93.3	no
Q7RTY8	A602T	benign	33.6	no
Q7RTY8	I144V	benign	94.2	no
Q7RTY8	K787R	benign	61.8	no
Q7RTY8	R185H	benign	70.1	no
Q7Z402	A82T	benign	45.2	no
Q7Z402	C527W	benign	71.8	no
Q7Z402	F658L	benign	89.9	no
Q7Z402	G437D	benign	71.1	no
Q7Z410	A230G	benign	97.4	no
Q7Z410	A28V	benign	32.2	no
Q7Z410	A449T	benign	34.9	no
Q7Z410	K16N	benign	33.2	no
Q7Z410	R153Q	benign	60.0	no
Q7Z410	R73Q	benign	68.4	no
Q7Z410	V11M	benign	28.5	no
Q7Z410	V40I	benign	32.0	no
Q7Z4L9	C149S	benign	98.6	no
Q7Z5M8	C128R	benign	94.0	no
Q7Z5M8	M43T	benign	73.6	no
Q7Z5M8	P12L	benign	43.5	no
Q7Z5M8	R320C	benign	97.9	no
Q7Z5M8	V307L	benign	92.0	no
Q86SM5	R40H	benign	87.1	no
Q86SM5	R64H	benign	95.0	no
Q86SM5	V124I	benign	95.2	no
Q86SM5	V65M	benign	93.9	no
Q86TD4	A55V	benign	89.4	no
Q86TE4	R235Q	benign	39.7	no
Q86U17	N56S	benign	96.3	no
Q86U17	Q294R	benign	96.5	no
Q86U17	R120Q	benign	96.9	no
Q86U17	R146Q	benign	87.5	no
Q86U17	R150Q	benign	93.1	no
Q86U17	V242I	benign	97.0	no
Q86UD7	K155N	benign	82.4	no
Q86UD7	L82F	benign	94.1	no
Q86UD7	R109Q	benign	94.3	no
Q86UD7	V60I	benign	83.2	no
Q86UE3	R187G	benign	31.5	no
Q86UE3	R30W	benign	35.2	yes
Q86UE3	R432H	benign	85.7	no
Q86UE3	R707Q	benign	86.2	no
Q86UV7	P185L	benign	96.0	no
Q86V85	D309G	benign	61.1	no
Q86V85	M271I	benign	48.5	no
Q86V85	M296I	benign	87.6	yes
Q86V85	S350N	benign	83.0	no
Q86V85	S382N	benign	81.6	no
Q86VH4	F52L	benign	92.9	no
Q86VS3	D750E	benign	81.4	no
Q86VS3	G38R	benign	44.7	yes
Q86VS3	I130V	benign	26.7	no
Q86VS3	I593V	benign	97.8	no
Q86VS3	K1004E	benign	82.8	no
Q86VS3	M499T	benign	87.9	no
Q86VS3	N751S	benign	85.3	no
Q86VS3	R185K	benign	52.4	no
Q86VS3	R207H	benign	40.3	no
Q86VS3	R219Q	benign	27.7	no
Q86VS3	R236S	benign	23.5	no
Q86VS3	R242K	benign	25.1	no
Q86VS3	R310K	benign	89.0	no
Q86VS3	R907K	benign	93.3	no
Q86VS3	S887N	benign	36.9	no
Q86VS3	T211A	benign	37.8	no
Q86VS3	V789M	benign	97.2	no
Q86VS3	Y674H	benign	93.2	no
Q86W25	D389E	benign	81.8	no
Q86W25	D64N	benign	77.3	no
Q86W25	F519L	benign	87.4	no
Q86W25	G529R	benign	63.9	no
Q86W25	K199E	benign	49.8	no
Q86W25	L125P	benign	32.8	no
Q86W25	N821S	benign	90.8	no
Q86W25	P438Q	benign	67.1	no
Q86W25	R392W	benign	88.1	no
Q86W25	R637Q	benign	87.8	no
Q86W25	R657H	benign	81.8	no
Q86W25	S208T	benign	63.7	no
Q86W25	S547F	benign	93.1	no
Q86W25	T535I	benign	86.9	no
Q86WN1	R269H	benign	93.0	no
Q86WN1	R483H	benign	80.5	no
Q86WN2	K145N	benign	96.8	no
Q86WN2	Q51H	benign	89.8	no
Q86WN2	R149Q	benign	97.4	no
Q86WN2	T106M	benign	85.9	no
Q86XH1	A327P	benign	69.9	no
Q86XH1	V321I	benign	67.5	no
Q86XH1	V47I	benign	93.8	no
Q8IUA0	E129K	benign	91.0	no
Q8IUA0	H14Y	benign	39.3	no
Q8IUA0	R241H	benign	64.6	no
Q8IUF1	A8V	benign	37.8	no
Q8IUF1	T386A	benign	49.2	no
Q8IWD5	A254V	benign	95.9	no
Q8IWD5	G114S	benign	32.3	no
Q8IWD5	G220R	benign	31.2	no
Q8IWD5	I339T	benign	91.9	no
Q8IWD5	P214T	benign	27.4	no
Q8IWD5	R244W	benign	92.6	no
Q8IWD5	R486H	benign	78.9	no
Q8IWD5	S554L	benign	65.2	no
Q8IWD5	T431M	benign	87.8	no
Q8IWD5	W349R	benign	53.9	no
Q8IYP2	R63Q	benign	98.2	no
Q8IYP2	T109R	benign	98.6	no
Q8IZ02	A270V	benign	95.9	yes
Q8IZ02	N121K	benign	85.6	no
Q8IZ02	R260H	benign	98.3	no
Q8IZ02	R423H	benign	97.6	no
Q8IZP7	H420L	benign	96.1	no
Q8IZS8	E809G	benign	63.9	no
Q8IZS8	L940F	benign	68.6	no
Q8IZS8	T468A	benign	41.5	no
Q8IZS8	T732M	benign	90.3	no
Q8N0Y3	A228T	benign	81.8	no
Q8N0Y3	A78P	benign	88.9	no
Q8N0Y3	L61F	benign	92.8	no
Q8N0Y3	L86F	benign	85.7	no
Q8N0Y3	M270V	benign	81.8	no
Q8N0Y3	R128Q	benign	87.8	no
Q8N0Z9	D498G	benign	32.7	no
Q8N0Z9	Q111R	benign	85.1	no
Q8N0Z9	Q168R	benign	93.6	no
Q8N0Z9	R360H	benign	91.3	no
Q8N0Z9	V162M	benign	89.8	no
Q8N146	A11P	benign	66.4	no
Q8N146	D7N	benign	40.0	no
Q8N146	M154I	benign	98.1	no
Q8N146	M197I	benign	91.4	yes
Q8N146	S220F	benign	95.6	no
Q8N148	N179S	benign	90.8	no
Q8N148	R136W	benign	94.0	yes
Q8N148	S231G	benign	65.9	no
Q8N1S5	A105T	benign	42.2	no
Q8N1S5	F116L	benign	40.7	no
Q8N1S5	R38Q	benign	90.8	no
Q8N1S5	V31I	benign	91.2	no
Q8N6M6	S103N	benign	29.5	no
Q8N6Y2	D55E	benign	91.5	no
Q8N6Y2	G38S	benign	28.2	no
Q8N6Y2	S25G	benign	23.5	no
Q8N7C7	N257S	benign	86.9	no
Q8N7C7	S166L	benign	95.9	no
Q8N7C7	T264I	benign	88.4	no
Q8N806	L114F	benign	96.1	no
Q8N806	L296F	benign	75.8	no
Q8N806	R249Q	benign	35.4	no
Q8N806	R98H	benign	97.6	no
Q8N806	V156I	benign	97.4	no
Q8N815	G3R	benign	38.1	no
Q8N815	R104T	benign	63.1	no
Q8N815	R137Q	benign	65.8	no
Q8N815	R46Q	benign	71.9	yes
Q8N819	G407R	benign	56.3	no
Q8N819	P94L	benign	92.1	no
Q8N819	R51C	benign	89.1	no
Q8N8J6	Y74H	benign	31.5	no
Q8N8M0	D235E	benign	95.7	no
Q8N8M0	G194R	benign	97.5	no
Q8N8M0	T21A	benign	31.1	no
Q8N972	H420Y	benign	92.8	no
Q8N972	R492Q	benign	91.4	no
Q8N988	V5I	benign	41.9	no
Q8N9V2	A155V	benign	96.9	no
Q8N9V2	R147C	benign	97.9	no
Q8NA75	L279F	benign	95.4	no
Q8NA75	N24S	benign	58.4	yes
Q8NA75	N313S	benign	91.1	no
Q8NA75	S315F	benign	86.6	no
Q8NA75	S3N	benign	78.9	no
Q8NAB2	R416Q	benign	75.4	no
Q8NBV4	L223F	benign	97.8	no
Q8NBV8	F115I	benign	91.1	no
Q8NBV8	K286R	benign	91.8	no
Q8NBV8	P322Q	benign	73.7	no
Q8NBV8	R203H	benign	94.8	no
Q8NBV8	R259C	benign	74.9	no
Q8NC67	S456T	benign	36.7	no
Q8NCI6	A325T	benign	97.4	yes
Q8NCI6	E36K	benign	29.7	no
Q8NCI6	F389L	benign	97.1	no
Q8NCI6	H627R	benign	97.9	no
Q8NCI6	I194T	benign	97.7	no
Q8NCI6	M40I	benign	45.4	yes
Q8NCI6	N38S	benign	32.0	no
Q8NCI6	Q525R	benign	97.1	no
Q8NCI6	R434H	benign	96.6	no
Q8NCI6	R503Q	benign	97.1	no
Q8NCI6	T652M	benign	97.1	no
Q8ND07	D220N	benign	75.8	no
Q8ND71	K115E	benign	91.7	no
Q8ND71	K205R	benign	53.8	no
Q8ND71	M562V	benign	95.7	no
Q8ND71	N173D	benign	80.7	no
Q8ND71	Q499L	benign	69.9	no
Q8ND71	R187C	benign	93.5	no
Q8ND71	R509Q	benign	77.2	no
Q8ND71	S461R	benign	93.5	no
Q8ND71	T195M	benign	92.6	no
Q8ND71	T44I	benign	50.6	no
Q8ND71	T557M	benign	89.9	no
Q8NE00	R101Q	benign	41.8	no
Q8NE28	F582L	benign	93.2	no
Q8NE28	G19R	benign	31.9	no
Q8NE28	G526A	benign	94.8	no
Q8NE28	G677R	benign	26.8	no
Q8NE28	L432I	benign	94.1	no
Q8NE28	L679R	benign	29.1	no
Q8NE28	Q33R	benign	91.8	no
Q8NE28	R554Q	benign	93.5	no
Q8NE28	T443I	benign	80.2	no
Q8NEA4	G181E	benign	72.1	no
Q8NEA4	P51S	benign	94.1	no
Q8NEA4	V149M	benign	84.8	no
Q8NFQ5	A210T	benign	93.2	no
Q8NFQ5	A212T	benign	96.0	no
Q8NFQ5	A242T	benign	77.9	no
Q8NFQ5	M156V	benign	72.9	yes
Q8NFQ5	R123Q	benign	95.1	no
Q8NFQ5	V203I	benign	97.3	no
Q8NFQ5	W345R	benign	75.6	no
Q8NFQ5	W345R	benign	75.6	no
Q8NFQ6	A105V	benign	97.2	no
Q8NFQ6	V299A	benign	90.3	no
Q8NG06	K274R	benign	84.0	no
Q8NG06	N163S	benign	97.7	no
Q8NG35	I4N	benign	77.3	no
Q8NG35	P34S	benign	45.8	no
Q8NG76	G297E	benign	87.8	no
Q8NG76	K291R	benign	72.6	no
Q8NG76	S41A	benign	95.4	no
Q8NG76	V160A	benign	95.3	no
Q8NG77	G253A	benign	74.3	yes
Q8NG77	V159A	benign	95.2	no
Q8NG77	V97A	benign	96.9	no
Q8NG83	I207L	benign	86.2	yes
Q8NG83	L246M	benign	91.8	no
Q8NG83	R3W	benign	38.5	no
Q8NG83	S190N	benign	84.6	no
Q8NG85	G310V	benign	71.6	no
Q8NG85	H226R	benign	94.2	no
Q8NG85	T279I	benign	92.1	no
Q8NG95	A37V	benign	96.6	no
Q8NG95	F13L	benign	84.9	no
Q8NG95	R220Q	benign	96.3	no
Q8NG95	V151I	benign	97.6	no
Q8NG95	V49I	benign	94.6	no
Q8NGA1	A133T	benign	92.0	no
Q8NGA1	A150V	benign	98.1	no
Q8NGA1	G88R	benign	85.5	no
Q8NGA1	M117V	benign	97.2	no
Q8NGB4	A143V	benign	97.8	no
Q8NGB4	D230G	benign	79.8	no
Q8NGB4	E20D	benign	81.1	no
Q8NGB4	I69V	benign	97.9	no
Q8NGB4	I76T	benign	94.9	no
Q8NGB4	L249F	benign	91.3	yes
Q8NGB4	S225N	benign	84.2	no
Q8NGB4	V7A	benign	88.2	no
Q8NGB9	R21W	benign	82.9	no
Q8NGB9	V107A	benign	96.4	no
Q8NGD1	D191N	benign	91.5	no
Q8NGD1	R10T	benign	89.2	no
Q8NGD3	F322L	benign	51.5	no
Q8NGE8	C254S	benign	88.2	no
Q8NGE8	R21Q	benign	88.7	no
Q8NGE8	R310K	benign	64.3	no
Q8NGE9	R141C	benign	97.7	no
Q8NGF1	G218S	benign	93.1	no
Q8NGF1	G303R	benign	69.9	no
Q8NGF1	L254F	benign	87.2	no
Q8NGF1	Q27H	benign	85.9	no
Q8NGF1	T37M	benign	93.2	no
Q8NGF1	V222M	benign	92.4	no
Q8NGF8	L141F	benign	98.2	no
Q8NGG0	N298K	benign	81.2	no
Q8NGG4	A83E	benign	93.2	no
Q8NGG6	T35M	benign	96.8	no
Q8NGG6	V108I	benign	96.4	yes
Q8NGG6	V204I	benign	91.4	no
Q8NGG6	V38M	benign	97.1	no
Q8NGH3	H181Q	benign	93.4	no
Q8NGH3	L48F	benign	97.7	no
Q8NGH3	R70H	benign	89.7	no
Q8NGH3	S228F	benign	94.1	no
Q8NGI0	M228T	benign	93.4	no
Q8NGI2	I293V	benign	92.3	no
Q8NGI2	S219F	benign	98.0	no
Q8NGI2	V146A	benign	98.2	no
Q8NGI2	Y319C	benign	37.7	no
Q8NGI4	I68V	benign	96.5	no
Q8NGI4	M150V	benign	98.1	no
Q8NGI4	T224M	benign	81.1	no
Q8NGI6	H64R	benign	95.6	yes
Q8NGI6	I107L	benign	96.6	no
Q8NGI6	L285M	benign	88.4	no
Q8NGI6	M267T	benign	83.2	no
Q8NGI6	R21Q	benign	90.1	no
Q8NGI6	R21W	benign	90.1	no
Q8NGI9	G311R	benign	47.5	no
Q8NGI9	M30V	benign	95.6	no
Q8NGI9	V285M	benign	90.2	no
Q8NGJ8	A213V	benign	76.8	no
Q8NGJ8	T279A	benign	76.9	no
Q8NGK4	Q92R	benign	96.0	no
Q8NGK5	H175R	benign	92.3	no
Q8NGK5	R153Q	benign	96.6	no
Q8NGK5	R317K	benign	38.2	no
Q8NGK5	V126M	benign	93.9	no
Q8NGK6	D231G	benign	93.2	no
Q8NGK6	D56N	benign	72.2	no
Q8NGK6	L305R	benign	56.3	no
Q8NGK6	T158I	benign	97.2	no
Q8NGK6	V152I	benign	97.6	no
Q8NGL0	G306S	benign	77.2	no
Q8NGL0	K299E	benign	86.9	no
Q8NGL0	K3E	benign	53.5	no
Q8NGL0	K88E	benign	81.6	no
Q8NGL0	N298K	benign	84.2	no
Q8NGL0	R54Q	benign	88.8	no
Q8NGL0	Y257S	benign	85.9	no
Q8NGL1	C168S	benign	87.3	no
Q8NGL1	H270Q	benign	71.0	no
Q8NGL1	N37S	benign	95.6	no
Q8NGL1	R230H	benign	92.1	no
Q8NGL1	V143A	benign	98.1	no
Q8NGL4	F202I	benign	91.2	yes
Q8NGL4	F35S	benign	95.5	no
Q8NGN0	V257I	benign	90.5	no
Q8NGN1	V249I	benign	76.9	no
Q8NGN1	V84I	benign	78.1	no
Q8NGN5	A23T	benign	93.2	no
Q8NGN5	A4T	benign	55.8	no
Q8NGN5	C119Y	benign	94.6	no
Q8NGN5	C222Y	benign	93.6	no
Q8NGN5	H234R	benign	85.6	no
Q8NGN5	R115T	benign	95.8	no
Q8NGN5	R228H	benign	89.8	no
Q8NGN5	S133R	benign	94.7	no
Q8NGN5	S146G	benign	98.3	no
Q8NGN5	S2T	benign	45.9	no
Q8NGP6	I308K	benign	69.4	no
Q8NGP6	M56T	benign	91.5	no
Q8NGP6	Q234H	benign	91.9	no
Q8NGP6	T230A	benign	92.6	no
Q8NGP8	R193H	benign	95.0	no
Q8NGP8	V77I	benign	93.9	no
Q8NGQ6	S190N	benign	85.6	no
Q8NGR1	A234V	benign	96.9	no
Q8NGR1	A75T	benign	92.9	no
Q8NGR1	S102G	benign	88.3	no
Q8NGR1	T178M	benign	95.8	yes
Q8NGR3	A75T	benign	93.6	no
Q8NGR3	R166H	benign	88.8	no
Q8NGR3	R273H	benign	74.2	no
Q8NGR6	R240H	benign	85.7	no
Q8NGR6	R97H	benign	94.9	no
Q8NGR6	V164I	benign	93.4	yes
Q8NGR8	V273M	benign	81.2	no
Q8NGR8	V35M	benign	94.6	no
Q8NGS0	I263V	benign	55.4	no
Q8NGS1	A228V	benign	82.9	no
Q8NGS1	A95G	benign	94.1	no
Q8NGS1	H54N	benign	91.4	no
Q8NGS1	I71V	benign	96.7	no
Q8NGS1	L245F	benign	92.9	no
Q8NGS1	R131H	benign	95.6	no
Q8NGS1	T309I	benign	75.6	no
Q8NGT1	I50V	benign	89.8	no
Q8NGT1	R143Q	benign	97.6	no
Q8NGT1	T189A	benign	86.6	no
Q8NGT2	A201V	benign	92.9	no
Q8NGT2	A301T	benign	71.9	yes
Q8NGT2	G253S	benign	86.6	no
Q8NGT2	R89Q	benign	77.6	no
Q8NGT2	T118M	benign	93.6	no
Q8NGT2	T68I	benign	91.6	no
Q8NGT2	V59M	benign	83.4	no
Q8NGV0	R172Q	benign	91.9	no
Q8NGV0	T230M	benign	89.7	no
Q8NGX1	T214A	benign	90.3	no
Q8NGX5	R131H	benign	94.9	no
Q8NGX8	R16H	benign	92.6	no
Q8NGY1	P194L	benign	93.1	no
Q8NGY1	R302K	benign	70.3	no
Q8NGY1	T151I	benign	98.2	yes
Q8NGY1	V258M	benign	82.2	yes
Q8NGY5	R173H	benign	90.5	no
Q8NGZ5	P118L	benign	91.0	no
Q8NGZ9	A163T	benign	94.9	no
Q8NGZ9	V231A	benign	92.3	no
Q8NGZ9	V307M	benign	69.6	no
Q8NH01	R135H	benign	92.8	no
Q8NH01	R224C	benign	90.7	no
Q8NH01	T10I	benign	93.9	no
Q8NH04	I154V	benign	92.8	no
Q8NH04	I31V	benign	95.4	no
Q8NH04	K139R	benign	95.0	no
Q8NH04	R69M	benign	94.8	no
Q8NH04	V124I	benign	95.6	no
Q8NH16	G111A	benign	96.9	no
Q8NH16	I135M	benign	95.0	yes
Q8NH16	I272V	benign	92.2	no
Q8NH16	M283V	benign	94.2	no
Q8NH42	N172S	benign	90.1	no
Q8NH42	R232G	benign	55.8	no
Q8NH49	A132V	benign	94.2	no
Q8NH49	I171V	benign	92.4	no
Q8NH49	M172I	benign	92.9	no
Q8NH49	R137Q	benign	96.4	no
Q8NH56	A234V	benign	90.2	no
Q8NH56	G27D	benign	82.9	no
Q8NH56	I284V	benign	88.4	no
Q8NH56	L237F	benign	87.2	no
Q8NH56	L37F	benign	87.4	no
Q8NH61	R237Q	benign	96.1	no
Q8NH64	R296Q	benign	63.0	no
Q8NH64	S54L	benign	88.1	no
Q8NH64	V84I	benign	92.2	no
Q8NH70	A199V	benign	92.4	no
Q8NH70	I243T	benign	91.2	no
Q8NH70	I34F	benign	95.1	no
Q8NH70	S4N	benign	62.8	no
Q8NH70	V7I	benign	81.7	no
Q8NH72	A154T	benign	96.7	no
Q8NH72	L67S	benign	96.8	no
Q8NH72	R231Q	benign	86.9	no
Q8NH72	T188M	benign	88.6	no
Q8NH72	Y33C	benign	95.0	no
Q8NH73	R136Q	benign	95.2	no
Q8NH79	I153T	benign	95.8	yes
Q8NH79	M92I	benign	91.9	no
Q8NH79	M92T	benign	91.9	no
Q8NH79	T158M	benign	94.1	yes
Q8NH83	A155V	benign	93.8	no
Q8NH83	M147V	benign	98.2	yes
Q8NH83	R292K	benign	80.4	no
Q8NH83	S280N	benign	89.1	no
Q8NH85	R165H	benign	90.4	no
Q8NH85	V161I	benign	95.4	no
Q8NH90	I154L	benign	95.8	no
Q8NH90	I208M	benign	92.6	no
Q8NH90	M40V	benign	91.2	no
Q8NH90	R143H	benign	96.1	no
Q8NH90	V303L	benign	71.1	no
Q8NH90	Y13C	benign	81.6	no
Q8NH94	L86S	benign	96.6	no
Q8NHC8	L8F	benign	48.8	no
Q8NHC8	M246T	benign	91.9	no
Q8NHC8	M39V	benign	96.9	no
Q8NHC8	R131H	benign	95.6	no
Q8NHY5	A84S	benign	95.4	no
Q8NHY5	D76N	benign	89.2	no
Q8NHY5	Q212K	benign	56.4	no
Q8NHY5	R230Q	benign	96.2	no
Q8NHY5	S177G	benign	92.5	no
Q8NHY5	S177T	benign	92.5	no
Q8NHY5	V136L	benign	93.1	no
Q8TAQ9	K4R	benign	48.7	no
Q8TAQ9	M144T	benign	59.0	no
Q8TAQ9	V166M	benign	77.3	no
Q8TCU3	A447V	benign	74.6	no
Q8TCU3	D281N	benign	91.2	no
Q8TCU3	E470K	benign	30.7	no
Q8TCU3	F123L	benign	88.1	no
Q8TCU3	F181Y	benign	91.6	no
Q8TCU3	G408C	benign	86.9	no
Q8TCU3	I72M	benign	94.4	no
Q8TCU3	L201F	benign	90.1	no
Q8TCU3	L270F	benign	92.5	no
Q8TCU3	L330F	benign	85.4	no
Q8TCU3	L464I	benign	81.4	no
Q8TCU3	M452T	benign	81.8	no
Q8TCU3	N361S	benign	82.6	no
Q8TCU3	N45K	benign	92.9	no
Q8TCU3	N96K	benign	92.7	no
Q8TCU3	P391H	benign	84.4	no
Q8TCU3	R151L	benign	85.9	yes
Q8TCU3	R267K	benign	91.8	no
Q8TCU3	R380K	benign	94.8	no
Q8TCU3	S397P	benign	94.6	no
Q8TCU3	V249M	benign	94.8	no
Q8TD33	R5C	benign	60.8	yes
Q8TDF5	A12T	benign	41.4	no
Q8TDF5	A171V	benign	92.8	no
Q8TDF5	A487G	benign	31.8	no
Q8TDF5	I186V	benign	93.8	no
Q8TDI8	A250T	pathogenic	84.8	no
Q8TDI8	C420Y	pathogenic	84.4	no
Q8TDI8	C515F	pathogenic	88.8	no
Q8TDI8	C515R	pathogenic	88.8	no
Q8TDI8	D543N	pathogenic	84.6	no
Q8TDI8	D572H	pathogenic	77.5	no
Q8TDI8	D572N	pathogenic	77.5	no
Q8TDI8	D684H	pathogenic	79.7	no
Q8TDI8	E679K	pathogenic	79.3	no
Q8TDI8	E81K	benign	39.6	no
Q8TDI8	F189L	pathogenic	92.4	no
Q8TDI8	G197R	pathogenic	93.8	no
Q8TDI8	G218V	pathogenic	83.1	no
Q8TDI8	G258S	pathogenic	90.1	no
Q8TDI8	G267E	pathogenic	80.1	no
Q8TDI8	G267V	pathogenic	80.1	no
Q8TDI8	G417E	pathogenic	75.9	no
Q8TDI8	G417R	pathogenic	75.9	no
Q8TDI8	G444E	pathogenic	84.1	no
Q8TDI8	I177T	pathogenic	87.2	no
Q8TDI8	I266T	pathogenic	82.0	no
Q8TDI8	I677T	pathogenic	82.4	no
Q8TDI8	K65E	benign	73.0	no
Q8TDI8	L205P	pathogenic	94.4	no
Q8TDI8	M340T	benign	82.8	no
Q8TDI8	M418K	pathogenic	76.5	no
Q8TDI8	M486T	benign	82.4	no
Q8TDI8	N199S	pathogenic	95.8	no
Q8TDI8	N576K	pathogenic	84.6	no
Q8TDI8	N583K	pathogenic	87.7	no
Q8TDI8	P225L	pathogenic	82.9	no
Q8TDI8	P421L	pathogenic	81.8	no
Q8TDI8	P511L	pathogenic	83.8	no
Q8TDI8	Q584R	pathogenic	92.5	no
Q8TDI8	R365K	pathogenic	89.5	no
Q8TDI8	R389Q	pathogenic	80.9	no
Q8TDI8	R445L	pathogenic	86.7	no
Q8TDI8	S288G	pathogenic	92.0	no
Q8TDI8	S379N	pathogenic	84.6	no
Q8TDI8	S596R	pathogenic	92.3	no
Q8TDI8	S647P	pathogenic	86.6	no
Q8TDI8	S668G	pathogenic	87.2	no
Q8TDI8	W588C	pathogenic	92.4	no
Q8TDI8	Y259C	pathogenic	90.0	no
Q8TDI8	Y433C	pathogenic	76.3	no
Q8TDI8	Y433S	pathogenic	76.3	no
Q8TDI8	Y455H	pathogenic	77.1	no
Q8TDW4	G571D	benign	31.8	no
Q8TDW4	L511F	benign	69.1	no
Q8TDW4	T489M	benign	83.2	no
Q8TDW4	T87S	benign	89.1	no
Q8TDW4	Y472H	benign	56.3	no
Q8TE57	A194S	benign	29.0	no
Q8TE57	A36S	benign	35.5	no
Q8TE57	G192S	benign	38.2	no
Q8TE57	M906T	benign	79.4	no
Q8TE57	R239H	benign	33.3	no
Q8TE57	V203I	benign	81.8	no
Q8TE57	V734I	benign	89.7	no
Q8TE57	V851I	benign	93.1	no
Q8TE82	A375V	benign	54.8	no
Q8TE82	A605T	benign	89.1	no
Q8TE82	A63T	benign	30.1	no
Q8TE82	A763T	benign	85.4	no
Q8TE82	C1018R	benign	82.2	no
Q8TE82	G939R	benign	71.1	no
Q8TE82	G980D	benign	82.4	no
Q8TE82	I824V	benign	84.2	no
Q8TE82	R1084Q	benign	91.2	no
Q8TE82	R531C	benign	57.8	no
Q8TE82	R738Q	benign	63.2	no
Q8TE82	R852Q	benign	86.8	no
Q8TE82	R894Q	benign	92.9	no
Q8TE82	S436G	benign	47.7	no
Q8TE82	S698L	benign	74.8	no
Q8TE82	T13A	benign	30.8	no
Q8TE82	V1313I	benign	70.8	no
Q8TE96	M315T	benign	84.3	no
Q8TE96	R213Q	benign	95.0	no
Q8TE96	R257Q	benign	88.5	no
Q8TE96	R306Q	benign	74.6	no
Q8TET4	D129G	benign	77.8	no
Q8TET4	E660K	benign	97.7	no
Q8TET4	E88K	benign	93.3	no
Q8TET4	I166V	benign	76.6	no
Q8TET4	T42A	benign	83.8	no
Q8TET4	T626A	benign	97.8	no
Q8TET4	Y259H	benign	93.9	no
Q8TF20	K116R	benign	72.4	no
Q8WTU2	A27T	benign	33.8	no
Q8WTU2	L180P	benign	51.8	no
Q8WTU2	N477S	benign	94.8	no
Q8WTU2	P574L	benign	75.4	no
Q8WTU2	Q573R	benign	89.4	no
Q8WU76	P383L	pathogenic	95.8	no
Q8WU76	S108N	benign	94.7	no
Q8WU76	V592I	benign	88.8	no
Q8WUS8	G174S	benign	78.1	no
Q8WUS8	V100I	benign	98.7	no
Q8WUS8	V64I	benign	98.2	no
Q8WW62	V84I	benign	96.0	no
Q8WXF5	E101K	benign	92.6	no
Q8WXQ8	L32W	benign	54.1	no
Q8WXQ8	R185Q	benign	74.8	no
Q8WXQ8	V16M	benign	48.5	no
Q8WXS4	G77D	benign	85.1	no
Q8WXS4	R18H	benign	60.3	no
Q8WZ92	H9R	benign	43.2	no
Q8WZ92	I25V	benign	73.6	no
Q96A99	A433V	benign	98.1	no
Q96A99	P187L	benign	49.8	no
Q96A99	R138Q	benign	95.3	no
Q96A99	R174W	benign	78.0	no
Q96A99	R476H	benign	88.1	no
Q96A99	R476L	benign	88.1	no
Q96A99	R77Q	benign	93.6	no
Q96A99	R92Q	benign	95.0	no
Q96A99	T120M	benign	94.1	no
Q96A99	T450A	benign	93.5	no
Q96A99	V274I	benign	95.1	no
Q96A99	V72I	benign	86.6	no
Q96BX8	K154Q	benign	97.9	no
Q96CS4	P9S	benign	44.3	no
Q96CS4	S19G	benign	38.4	no
Q96FB5	R353Q	benign	94.9	no
Q96FB5	V78I	benign	83.1	no
Q96ID5	A234T	benign	37.9	no
Q96ID5	R245H	benign	34.9	no
Q96ID5	R248H	benign	36.3	no
Q96ID5	R291H	benign	95.8	no
Q96ID5	T379M	benign	97.1	no
Q96IR2	F58V	benign	23.3	no
Q96IR2	I320V	benign	66.4	no
Q96IR2	R430H	benign	82.2	no
Q96IR2	R79S	benign	27.6	no
Q96IR2	S146L	benign	30.7	no
Q96IR2	Y226C	benign	58.0	no
Q96MI9	D34H	benign	89.9	no
Q96MI9	D617N	benign	97.9	no
Q96MI9	D760E	benign	95.7	no
Q96MI9	E819D	benign	95.6	no
Q96MI9	E976Q	benign	94.1	no
Q96MI9	G193R	benign	95.6	no
Q96MI9	L368V	benign	41.7	no
Q96MI9	M478I	benign	28.4	yes
Q96MI9	M547I	benign	89.2	no
Q96MI9	M977I	benign	92.9	no
Q96MI9	N1096S	benign	43.8	no
Q96MI9	N937S	benign	87.2	no
Q96MI9	P269L	benign	89.3	no
Q96MI9	P386L	benign	35.7	no
Q96MI9	P542S	benign	77.6	no
Q96MI9	Q365E	benign	41.2	no
Q96MI9	R158H	benign	87.1	no
Q96MI9	R595Q	benign	94.2	no
Q96MI9	R696C	benign	85.9	no
Q96MI9	R79W	benign	93.3	no
Q96MI9	S808T	benign	97.8	no
Q96MI9	S858R	benign	94.2	no
Q96MI9	S870N	benign	93.8	no
Q96MI9	V208M	benign	92.3	no
Q96MI9	V470I	benign	48.7	no
Q96MT1	A643V	benign	22.9	no
Q96MT1	N629S	benign	23.9	no
Q96ND8	R203K	benign	31.5	no
Q96ND8	S112G	benign	25.4	no
Q96ND8	V205I	benign	34.8	no
Q96ND8	V47L	benign	72.6	no
Q96ND8	V49I	benign	71.8	no
Q96NU0	A1160V	benign	92.9	no
Q96NU0	A1208V	benign	32.0	no
Q96NU0	D281N	benign	75.2	no
Q96NU0	D777A	benign	83.4	no
Q96NU0	E1022K	benign	43.6	no
Q96NU0	E561A	benign	95.2	no
Q96NU0	E775K	benign	74.8	no
Q96NU0	G248D	benign	50.4	no
Q96NU0	G496D	benign	63.4	no
Q96NU0	N441D	benign	86.0	no
Q96NU0	P638S	benign	83.3	no
Q96NU0	R414H	benign	65.5	no
Q96NU0	R970H	benign	90.4	no
Q96NU0	S33A	benign	94.6	no
Q96NU0	S361T	benign	92.6	no
Q96NU0	S438P	benign	74.8	no
Q96NU0	T1092A	benign	91.6	no
Q96NU0	V1230A	benign	24.2	no
Q96NU0	V343I	benign	94.2	no
Q96P15	L256V	benign	92.8	no
Q96P15	M361I	benign	67.5	no
Q96P15	T114M	benign	94.1	no
Q96P15	T378I	benign	91.6	no
Q96R08	R259Q	benign	54.9	no
Q96R08	S110N	benign	96.4	yes
Q96R08	T161I	benign	93.9	no
Q96R27	Q131R	benign	95.0	no
Q96R30	H55Q	benign	87.8	no
Q96R30	H55R	benign	87.8	no
Q96R30	N78I	benign	84.2	no
Q96R30	T23P	benign	77.6	no
Q96SM3	D106N	benign	27.0	no
Q96SM3	H45R	benign	34.8	no
Q96SM3	L44P	benign	36.2	no
Q96SM3	N301D	benign	98.1	no
Q96SM3	N684S	benign	97.3	no
Q96SM3	P17L	benign	31.6	no
Q96SM3	R129Q	benign	96.5	no
Q96SM3	R213Q	benign	93.9	no
Q96SM3	S289L	benign	57.0	no
Q96SM3	V558L	benign	91.3	no
Q96SM3	V558M	benign	91.3	no
Q9BQP9	D132N	benign	72.1	no
Q9BQP9	D166N	benign	95.7	no
Q9BQP9	G83S	benign	32.2	no
Q9BQP9	H234Y	benign	55.0	no
Q9BQP9	L76M	benign	38.4	no
Q9BQP9	M203L	benign	92.1	no
Q9BQP9	P201L	benign	93.8	no
Q9BQP9	P253S	benign	40.0	no
Q9BQP9	V136I	benign	89.5	no
Q9BQR3	K278E	benign	95.2	no
Q9BQR3	M103V	benign	97.9	no
Q9BQR3	P8L	benign	45.6	no
Q9BQR3	R274Q	benign	98.3	no
Q9BQR3	S17T	benign	47.8	no
Q9BQR3	T119M	benign	85.9	no
Q9BQS2	D145E	benign	76.4	no
Q9BQS2	N346S	benign	93.1	no
Q9BQS2	R203C	benign	91.1	no
Q9BQS2	R306Q	benign	88.0	no
Q9BQS2	R57Q	benign	23.9	no
Q9BQS2	T82S	benign	41.1	no
Q9BQS2	V232I	benign	96.9	no
Q9BR11	H50Y	benign	72.6	yes
Q9BXJ2	I118V	benign	79.8	no
Q9BXJ2	T78A	benign	49.9	no
Q9BXM9	I28V	benign	59.7	no
Q9BXM9	I33V	benign	76.6	no
Q9BXM9	N121S	benign	93.8	no
Q9BXM9	R350Q	pathogenic	31.6	no
Q9BXT4	A1047E	benign	88.6	no
Q9BXT4	A543T	benign	83.0	no
Q9BXT4	I942V	benign	90.2	no
Q9BXT4	K309E	benign	55.9	no
Q9BXT4	N88K	benign	35.7	no
Q9BXT4	R812Q	benign	90.2	no
Q9BXT4	R986Q	benign	58.0	no
Q9BXT4	S296Y	pathogenic	87.7	no
Q9BXT4	S815P	benign	89.9	no
Q9BXT4	S951N	benign	85.8	no
Q9BXT4	T658M	benign	79.1	no
Q9BXT4	Y1138C	benign	40.7	no
Q9BXU1	A547T	benign	55.1	no
Q9BXU1	C1006Y	benign	39.0	no
Q9BXU1	D381N	benign	63.1	no
Q9BXU1	I334T	benign	90.6	no
Q9BXU1	M548I	benign	56.0	no
Q9BXU1	M548V	benign	56.0	no
Q9BXU1	N53S	benign	83.1	no
Q9BXU1	P659H	benign	75.6	no
Q9BXU1	R385C	benign	64.4	no
Q9BXU1	R522H	benign	89.8	no
Q9BXU1	R747C	benign	87.9	no
Q9BXU1	S541P	benign	57.5	no
Q9BXU1	T1000M	benign	42.6	no
Q9BXU1	T13A	benign	27.5	no
Q9BXU1	T251A	benign	22.0	no
Q9BXU1	V476A	benign	91.1	no
Q9BYG7	R43Q	benign	56.1	no
Q9BYG7	S218N	benign	40.0	no
Q9BYG7	V116I	benign	96.8	no
Q9BYS8	L117M	benign	90.2	no
Q9BYS8	P318L	benign	36.2	no
Q9BYS8	R337C	benign	79.0	no
Q9BYS8	Y178S	benign	95.8	no
Q9BZ76	E1112A	benign	93.1	no
Q9BZ76	I204V	benign	63.7	no
Q9BZ76	M1010I	benign	93.8	no
Q9BZ76	R1050G	benign	94.4	no
Q9BZ76	R1050Q	benign	94.4	no
Q9BZ76	R205K	benign	80.1	no
Q9BZ76	R326H	benign	77.5	no
Q9BZ76	R413Q	benign	74.5	no
Q9BZ76	R689L	benign	45.4	no
Q9BZ76	S1122N	benign	77.7	no
Q9BZ76	T282M	benign	74.8	no
Q9BZ76	V207I	benign	92.2	no
Q9C0B6	V289I	benign	89.3	no
Q9C0B7	I157V	benign	89.8	no
Q9C0B7	P915L	benign	87.9	no
Q9C0B7	R111H	benign	87.6	no
Q9C0B7	R372K	benign	91.2	no
Q9C0B7	R574Q	benign	89.1	no
Q9C0B7	R639Q	benign	83.5	no
Q9C0B7	V378I	benign	94.2	no
Q9C0B7	V759I	benign	81.7	no
Q9GZM6	V165M	benign	93.8	no
Q9GZN6	A130T	benign	91.3	no
Q9GZN6	G693R	benign	37.7	no
Q9GZN6	H632R	benign	88.9	no
Q9GZN6	I244M	benign	89.3	no
Q9GZN6	I521V	benign	95.6	no
Q9GZN6	L157V	benign	97.4	no
Q9GZN6	M697I	benign	52.0	no
Q9GZN6	R239Q	benign	86.1	no
Q9GZN6	R40W	benign	23.4	no
Q9GZN6	T241A	benign	84.8	no
Q9GZN6	V154I	benign	97.2	no
Q9GZN6	V357I	benign	97.3	no
Q9GZN6	V576I	benign	96.1	no
Q9GZN6	V578I	benign	96.1	no
Q9GZN6	V579I	benign	95.4	no
Q9H091	A705T	benign	39.7	no
Q9H091	G432S	benign	49.4	no
Q9H091	R169Q	benign	36.3	no
Q9H091	R265Q	benign	88.6	no
Q9H091	R273Q	benign	87.6	no
Q9H091	R343Q	benign	95.9	no
Q9H091	R401H	benign	74.2	no
Q9H091	R41W	benign	68.2	no
Q9H091	R456Q	benign	78.8	no
Q9H091	S563G	benign	45.7	no
Q9H1F0	T5A	benign	67.4	no
Q9H209	H132R	benign	96.8	no
Q9H209	L246F	benign	93.4	no
Q9H209	R304Q	benign	83.6	no
Q9H209	T34I	benign	92.1	no
Q9H210	H50Q	benign	91.4	no
Q9H210	S151G	benign	96.2	no
Q9H2C5	A208T	benign	92.4	no
Q9H341	K322R	benign	54.0	no
Q9H341	R247H	benign	92.9	no
Q9H341	R66H	benign	91.5	no
Q9H3R1	I283V	benign	98.2	no
Q9H3R1	R791H	benign	90.8	no
Q9H3R1	T53A	benign	28.3	no
Q9H3R1	T726A	benign	90.8	no
Q9H3V2	I103V	benign	94.5	no
Q9H3V2	T35S	benign	56.3	no
Q9H3Y0	M41V	benign	44.2	no
Q9H3Y0	N64S	benign	96.4	no
Q9H3Y0	P33L	benign	41.6	no
Q9H3Y0	R92Q	benign	95.7	no
Q9H4B8	N457S	benign	39.2	no
Q9H4B8	R458Q	benign	36.8	no
Q9H4B8	S13G	benign	67.5	no
Q9H4D0	D793V	benign	51.7	no
Q9H4D0	I306N	benign	73.5	no
Q9H4D0	R820Q	benign	22.5	no
Q9H4I8	A215T	benign	84.9	no
Q9H4I8	E258D	benign	73.1	no
Q9H4I8	H239R	benign	94.8	no
Q9H4I8	I224V	benign	88.2	no
Q9H4I8	Q276R	benign	93.6	no
Q9H4I8	S263L	benign	90.7	no
Q9H720	A626V	benign	97.8	no
Q9H720	E516Q	benign	97.9	no
Q9H720	I306V	benign	88.9	no
Q9H720	I53V	benign	96.6	no
Q9H720	I78V	benign	96.3	no
Q9H720	V206M	benign	98.3	no
Q9H720	V285M	benign	98.4	no
Q9H7M6	V345I	benign	84.2	no
Q9NRM2	N170S	benign	90.7	no
Q9NRM2	T379A	benign	82.4	no
Q9NV66	A518V	benign	97.7	no
Q9NV66	H632R	benign	96.6	no
Q9NV66	I450V	benign	98.4	no
Q9NV66	V67I	benign	37.2	no
Q9NXL2	E542D	benign	56.2	no
Q9NXL2	H195R	benign	92.4	no
Q9NXL2	S24P	benign	29.6	no
Q9NY57	T163A	benign	96.9	no
Q9NY57	V230A	benign	96.3	no
Q9NYT0	A23V	benign	95.0	no
Q9NYT0	T247M	benign	89.0	no
Q9P255	N129D	benign	52.1	no
Q9P255	N61H	benign	29.4	no
Q9P255	T132K	benign	52.8	no
Q9P255	V11L	benign	59.2	no
Q9UGF7	I199V	benign	85.8	no
Q9UH36	F74L	benign	96.1	no
Q9UH36	I66L	benign	98.3	no
Q9UH36	K19R	benign	38.3	no
Q9UH36	R314Q	benign	93.8	no
Q9UJ99	A782V	benign	47.4	no
Q9UJ99	V383M	benign	94.4	no
Q9UJH8	A291V	benign	88.1	no
Q9UJH8	G79S	benign	83.4	no
Q9UJH8	R241H	benign	88.9	no
Q9UJH8	R258H	benign	86.5	yes
Q9UJH8	R281H	benign	94.9	no
Q9UKQ9	E249D	benign	93.9	no
Q9UKQ9	H42Y	benign	96.6	no
Q9ULK6	C10R	benign	76.8	yes
Q9UN66	A152T	benign	94.1	no
Q9UN66	D287E	benign	90.1	no
Q9UN66	D296N	benign	96.2	no
Q9UN66	G327S	benign	85.6	no
Q9UN66	G569S	benign	61.0	no
Q9UN66	G682A	benign	38.2	no
Q9UN66	G759V	benign	34.5	no
Q9UN66	G793D	benign	31.7	no
Q9UN66	I339M	benign	95.2	no
Q9UN66	K646R	benign	94.1	no
Q9UN66	L55P	benign	80.8	no
Q9UN66	L713R	benign	71.7	no
Q9UN66	L767F	benign	31.3	no
Q9UN66	M139I	benign	92.9	no
Q9UN66	N48S	benign	88.6	no
Q9UN66	N749S	benign	31.6	no
Q9UN66	P679A	benign	36.7	no
Q9UN66	Q639H	benign	88.9	no
Q9UN66	R579W	benign	84.6	no
Q9UN66	S259G	benign	93.8	no
Q9UN66	S481A	benign	93.8	no
Q9UN66	S535A	benign	95.9	no
Q9UN66	T509A	benign	94.6	no
Q9UN66	V143I	benign	94.6	no
Q9UN75	A100V	benign	82.1	no
Q9UN75	A605S	benign	92.7	no
Q9UN75	H502R	benign	84.9	no
Q9UN75	H645Q	benign	84.1	no
Q9UN75	H71R	benign	68.4	no
Q9UN75	I190V	benign	77.0	no
Q9UN75	K486E	benign	92.4	no
Q9UN75	K94E	benign	88.6	no
Q9UN75	Q204P	benign	91.2	no
Q9UN75	R498W	benign	85.6	no
Q9UN75	R70G	benign	66.0	no
Q9UN75	V235M	benign	93.0	no
Q9Y2G4	A550T	benign	31.3	no
Q9Y2G4	A637T	benign	26.4	no
Q9Y2G4	I128V	benign	96.3	no
Q9Y2G4	M458L	benign	88.9	no
Q9Y2G4	P636L	benign	28.8	no
Q9Y2G4	Q122E	benign	96.5	no
Q9Y2G4	R722K	benign	88.4	no
Q9Y2G4	S639G	benign	29.8	no
Q9Y2G4	T233M	benign	87.4	no
Q9Y2G4	V213I	benign	95.6	no
Q9Y5F6	H573L	benign	51.2	no
Q9Y5F6	M140I	benign	93.8	no
Q9Y5F6	M80V	benign	80.4	no
Q9Y5F6	N175S	benign	91.4	no
Q9Y5F6	R222H	benign	94.5	no
Q9Y5F6	R73H	benign	87.0	no
Q9Y5F6	W571R	benign	54.8	yes
Q9Y5F7	A15V	benign	67.8	no
Q9Y5F7	D483E	pathogenic	96.2	no
Q9Y5F7	M795V	benign	40.9	no
Q9Y5F7	R623Q	benign	91.7	no
Q9Y5F7	V698L	benign	89.1	no
Q9Y5G1	R647C	benign	94.1	no
Q9Y5G1	S179F	benign	94.7	no
Q9Y5G1	Y600H	benign	91.1	no
Q9Y5G6	A313S	benign	92.5	no
Q9Y5G6	E729G	benign	33.6	no
Q9Y5G6	H535R	benign	94.7	no
Q9Y5G6	I267V	benign	91.8	no
Q9Y5G6	I356V	benign	92.8	no
Q9Y5G6	I487V	benign	95.1	no
Q9Y5G6	M291I	benign	88.5	no
Q9Y5G6	M743V	benign	28.5	no
Q9Y5G6	T699A	benign	88.3	no
Q9Y5G6	V207I	benign	94.6	no
Q9Y5G7	E744D	benign	29.2	no
Q9Y5G7	G399D	benign	80.8	no
Q9Y5G7	G737A	benign	33.6	no
Q9Y5G7	M155T	benign	74.2	no
Q9Y5G7	M735V	benign	31.4	no
Q9Y5G7	T760S	benign	37.2	no
Q9Y5G7	Y785C	benign	27.0	no
Q9Y5G8	D483N	benign	91.7	no
Q9Y5G8	G482S	benign	91.9	no
Q9Y5G8	H427R	benign	91.7	no
Q9Y5G8	I682T	benign	36.8	no
Q9Y5G8	L101P	benign	88.9	no
Q9Y5G8	L691F	benign	70.2	no
Q9Y5G8	M425T	benign	93.6	no
Q9Y5G8	R667S	benign	60.9	no
Q9Y5G8	S730G	benign	32.4	no
Q9Y5H2	A154P	benign	90.9	no
Q9Y5H2	G677V	benign	46.8	no
Q9Y5H2	I704V	benign	90.4	no
Q9Y5H2	L682P	benign	42.3	no
Q9Y5H2	M279V	benign	94.6	no
Q9Y5H2	N284S	benign	80.2	no
Q9Y5H2	R628H	benign	91.8	no
Q9Y5H3	A622S	benign	91.7	no
Q9Y5H3	F682L	benign	39.1	no
Q9Y5H3	G680S	benign	44.8	no
Q9Y5H3	I805V	benign	35.9	no
Q9Y5H3	Q674E	benign	55.6	yes
Q9Y5H3	R84L	benign	82.4	no
Q9Y5P0	I141V	benign	97.7	no
Q9Y5P0	R124C	benign	89.9	no
Q9Y5P0	S18L	benign	62.0	no
Q9Y644	I309V	benign	97.6	no
Q9Y644	P256S	benign	97.1	no
Q9Y644	P328L	benign	35.4	no
Q9Y644	R108H	benign	96.7	no
Q9Y644	R118H	benign	88.3	no
Q9Y644	T329I	benign	35.7	no
